seleccion,fecha,rival,marcador,resultado,tipo_partido
Algeria,2016-03-25,Ethiopia,Algeria 7.0-1.0 Ethiopia,Victoria,Eliminatoria
Algeria,2016-03-29,Ethiopia,Ethiopia 3.0-3.0 Algeria,Empate,Eliminatoria
Algeria,2016-06-02,Seychelles,Seychelles 0.0-2.0 Algeria,Victoria,Eliminatoria
Algeria,2016-09-04,Lesotho,Algeria 6.0-0.0 Lesotho,Victoria,Eliminatoria
Algeria,2016-10-09,Cameroon,Algeria 1.0-1.0 Cameroon,Empate,Oficial (torneo)
Algeria,2016-11-12,Nigeria,Nigeria 3.0-1.0 Algeria,Derrota,Oficial (torneo)
Algeria,2017-01-07,Mauritania,Algeria 3.0-1.0 Mauritania,Victoria,Amistoso
Algeria,2017-01-10,Mauritania,Algeria 6.0-0.0 Mauritania,Victoria,Amistoso
Algeria,2017-01-15,Zimbabwe,Algeria 2.0-2.0 Zimbabwe,Empate,Otro / revisar
Algeria,2017-01-19,Tunisia,Algeria 1.0-2.0 Tunisia,Derrota,Otro / revisar
Algeria,2017-01-23,Senegal,Senegal 2.0-2.0 Algeria,Empate,Otro / revisar
Algeria,2017-06-06,Guinea,Algeria 2.0-1.0 Guinea,Victoria,Amistoso
Algeria,2017-06-11,Togo,Algeria 1.0-0.0 Togo,Victoria,Eliminatoria
Algeria,2017-09-02,Zambia,Zambia 3.0-1.0 Algeria,Derrota,Oficial (torneo)
Algeria,2017-09-05,Zambia,Algeria 0.0-1.0 Zambia,Derrota,Oficial (torneo)
Algeria,2017-10-07,Cameroon,Cameroon 2.0-0.0 Algeria,Derrota,Oficial (torneo)
Algeria,2017-11-10,Nigeria,Algeria 3.0-0.0 Nigeria,Victoria,Oficial (torneo)
Algeria,2017-11-14,Central African Republic,Algeria 3.0-0.0 Central African Republic,Victoria,Amistoso
Algeria,2018-03-22,Tanzania,Algeria 4.0-1.0 Tanzania,Victoria,Amistoso
Algeria,2018-03-27,Iran,Algeria 1.0-2.0 Iran,Derrota,Amistoso
Algeria,2018-05-09,Saudi Arabia,Algeria 0.0-2.0 Saudi Arabia,Derrota,Amistoso
Algeria,2018-06-01,Cape Verde,Algeria 2.0-3.0 Cape Verde,Derrota,Amistoso
Algeria,2018-06-07,Portugal,Portugal 3.0-0.0 Algeria,Derrota,Amistoso
Algeria,2018-09-08,Gambia,Gambia 1.0-1.0 Algeria,Empate,Eliminatoria
Algeria,2018-10-12,Benin,Algeria 2.0-0.0 Benin,Victoria,Eliminatoria
Algeria,2018-10-16,Benin,Benin 1.0-0.0 Algeria,Derrota,Eliminatoria
Algeria,2018-11-18,Togo,Togo 1.0-4.0 Algeria,Victoria,Eliminatoria
Algeria,2018-12-27,Qatar,Qatar 0.0-1.0 Algeria,Victoria,Amistoso
Algeria,2019-03-22,Gambia,Algeria 1.0-1.0 Gambia,Empate,Eliminatoria
Algeria,2019-03-26,Tunisia,Algeria 1.0-0.0 Tunisia,Victoria,Amistoso
Algeria,2019-06-11,Burundi,Algeria 1.0-1.0 Burundi,Empate,Amistoso
Algeria,2019-06-16,Mali,Algeria 3.0-2.0 Mali,Victoria,Amistoso
Algeria,2019-06-23,Kenya,Algeria 2.0-0.0 Kenya,Victoria,Otro / revisar
Algeria,2019-06-27,Senegal,Senegal 0.0-1.0 Algeria,Victoria,Otro / revisar
Algeria,2019-07-01,Tanzania,Tanzania 0.0-3.0 Algeria,Victoria,Otro / revisar
Algeria,2019-07-07,Guinea,Algeria 3.0-0.0 Guinea,Victoria,Otro / revisar
Algeria,2019-07-11,Ivory Coast,Ivory Coast 1.0-1.0 Algeria,Empate,Otro / revisar
Algeria,2019-07-14,Nigeria,Algeria 2.0-1.0 Nigeria,Victoria,Otro / revisar
Algeria,2019-07-19,Senegal,Senegal 0.0-1.0 Algeria,Victoria,Otro / revisar
Algeria,2019-09-09,Benin,Algeria 1.0-0.0 Benin,Victoria,Amistoso
Algeria,2019-10-10,DR Congo,Algeria 1.0-1.0 DR Congo,Empate,Amistoso
Algeria,2019-10-15,Colombia,Algeria 3.0-0.0 Colombia,Victoria,Amistoso
Algeria,2019-11-14,Zambia,Algeria 5.0-0.0 Zambia,Victoria,Eliminatoria
Algeria,2019-11-18,Botswana,Botswana 0.0-1.0 Algeria,Victoria,Eliminatoria
Algeria,2020-10-09,Nigeria,Nigeria 0.0-1.0 Algeria,Victoria,Amistoso
Algeria,2020-10-13,Mexico,Mexico 2.0-2.0 Algeria,Empate,Amistoso
Algeria,2020-11-12,Zimbabwe,Algeria 3.0-1.0 Zimbabwe,Victoria,Eliminatoria
Algeria,2020-11-16,Zimbabwe,Zimbabwe 2.0-2.0 Algeria,Empate,Eliminatoria
Algeria,2021-03-25,Zambia,Zambia 3.0-3.0 Algeria,Empate,Eliminatoria
Algeria,2021-03-29,Botswana,Algeria 5.0-0.0 Botswana,Victoria,Eliminatoria
Algeria,2021-06-03,Mauritania,Algeria 4.0-1.0 Mauritania,Victoria,Amistoso
Algeria,2021-06-06,Mali,Algeria 1.0-0.0 Mali,Victoria,Amistoso
Algeria,2021-06-11,Tunisia,Tunisia 0.0-2.0 Algeria,Victoria,Amistoso
Algeria,2021-06-17,Liberia,Algeria 5.0-1.0 Liberia,Victoria,Amistoso
Algeria,2021-09-02,Djibouti,Algeria 8.0-0.0 Djibouti,Victoria,Oficial (torneo)
Algeria,2021-09-07,Burkina Faso,Burkina Faso 1.0-1.0 Algeria,Empate,Oficial (torneo)
Algeria,2021-10-08,Niger,Algeria 6.0-1.0 Niger,Victoria,Oficial (torneo)
Algeria,2021-10-12,Niger,Niger 0.0-4.0 Algeria,Victoria,Oficial (torneo)
Algeria,2021-11-12,Djibouti,Djibouti 0.0-4.0 Algeria,Victoria,Oficial (torneo)
Algeria,2021-11-16,Burkina Faso,Algeria 2.0-2.0 Burkina Faso,Empate,Oficial (torneo)
Algeria,2021-12-01,Sudan,Algeria 4.0-0.0 Sudan,Victoria,Otro / revisar
Algeria,2021-12-04,Lebanon,Lebanon 0.0-2.0 Algeria,Victoria,Otro / revisar
Algeria,2021-12-07,Egypt,Algeria 1.0-1.0 Egypt,Empate,Otro / revisar
Algeria,2021-12-11,Morocco,Morocco 2.0-2.0 Algeria,Empate,Otro / revisar
Algeria,2021-12-15,Qatar,Qatar 1.0-2.0 Algeria,Victoria,Otro / revisar
Algeria,2021-12-18,Tunisia,Tunisia 0.0-2.0 Algeria,Victoria,Otro / revisar
Algeria,2022-01-05,Ghana,Algeria 3.0-0.0 Ghana,Victoria,Amistoso
Algeria,2022-01-11,Sierra Leone,Algeria 0.0-0.0 Sierra Leone,Empate,Otro / revisar
Algeria,2022-01-16,Equatorial Guinea,Algeria 0.0-1.0 Equatorial Guinea,Derrota,Otro / revisar
Algeria,2022-01-20,Ivory Coast,Ivory Coast 3.0-1.0 Algeria,Derrota,Otro / revisar
Algeria,2022-03-25,Cameroon,Cameroon 0.0-1.0 Algeria,Victoria,Oficial (torneo)
Algeria,2022-03-29,Cameroon,Algeria 1.0-2.0 Cameroon,Derrota,Oficial (torneo)
Algeria,2022-06-04,Uganda,Algeria 2.0-0.0 Uganda,Victoria,Eliminatoria
Algeria,2022-06-08,Tanzania,Tanzania 0.0-2.0 Algeria,Victoria,Eliminatoria
Algeria,2022-06-12,Iran,Iran 1.0-2.0 Algeria,Victoria,Amistoso
Algeria,2022-09-23,Guinea,Algeria 1.0-0.0 Guinea,Victoria,Amistoso
Algeria,2022-09-27,Nigeria,Algeria 2.0-1.0 Nigeria,Victoria,Amistoso
Algeria,2022-11-13,Syria,Syria 0.0-1.0 Algeria,Victoria,Amistoso
Algeria,2022-11-16,Mali,Algeria 1.0-1.0 Mali,Empate,Amistoso
Algeria,2022-11-19,Sweden,Sweden 2.0-0.0 Algeria,Derrota,Amistoso
Algeria,2023-03-23,Niger,Algeria 2.0-1.0 Niger,Victoria,Eliminatoria
Algeria,2023-03-27,Niger,Niger 0.0-1.0 Algeria,Victoria,Eliminatoria
Algeria,2023-06-18,Uganda,Uganda 1.0-2.0 Algeria,Victoria,Eliminatoria
Algeria,2023-06-20,Tunisia,Algeria 1.0-1.0 Tunisia,Empate,Amistoso
Algeria,2023-09-07,Tanzania,Algeria 0.0-0.0 Tanzania,Empate,Eliminatoria
Algeria,2023-09-12,Senegal,Senegal 0.0-1.0 Algeria,Victoria,Amistoso
Algeria,2023-10-12,Cape Verde,Algeria 5.0-1.0 Cape Verde,Victoria,Amistoso
Algeria,2023-10-16,Egypt,Algeria 1.0-1.0 Egypt,Empate,Amistoso
Algeria,2023-11-16,Somalia,Algeria 3.0-1.0 Somalia,Victoria,Oficial (torneo)
Algeria,2023-11-19,Mozambique,Mozambique 0.0-2.0 Algeria,Victoria,Oficial (torneo)
Algeria,2024-01-05,Togo,Togo 0.0-3.0 Algeria,Victoria,Amistoso
Algeria,2024-01-09,Burundi,Burundi 0.0-4.0 Algeria,Victoria,Amistoso
Algeria,2024-01-15,Angola,Algeria 1.0-1.0 Angola,Empate,Otro / revisar
Algeria,2024-01-20,Burkina Faso,Algeria 2.0-2.0 Burkina Faso,Empate,Otro / revisar
Algeria,2024-01-23,Mauritania,Mauritania 1.0-0.0 Algeria,Derrota,Otro / revisar
Algeria,2024-03-22,Bolivia,Algeria 3.0-2.0 Bolivia,Victoria,Otro / revisar
Algeria,2024-03-26,South Africa,Algeria 3.0-3.0 South Africa,Empate,Otro / revisar
Algeria,2024-06-06,Guinea,Algeria 1.0-2.0 Guinea,Derrota,Oficial (torneo)
Algeria,2024-06-10,Uganda,Uganda 1.0-2.0 Algeria,Victoria,Oficial (torneo)
Algeria,2024-09-05,Equatorial Guinea,Algeria 2.0-0.0 Equatorial Guinea,Victoria,Eliminatoria
Algeria,2024-09-10,Liberia,Liberia 0.0-3.0 Algeria,Victoria,Eliminatoria
Algeria,2024-10-10,Togo,Algeria 5.0-1.0 Togo,Victoria,Eliminatoria
Algeria,2024-10-14,Togo,Togo 0.0-1.0 Algeria,Victoria,Eliminatoria
Algeria,2024-11-14,Equatorial Guinea,Equatorial Guinea 0.0-0.0 Algeria,Empate,Eliminatoria
Algeria,2024-11-17,Liberia,Algeria 5.0-1.0 Liberia,Victoria,Eliminatoria
Algeria,2025-03-21,Botswana,Botswana 1.0-3.0 Algeria,Victoria,Oficial (torneo)
Algeria,2025-03-25,Mozambique,Algeria 5.0-1.0 Mozambique,Victoria,Oficial (torneo)
Algeria,2025-06-05,Rwanda,Algeria 2.0-0.0 Rwanda,Victoria,Amistoso
Algeria,2025-06-09,Rwanda,Algeria 2.0-0.0 Rwanda,Victoria,Amistoso
Algeria,2025-06-10,Sweden,Sweden 4.0-3.0 Algeria,Derrota,Amistoso
Algeria,2025-09-04,Botswana,Algeria 3.0-1.0 Botswana,Victoria,Oficial (torneo)
Algeria,2025-09-08,Guinea,Guinea 0.0-0.0 Algeria,Empate,Oficial (torneo)
Algeria,2025-10-09,Somalia,Algeria 3.0-0.0 Somalia,Victoria,Oficial (torneo)
Algeria,2025-10-14,Uganda,Algeria 2.0-1.0 Uganda,Victoria,Oficial (torneo)
Algeria,2025-11-13,Zimbabwe,Algeria 3.0-1.0 Zimbabwe,Victoria,Amistoso
Algeria,2025-11-18,Saudi Arabia,Saudi Arabia 0.0-2.0 Algeria,Victoria,Amistoso
Algeria,2025-12-03,Sudan,Algeria 0.0-0.0 Sudan,Empate,Otro / revisar
Algeria,2025-12-06,Bahrain,Bahrain 1.0-5.0 Algeria,Victoria,Otro / revisar
Algeria,2025-12-09,Iraq,Algeria 2.0-0.0 Iraq,Victoria,Otro / revisar
Algeria,2025-12-12,United Arab Emirates,Algeria 1.0-1.0 United Arab Emirates,Empate,Otro / revisar
Algeria,2025-12-24,Sudan,Algeria 3.0-0.0 Sudan,Victoria,Otro / revisar
Algeria,2025-12-28,Burkina Faso,Algeria 1.0-0.0 Burkina Faso,Victoria,Otro / revisar
Algeria,2025-12-31,Equatorial Guinea,Equatorial Guinea 1.0-3.0 Algeria,Victoria,Otro / revisar
Algeria,2026-01-06,DR Congo,Algeria 1.0-0.0 DR Congo,Victoria,Otro / revisar
Algeria,2026-01-10,Nigeria,Algeria 0.0-2.0 Nigeria,Derrota,Otro / revisar
Algeria,2026-03-27,Guatemala,Algeria 7.0-0.0 Guatemala,Victoria,Amistoso
Algeria,2026-03-31,Uruguay,Algeria 0.0-0.0 Uruguay,Empate,Amistoso
Algeria,2026-06-03,Netherlands,Netherlands 0.0-1.0 Algeria,Victoria,Amistoso
Algeria,2026-06-10,Bolivia,Bolivia 0.0-4.0 Algeria,Victoria,Amistoso
Argentina,2016-03-24,Chile,Chile 1.0-2.0 Argentina,Victoria,Oficial (torneo)
Argentina,2016-03-29,Bolivia,Argentina 2.0-0.0 Bolivia,Victoria,Oficial (torneo)
Argentina,2016-06-06,Chile,Argentina 2.0-1.0 Chile,Victoria,Otro / revisar
Argentina,2016-06-10,Panama,Argentina 5.0-0.0 Panama,Victoria,Otro / revisar
Argentina,2016-06-14,Bolivia,Argentina 3.0-0.0 Bolivia,Victoria,Otro / revisar
Argentina,2016-06-18,Venezuela,Argentina 4.0-1.0 Venezuela,Victoria,Otro / revisar
Argentina,2016-06-21,United States,United States 0.0-4.0 Argentina,Victoria,Otro / revisar
Argentina,2016-06-26,Chile,Argentina 0.0-0.0 Chile,Empate,Otro / revisar
Argentina,2016-09-01,Uruguay,Argentina 1.0-0.0 Uruguay,Victoria,Oficial (torneo)
Argentina,2016-09-06,Venezuela,Venezuela 2.0-2.0 Argentina,Empate,Oficial (torneo)
Argentina,2016-10-06,Peru,Peru 2.0-2.0 Argentina,Empate,Oficial (torneo)
Argentina,2016-10-11,Paraguay,Argentina 0.0-1.0 Paraguay,Derrota,Oficial (torneo)
Argentina,2016-11-10,Brazil,Brazil 3.0-0.0 Argentina,Derrota,Oficial (torneo)
Argentina,2016-11-15,Colombia,Argentina 3.0-0.0 Colombia,Victoria,Oficial (torneo)
Argentina,2017-03-23,Chile,Argentina 1.0-0.0 Chile,Victoria,Oficial (torneo)
Argentina,2017-03-28,Bolivia,Bolivia 2.0-0.0 Argentina,Derrota,Oficial (torneo)
Argentina,2017-06-09,Brazil,Argentina 1.0-0.0 Brazil,Victoria,Otro / revisar
Argentina,2017-06-13,Singapore,Singapore 0.0-6.0 Argentina,Victoria,Amistoso
Argentina,2017-08-31,Uruguay,Uruguay 0.0-0.0 Argentina,Empate,Oficial (torneo)
Argentina,2017-09-05,Venezuela,Argentina 1.0-1.0 Venezuela,Empate,Oficial (torneo)
Argentina,2017-10-05,Peru,Argentina 0.0-0.0 Peru,Empate,Oficial (torneo)
Argentina,2017-10-10,Ecuador,Ecuador 1.0-3.0 Argentina,Victoria,Oficial (torneo)
Argentina,2017-11-11,Russia,Russia 0.0-1.0 Argentina,Victoria,Amistoso
Argentina,2017-11-14,Nigeria,Argentina 2.0-4.0 Nigeria,Derrota,Amistoso
Argentina,2018-03-23,Italy,Italy 0.0-2.0 Argentina,Victoria,Amistoso
Argentina,2018-03-27,Spain,Spain 6.0-1.0 Argentina,Derrota,Amistoso
Argentina,2018-05-29,Haiti,Argentina 4.0-0.0 Haiti,Victoria,Amistoso
Argentina,2018-06-16,Iceland,Argentina 1.0-1.0 Iceland,Empate,Oficial (torneo)
Argentina,2018-06-21,Croatia,Argentina 0.0-3.0 Croatia,Derrota,Oficial (torneo)
Argentina,2018-06-26,Nigeria,Nigeria 1.0-2.0 Argentina,Victoria,Oficial (torneo)
Argentina,2018-06-30,France,France 4.0-3.0 Argentina,Derrota,Oficial (torneo)
Argentina,2018-09-07,Guatemala,Argentina 3.0-0.0 Guatemala,Victoria,Amistoso
Argentina,2018-09-11,Colombia,Colombia 0.0-0.0 Argentina,Empate,Amistoso
Argentina,2018-10-11,Iraq,Argentina 4.0-0.0 Iraq,Victoria,Amistoso
Argentina,2018-10-16,Brazil,Argentina 0.0-1.0 Brazil,Derrota,Otro / revisar
Argentina,2018-11-16,Mexico,Argentina 2.0-0.0 Mexico,Victoria,Amistoso
Argentina,2018-11-20,Mexico,Argentina 2.0-0.0 Mexico,Victoria,Amistoso
Argentina,2019-03-22,Venezuela,Argentina 1.0-3.0 Venezuela,Derrota,Amistoso
Argentina,2019-03-26,Morocco,Morocco 0.0-1.0 Argentina,Victoria,Amistoso
Argentina,2019-06-07,Nicaragua,Argentina 5.0-1.0 Nicaragua,Victoria,Amistoso
Argentina,2019-06-15,Colombia,Argentina 0.0-2.0 Colombia,Derrota,Otro / revisar
Argentina,2019-06-19,Paraguay,Argentina 1.0-1.0 Paraguay,Empate,Otro / revisar
Argentina,2019-06-23,Qatar,Qatar 0.0-2.0 Argentina,Victoria,Otro / revisar
Argentina,2019-06-28,Venezuela,Venezuela 0.0-2.0 Argentina,Victoria,Otro / revisar
Argentina,2019-07-02,Brazil,Brazil 2.0-0.0 Argentina,Derrota,Otro / revisar
Argentina,2019-07-06,Chile,Argentina 2.0-1.0 Chile,Victoria,Otro / revisar
Argentina,2019-09-05,Chile,Argentina 0.0-0.0 Chile,Empate,Amistoso
Argentina,2019-09-10,Mexico,Argentina 4.0-0.0 Mexico,Victoria,Amistoso
Argentina,2019-10-09,Germany,Germany 2.0-2.0 Argentina,Empate,Amistoso
Argentina,2019-10-13,Ecuador,Ecuador 1.0-6.0 Argentina,Victoria,Amistoso
Argentina,2019-11-15,Brazil,Brazil 0.0-1.0 Argentina,Victoria,Otro / revisar
Argentina,2019-11-18,Uruguay,Argentina 2.0-2.0 Uruguay,Empate,Amistoso
Argentina,2020-10-08,Ecuador,Argentina 1.0-0.0 Ecuador,Victoria,Oficial (torneo)
Argentina,2020-10-13,Bolivia,Bolivia 1.0-2.0 Argentina,Victoria,Oficial (torneo)
Argentina,2020-11-12,Paraguay,Argentina 1.0-1.0 Paraguay,Empate,Oficial (torneo)
Argentina,2020-11-17,Peru,Peru 0.0-2.0 Argentina,Victoria,Oficial (torneo)
Argentina,2021-06-03,Chile,Argentina 1.0-1.0 Chile,Empate,Oficial (torneo)
Argentina,2021-06-08,Colombia,Colombia 2.0-2.0 Argentina,Empate,Oficial (torneo)
Argentina,2021-06-14,Chile,Argentina 1.0-1.0 Chile,Empate,Otro / revisar
Argentina,2021-06-18,Uruguay,Argentina 1.0-0.0 Uruguay,Victoria,Otro / revisar
Argentina,2021-06-21,Paraguay,Argentina 1.0-0.0 Paraguay,Victoria,Otro / revisar
Argentina,2021-06-28,Bolivia,Argentina 4.0-1.0 Bolivia,Victoria,Otro / revisar
Argentina,2021-07-03,Ecuador,Argentina 3.0-0.0 Ecuador,Victoria,Otro / revisar
Argentina,2021-07-06,Colombia,Argentina 1.0-1.0 Colombia,Empate,Otro / revisar
Argentina,2021-07-10,Brazil,Brazil 0.0-1.0 Argentina,Victoria,Otro / revisar
Argentina,2021-09-02,Venezuela,Venezuela 1.0-3.0 Argentina,Victoria,Oficial (torneo)
Argentina,2021-09-09,Bolivia,Argentina 3.0-0.0 Bolivia,Victoria,Oficial (torneo)
Argentina,2021-10-07,Paraguay,Paraguay 0.0-0.0 Argentina,Empate,Oficial (torneo)
Argentina,2021-10-10,Uruguay,Argentina 3.0-0.0 Uruguay,Victoria,Oficial (torneo)
Argentina,2021-10-14,Peru,Argentina 1.0-0.0 Peru,Victoria,Oficial (torneo)
Argentina,2021-11-12,Uruguay,Uruguay 0.0-1.0 Argentina,Victoria,Oficial (torneo)
Argentina,2021-11-16,Brazil,Argentina 0.0-0.0 Brazil,Empate,Oficial (torneo)
Argentina,2022-01-27,Chile,Chile 1.0-2.0 Argentina,Victoria,Oficial (torneo)
Argentina,2022-02-01,Colombia,Argentina 1.0-0.0 Colombia,Victoria,Oficial (torneo)
Argentina,2022-03-25,Venezuela,Argentina 3.0-0.0 Venezuela,Victoria,Oficial (torneo)
Argentina,2022-03-29,Ecuador,Ecuador 1.0-1.0 Argentina,Empate,Oficial (torneo)
Argentina,2022-06-01,Italy,Italy 0.0-3.0 Argentina,Victoria,Otro / revisar
Argentina,2022-06-05,Estonia,Argentina 5.0-0.0 Estonia,Victoria,Amistoso
Argentina,2022-09-23,Honduras,Argentina 3.0-0.0 Honduras,Victoria,Amistoso
Argentina,2022-09-27,Jamaica,Argentina 3.0-0.0 Jamaica,Victoria,Amistoso
Argentina,2022-11-16,United Arab Emirates,United Arab Emirates 0.0-5.0 Argentina,Victoria,Amistoso
Argentina,2022-11-22,Saudi Arabia,Argentina 1.0-2.0 Saudi Arabia,Derrota,Oficial (torneo)
Argentina,2022-11-26,Mexico,Argentina 2.0-0.0 Mexico,Victoria,Oficial (torneo)
Argentina,2022-11-30,Poland,Poland 0.0-2.0 Argentina,Victoria,Oficial (torneo)
Argentina,2022-12-03,Australia,Argentina 2.0-1.0 Australia,Victoria,Oficial (torneo)
Argentina,2022-12-09,Netherlands,Netherlands 2.0-2.0 Argentina,Empate,Oficial (torneo)
Argentina,2022-12-13,Croatia,Argentina 3.0-0.0 Croatia,Victoria,Oficial (torneo)
Argentina,2022-12-18,France,Argentina 3.0-3.0 France,Empate,Oficial (torneo)
Argentina,2023-03-23,Panama,Argentina 2.0-0.0 Panama,Victoria,Amistoso
Argentina,2023-03-28,Curaçao,Argentina 7.0-0.0 Curaçao,Victoria,Amistoso
Argentina,2023-06-15,Australia,Argentina 2.0-0.0 Australia,Victoria,Amistoso
Argentina,2023-06-19,Indonesia,Indonesia 0.0-2.0 Argentina,Victoria,Amistoso
Argentina,2023-09-07,Ecuador,Argentina 1.0-0.0 Ecuador,Victoria,Oficial (torneo)
Argentina,2023-09-12,Bolivia,Bolivia 0.0-3.0 Argentina,Victoria,Oficial (torneo)
Argentina,2023-10-12,Paraguay,Argentina 1.0-0.0 Paraguay,Victoria,Oficial (torneo)
Argentina,2023-10-17,Peru,Peru 0.0-2.0 Argentina,Victoria,Oficial (torneo)
Argentina,2023-11-16,Uruguay,Argentina 0.0-2.0 Uruguay,Derrota,Oficial (torneo)
Argentina,2023-11-21,Brazil,Brazil 0.0-1.0 Argentina,Victoria,Oficial (torneo)
Argentina,2024-03-22,El Salvador,Argentina 3.0-0.0 El Salvador,Victoria,Amistoso
Argentina,2024-03-26,Costa Rica,Argentina 3.0-1.0 Costa Rica,Victoria,Amistoso
Argentina,2024-06-09,Ecuador,Argentina 1.0-0.0 Ecuador,Victoria,Amistoso
Argentina,2024-06-14,Guatemala,Argentina 4.0-1.0 Guatemala,Victoria,Amistoso
Argentina,2024-06-20,Canada,Argentina 2.0-0.0 Canada,Victoria,Otro / revisar
Argentina,2024-06-25,Chile,Chile 0.0-1.0 Argentina,Victoria,Otro / revisar
Argentina,2024-06-29,Peru,Argentina 2.0-0.0 Peru,Victoria,Otro / revisar
Argentina,2024-07-04,Ecuador,Argentina 1.0-1.0 Ecuador,Empate,Otro / revisar
Argentina,2024-07-09,Canada,Argentina 2.0-0.0 Canada,Victoria,Otro / revisar
Argentina,2024-07-14,Colombia,Argentina 1.0-0.0 Colombia,Victoria,Otro / revisar
Argentina,2024-09-05,Chile,Argentina 3.0-0.0 Chile,Victoria,Oficial (torneo)
Argentina,2024-09-10,Colombia,Colombia 2.0-1.0 Argentina,Derrota,Oficial (torneo)
Argentina,2024-10-10,Venezuela,Venezuela 1.0-1.0 Argentina,Empate,Oficial (torneo)
Argentina,2024-10-15,Bolivia,Argentina 6.0-0.0 Bolivia,Victoria,Oficial (torneo)
Argentina,2024-11-14,Paraguay,Paraguay 2.0-1.0 Argentina,Derrota,Oficial (torneo)
Argentina,2024-11-19,Peru,Argentina 1.0-0.0 Peru,Victoria,Oficial (torneo)
Argentina,2025-03-21,Uruguay,Uruguay 0.0-1.0 Argentina,Victoria,Oficial (torneo)
Argentina,2025-03-25,Brazil,Argentina 4.0-1.0 Brazil,Victoria,Oficial (torneo)
Argentina,2025-06-05,Chile,Chile 0.0-1.0 Argentina,Victoria,Oficial (torneo)
Argentina,2025-06-10,Colombia,Argentina 1.0-1.0 Colombia,Empate,Oficial (torneo)
Argentina,2025-09-04,Venezuela,Argentina 3.0-0.0 Venezuela,Victoria,Oficial (torneo)
Argentina,2025-09-09,Ecuador,Ecuador 1.0-0.0 Argentina,Derrota,Oficial (torneo)
Argentina,2025-10-10,Venezuela,Argentina 1.0-0.0 Venezuela,Victoria,Amistoso
Argentina,2025-10-14,Puerto Rico,Puerto Rico 0.0-6.0 Argentina,Victoria,Amistoso
Argentina,2025-11-14,Angola,Angola 0.0-2.0 Argentina,Victoria,Amistoso
Argentina,2026-03-27,Mauritania,Argentina 2.0-1.0 Mauritania,Victoria,Amistoso
Argentina,2026-03-31,Zambia,Argentina 5.0-0.0 Zambia,Victoria,Amistoso
Argentina,2026-06-06,Honduras,Argentina 2.0-0.0 Honduras,Victoria,Amistoso
Argentina,2026-06-09,Iceland,Argentina 3.0-0.0 Iceland,Victoria,Amistoso
Australia,2016-03-24,Tajikistan,Australia 7.0-0.0 Tajikistan,Victoria,Oficial (torneo)
Australia,2016-03-29,Jordan,Australia 5.0-1.0 Jordan,Victoria,Oficial (torneo)
Australia,2016-05-27,England,England 2.0-1.0 Australia,Derrota,Amistoso
Australia,2016-06-04,Greece,Australia 1.0-0.0 Greece,Victoria,Amistoso
Australia,2016-06-07,Greece,Australia 1.0-2.0 Greece,Derrota,Amistoso
Australia,2016-09-01,Iraq,Australia 2.0-0.0 Iraq,Victoria,Oficial (torneo)
Australia,2016-09-06,United Arab Emirates,United Arab Emirates 0.0-1.0 Australia,Victoria,Oficial (torneo)
Australia,2016-10-06,Saudi Arabia,Saudi Arabia 2.0-2.0 Australia,Empate,Oficial (torneo)
Australia,2016-10-11,Japan,Australia 1.0-1.0 Japan,Empate,Oficial (torneo)
Australia,2016-11-15,Thailand,Thailand 2.0-2.0 Australia,Empate,Oficial (torneo)
Australia,2017-03-23,Iraq,Iraq 1.0-1.0 Australia,Empate,Oficial (torneo)
Australia,2017-03-28,United Arab Emirates,Australia 2.0-0.0 United Arab Emirates,Victoria,Oficial (torneo)
Australia,2017-06-08,Saudi Arabia,Australia 3.0-2.0 Saudi Arabia,Victoria,Oficial (torneo)
Australia,2017-06-13,Brazil,Australia 0.0-4.0 Brazil,Derrota,Amistoso
Australia,2017-06-19,Germany,Australia 2.0-3.0 Germany,Derrota,Otro / revisar
Australia,2017-06-22,Cameroon,Cameroon 1.0-1.0 Australia,Empate,Otro / revisar
Australia,2017-06-25,Chile,Chile 1.0-1.0 Australia,Empate,Otro / revisar
Australia,2017-08-31,Japan,Japan 2.0-0.0 Australia,Derrota,Oficial (torneo)
Australia,2017-09-05,Thailand,Australia 2.0-1.0 Thailand,Victoria,Oficial (torneo)
Australia,2017-10-05,Syria,Syria 1.0-1.0 Australia,Empate,Oficial (torneo)
Australia,2017-10-10,Syria,Australia 2.0-1.0 Syria,Victoria,Oficial (torneo)
Australia,2017-11-10,Honduras,Honduras 0.0-0.0 Australia,Empate,Oficial (torneo)
Australia,2017-11-15,Honduras,Australia 3.0-1.0 Honduras,Victoria,Oficial (torneo)
Australia,2018-03-23,Norway,Norway 4.0-1.0 Australia,Derrota,Amistoso
Australia,2018-03-27,Colombia,Australia 0.0-0.0 Colombia,Empate,Amistoso
Australia,2018-06-01,Czech Republic,Czech Republic 0.0-4.0 Australia,Victoria,Amistoso
Australia,2018-06-09,Hungary,Hungary 1.0-2.0 Australia,Victoria,Amistoso
Australia,2018-06-16,France,France 2.0-1.0 Australia,Derrota,Oficial (torneo)
Australia,2018-06-21,Denmark,Denmark 1.0-1.0 Australia,Empate,Oficial (torneo)
Australia,2018-06-26,Peru,Australia 0.0-2.0 Peru,Derrota,Oficial (torneo)
Australia,2018-10-15,Kuwait,Kuwait 0.0-4.0 Australia,Victoria,Amistoso
Australia,2018-11-17,South Korea,Australia 1.0-1.0 South Korea,Empate,Amistoso
Australia,2018-11-20,Lebanon,Australia 3.0-0.0 Lebanon,Victoria,Amistoso
Australia,2018-12-30,Oman,Australia 5.0-0.0 Oman,Victoria,Amistoso
Australia,2019-01-06,Jordan,Australia 0.0-1.0 Jordan,Derrota,Oficial (torneo)
Australia,2019-01-11,Palestine,Palestine 0.0-3.0 Australia,Victoria,Oficial (torneo)
Australia,2019-01-15,Syria,Australia 3.0-2.0 Syria,Victoria,Oficial (torneo)
Australia,2019-01-21,Uzbekistan,Australia 0.0-0.0 Uzbekistan,Empate,Oficial (torneo)
Australia,2019-01-25,United Arab Emirates,United Arab Emirates 1.0-0.0 Australia,Derrota,Oficial (torneo)
Australia,2019-06-07,South Korea,South Korea 1.0-0.0 Australia,Derrota,Amistoso
Australia,2019-09-10,Kuwait,Kuwait 0.0-3.0 Australia,Victoria,Oficial (torneo)
Australia,2019-10-10,Nepal,Australia 5.0-0.0 Nepal,Victoria,Oficial (torneo)
Australia,2019-10-15,Taiwan,Taiwan 1.0-7.0 Australia,Victoria,Oficial (torneo)
Australia,2019-11-14,Jordan,Jordan 0.0-1.0 Australia,Victoria,Oficial (torneo)
Australia,2021-06-03,Kuwait,Kuwait 0.0-3.0 Australia,Victoria,Oficial (torneo)
Australia,2021-06-07,Taiwan,Australia 5.0-1.0 Taiwan,Victoria,Oficial (torneo)
Australia,2021-06-11,Nepal,Nepal 0.0-3.0 Australia,Victoria,Oficial (torneo)
Australia,2021-06-15,Jordan,Australia 1.0-0.0 Jordan,Victoria,Oficial (torneo)
Australia,2021-09-02,China,Australia 3.0-0.0 China,Victoria,Oficial (torneo)
Australia,2021-09-07,Vietnam,Vietnam 0.0-1.0 Australia,Victoria,Oficial (torneo)
Australia,2021-10-07,Oman,Australia 3.0-1.0 Oman,Victoria,Oficial (torneo)
Australia,2021-10-12,Japan,Japan 2.0-1.0 Australia,Derrota,Oficial (torneo)
Australia,2021-11-11,Saudi Arabia,Australia 0.0-0.0 Saudi Arabia,Empate,Oficial (torneo)
Australia,2021-11-16,China,China 1.0-1.0 Australia,Empate,Oficial (torneo)
Australia,2022-01-27,Vietnam,Australia 4.0-0.0 Vietnam,Victoria,Oficial (torneo)
Australia,2022-02-01,Oman,Oman 2.0-2.0 Australia,Empate,Oficial (torneo)
Australia,2022-03-24,Japan,Australia 0.0-2.0 Japan,Derrota,Oficial (torneo)
Australia,2022-03-29,Saudi Arabia,Saudi Arabia 1.0-0.0 Australia,Derrota,Oficial (torneo)
Australia,2022-06-01,Jordan,Australia 2.0-1.0 Jordan,Victoria,Amistoso
Australia,2022-06-07,United Arab Emirates,United Arab Emirates 1.0-2.0 Australia,Victoria,Oficial (torneo)
Australia,2022-06-13,Peru,Australia 0.0-0.0 Peru,Empate,Oficial (torneo)
Australia,2022-09-22,New Zealand,Australia 1.0-0.0 New Zealand,Victoria,Amistoso
Australia,2022-09-25,New Zealand,New Zealand 0.0-2.0 Australia,Victoria,Amistoso
Australia,2022-11-22,France,France 4.0-1.0 Australia,Derrota,Oficial (torneo)
Australia,2022-11-26,Tunisia,Tunisia 0.0-1.0 Australia,Victoria,Oficial (torneo)
Australia,2022-11-30,Denmark,Australia 1.0-0.0 Denmark,Victoria,Oficial (torneo)
Australia,2022-12-03,Argentina,Argentina 2.0-1.0 Australia,Derrota,Oficial (torneo)
Australia,2023-03-24,Ecuador,Australia 3.0-1.0 Ecuador,Victoria,Amistoso
Australia,2023-03-28,Ecuador,Australia 1.0-2.0 Ecuador,Derrota,Amistoso
Australia,2023-06-15,Argentina,Argentina 2.0-0.0 Australia,Derrota,Amistoso
Australia,2023-09-09,Mexico,Mexico 2.0-2.0 Australia,Empate,Amistoso
Australia,2023-10-13,England,England 1.0-0.0 Australia,Derrota,Amistoso
Australia,2023-10-17,New Zealand,Australia 2.0-0.0 New Zealand,Victoria,Otro / revisar
Australia,2023-11-16,Bangladesh,Australia 7.0-0.0 Bangladesh,Victoria,Oficial (torneo)
Australia,2023-11-21,Palestine,Palestine 0.0-1.0 Australia,Victoria,Oficial (torneo)
Australia,2024-01-06,Bahrain,Bahrain 0.0-2.0 Australia,Victoria,Amistoso
Australia,2024-01-13,India,Australia 2.0-0.0 India,Victoria,Oficial (torneo)
Australia,2024-01-18,Syria,Syria 0.0-1.0 Australia,Victoria,Oficial (torneo)
Australia,2024-01-23,Uzbekistan,Australia 1.0-1.0 Uzbekistan,Empate,Oficial (torneo)
Australia,2024-01-28,Indonesia,Australia 4.0-0.0 Indonesia,Victoria,Oficial (torneo)
Australia,2024-02-02,South Korea,Australia 1.0-2.0 South Korea,Derrota,Oficial (torneo)
Australia,2024-03-21,Lebanon,Australia 2.0-0.0 Lebanon,Victoria,Oficial (torneo)
Australia,2024-03-26,Lebanon,Australia 5.0-0.0 Lebanon,Victoria,Oficial (torneo)
Australia,2024-06-06,Bangladesh,Bangladesh 0.0-2.0 Australia,Victoria,Oficial (torneo)
Australia,2024-06-11,Palestine,Australia 5.0-0.0 Palestine,Victoria,Oficial (torneo)
Australia,2024-09-05,Bahrain,Australia 0.0-1.0 Bahrain,Derrota,Oficial (torneo)
Australia,2024-09-10,Indonesia,Indonesia 0.0-0.0 Australia,Empate,Oficial (torneo)
Australia,2024-10-10,China,Australia 3.0-1.0 China,Victoria,Oficial (torneo)
Australia,2024-10-15,Japan,Japan 1.0-1.0 Australia,Empate,Oficial (torneo)
Australia,2024-11-14,Saudi Arabia,Australia 0.0-0.0 Saudi Arabia,Empate,Oficial (torneo)
Australia,2024-11-19,Bahrain,Bahrain 2.0-2.0 Australia,Empate,Oficial (torneo)
Australia,2025-03-20,Indonesia,Australia 5.0-1.0 Indonesia,Victoria,Oficial (torneo)
Australia,2025-03-25,China,China 0.0-2.0 Australia,Victoria,Oficial (torneo)
Australia,2025-06-05,Japan,Australia 1.0-0.0 Japan,Victoria,Oficial (torneo)
Australia,2025-06-10,Saudi Arabia,Saudi Arabia 1.0-2.0 Australia,Victoria,Oficial (torneo)
Australia,2025-09-05,New Zealand,Australia 1.0-0.0 New Zealand,Victoria,Otro / revisar
Australia,2025-09-09,New Zealand,New Zealand 1.0-3.0 Australia,Victoria,Otro / revisar
Australia,2025-10-10,Canada,Canada 0.0-1.0 Australia,Victoria,Amistoso
Australia,2025-10-14,United States,United States 2.0-1.0 Australia,Derrota,Amistoso
Australia,2025-11-14,Venezuela,Australia 0.0-1.0 Venezuela,Derrota,Amistoso
Australia,2025-11-18,Colombia,Colombia 3.0-0.0 Australia,Derrota,Amistoso
Australia,2026-03-27,Cameroon,Australia 1.0-0.0 Cameroon,Victoria,Otro / revisar
Australia,2026-03-31,Curaçao,Australia 5.0-1.0 Curaçao,Victoria,Otro / revisar
Australia,2026-05-30,Mexico,Mexico 1.0-0.0 Australia,Derrota,Amistoso
Australia,2026-06-06,Switzerland,Australia 1.0-1.0 Switzerland,Empate,Amistoso
Austria,2016-03-26,Albania,Austria 2.0-1.0 Albania,Victoria,Amistoso
Austria,2016-03-29,Turkey,Austria 1.0-2.0 Turkey,Derrota,Amistoso
Austria,2016-05-31,Malta,Austria 2.0-1.0 Malta,Victoria,Amistoso
Austria,2016-06-04,Netherlands,Austria 0.0-2.0 Netherlands,Derrota,Amistoso
Austria,2016-06-14,Hungary,Austria 0.0-2.0 Hungary,Derrota,Oficial (torneo)
Austria,2016-06-18,Portugal,Portugal 0.0-0.0 Austria,Empate,Oficial (torneo)
Austria,2016-06-22,Iceland,Iceland 2.0-1.0 Austria,Derrota,Oficial (torneo)
Austria,2016-09-05,Georgia,Georgia 1.0-2.0 Austria,Victoria,Oficial (torneo)
Austria,2016-10-06,Wales,Austria 2.0-2.0 Wales,Empate,Oficial (torneo)
Austria,2016-10-09,Serbia,Serbia 3.0-2.0 Austria,Derrota,Oficial (torneo)
Austria,2016-11-12,Republic of Ireland,Austria 0.0-1.0 Republic of Ireland,Derrota,Oficial (torneo)
Austria,2016-11-15,Slovakia,Austria 0.0-0.0 Slovakia,Empate,Amistoso
Austria,2017-03-24,Moldova,Austria 2.0-0.0 Moldova,Victoria,Oficial (torneo)
Austria,2017-03-28,Finland,Austria 1.0-1.0 Finland,Empate,Amistoso
Austria,2017-06-11,Republic of Ireland,Republic of Ireland 1.0-1.0 Austria,Empate,Oficial (torneo)
Austria,2017-09-02,Wales,Wales 1.0-0.0 Austria,Derrota,Oficial (torneo)
Austria,2017-09-05,Georgia,Austria 1.0-1.0 Georgia,Empate,Oficial (torneo)
Austria,2017-10-06,Serbia,Austria 3.0-2.0 Serbia,Victoria,Oficial (torneo)
Austria,2017-10-09,Moldova,Moldova 0.0-1.0 Austria,Victoria,Oficial (torneo)
Austria,2017-11-14,Uruguay,Austria 2.0-1.0 Uruguay,Victoria,Amistoso
Austria,2018-03-23,Slovenia,Austria 3.0-0.0 Slovenia,Victoria,Amistoso
Austria,2018-03-27,Luxembourg,Luxembourg 0.0-4.0 Austria,Victoria,Amistoso
Austria,2018-05-30,Russia,Austria 1.0-0.0 Russia,Victoria,Amistoso
Austria,2018-06-02,Germany,Austria 2.0-1.0 Germany,Victoria,Amistoso
Austria,2018-06-10,Brazil,Austria 0.0-3.0 Brazil,Derrota,Amistoso
Austria,2018-09-06,Sweden,Austria 2.0-0.0 Sweden,Victoria,Amistoso
Austria,2018-09-11,Bosnia and Herzegovina,Bosnia and Herzegovina 1.0-0.0 Austria,Derrota,Oficial (torneo)
Austria,2018-10-12,Northern Ireland,Austria 1.0-0.0 Northern Ireland,Victoria,Oficial (torneo)
Austria,2018-10-16,Denmark,Denmark 2.0-0.0 Austria,Derrota,Amistoso
Austria,2018-11-15,Bosnia and Herzegovina,Austria 0.0-0.0 Bosnia and Herzegovina,Empate,Oficial (torneo)
Austria,2018-11-18,Northern Ireland,Northern Ireland 1.0-2.0 Austria,Victoria,Oficial (torneo)
Austria,2019-03-21,Poland,Austria 0.0-1.0 Poland,Derrota,Oficial (torneo)
Austria,2019-03-24,Israel,Israel 4.0-2.0 Austria,Derrota,Oficial (torneo)
Austria,2019-06-07,Slovenia,Austria 1.0-0.0 Slovenia,Victoria,Oficial (torneo)
Austria,2019-06-10,North Macedonia,North Macedonia 1.0-4.0 Austria,Victoria,Oficial (torneo)
Austria,2019-09-06,Latvia,Austria 6.0-0.0 Latvia,Victoria,Oficial (torneo)
Austria,2019-09-09,Poland,Poland 0.0-0.0 Austria,Empate,Oficial (torneo)
Austria,2019-10-10,Israel,Austria 3.0-1.0 Israel,Victoria,Oficial (torneo)
Austria,2019-10-13,Slovenia,Slovenia 0.0-1.0 Austria,Victoria,Oficial (torneo)
Austria,2019-11-16,North Macedonia,Austria 2.0-1.0 North Macedonia,Victoria,Oficial (torneo)
Austria,2019-11-19,Latvia,Latvia 1.0-0.0 Austria,Derrota,Oficial (torneo)
Austria,2020-09-04,Norway,Norway 1.0-2.0 Austria,Victoria,Oficial (torneo)
Austria,2020-09-07,Romania,Austria 2.0-3.0 Romania,Derrota,Oficial (torneo)
Austria,2020-10-07,Greece,Austria 2.0-1.0 Greece,Victoria,Amistoso
Austria,2020-10-11,Northern Ireland,Northern Ireland 0.0-1.0 Austria,Victoria,Oficial (torneo)
Austria,2020-10-14,Romania,Romania 0.0-1.0 Austria,Victoria,Oficial (torneo)
Austria,2020-11-11,Luxembourg,Luxembourg 0.0-3.0 Austria,Victoria,Amistoso
Austria,2020-11-15,Northern Ireland,Austria 2.0-1.0 Northern Ireland,Victoria,Oficial (torneo)
Austria,2020-11-18,Norway,Austria 1.0-1.0 Norway,Empate,Oficial (torneo)
Austria,2021-03-25,Scotland,Scotland 2.0-2.0 Austria,Empate,Oficial (torneo)
Austria,2021-03-28,Faroe Islands,Austria 3.0-1.0 Faroe Islands,Victoria,Oficial (torneo)
Austria,2021-03-31,Denmark,Austria 0.0-4.0 Denmark,Derrota,Oficial (torneo)
Austria,2021-06-02,England,England 1.0-0.0 Austria,Derrota,Amistoso
Austria,2021-06-06,Slovakia,Austria 0.0-0.0 Slovakia,Empate,Amistoso
Austria,2021-06-13,North Macedonia,Austria 3.0-1.0 North Macedonia,Victoria,Oficial (torneo)
Austria,2021-06-17,Netherlands,Netherlands 2.0-0.0 Austria,Derrota,Oficial (torneo)
Austria,2021-06-21,Ukraine,Ukraine 0.0-1.0 Austria,Victoria,Oficial (torneo)
Austria,2021-06-26,Italy,Italy 2.0-1.0 Austria,Derrota,Oficial (torneo)
Austria,2021-09-01,Moldova,Moldova 0.0-2.0 Austria,Victoria,Oficial (torneo)
Austria,2021-09-04,Israel,Israel 5.0-2.0 Austria,Derrota,Oficial (torneo)
Austria,2021-09-07,Scotland,Austria 0.0-1.0 Scotland,Derrota,Oficial (torneo)
Austria,2021-10-09,Faroe Islands,Faroe Islands 0.0-2.0 Austria,Victoria,Oficial (torneo)
Austria,2021-10-12,Denmark,Denmark 1.0-0.0 Austria,Derrota,Oficial (torneo)
Austria,2021-11-12,Israel,Austria 4.0-2.0 Israel,Victoria,Oficial (torneo)
Austria,2021-11-15,Moldova,Austria 4.0-1.0 Moldova,Victoria,Oficial (torneo)
Austria,2022-03-24,Wales,Wales 2.0-1.0 Austria,Derrota,Oficial (torneo)
Austria,2022-03-29,Scotland,Austria 2.0-2.0 Scotland,Empate,Amistoso
Austria,2022-06-03,Croatia,Croatia 0.0-3.0 Austria,Victoria,Oficial (torneo)
Austria,2022-06-06,Denmark,Austria 1.0-2.0 Denmark,Derrota,Oficial (torneo)
Austria,2022-06-10,France,Austria 1.0-1.0 France,Empate,Oficial (torneo)
Austria,2022-06-13,Denmark,Denmark 2.0-0.0 Austria,Derrota,Oficial (torneo)
Austria,2022-09-22,France,France 2.0-0.0 Austria,Derrota,Oficial (torneo)
Austria,2022-09-25,Croatia,Austria 1.0-3.0 Croatia,Derrota,Oficial (torneo)
Austria,2022-11-16,Andorra,Andorra 0.0-1.0 Austria,Victoria,Amistoso
Austria,2022-11-20,Italy,Austria 2.0-0.0 Italy,Victoria,Amistoso
Austria,2023-03-24,Azerbaijan,Austria 4.0-1.0 Azerbaijan,Victoria,Oficial (torneo)
Austria,2023-03-27,Estonia,Austria 2.0-1.0 Estonia,Victoria,Oficial (torneo)
Austria,2023-06-17,Belgium,Belgium 1.0-1.0 Austria,Empate,Oficial (torneo)
Austria,2023-06-20,Sweden,Austria 2.0-0.0 Sweden,Victoria,Oficial (torneo)
Austria,2023-09-07,Moldova,Austria 1.0-1.0 Moldova,Empate,Amistoso
Austria,2023-09-12,Sweden,Sweden 1.0-3.0 Austria,Victoria,Oficial (torneo)
Austria,2023-10-13,Belgium,Austria 2.0-3.0 Belgium,Derrota,Oficial (torneo)
Austria,2023-10-16,Azerbaijan,Azerbaijan 0.0-1.0 Austria,Victoria,Oficial (torneo)
Austria,2023-11-16,Estonia,Estonia 0.0-2.0 Austria,Victoria,Oficial (torneo)
Austria,2023-11-21,Germany,Austria 2.0-0.0 Germany,Victoria,Amistoso
Austria,2024-03-23,Slovakia,Slovakia 0.0-2.0 Austria,Victoria,Amistoso
Austria,2024-03-26,Turkey,Austria 6.0-1.0 Turkey,Victoria,Amistoso
Austria,2024-06-04,Serbia,Austria 2.0-1.0 Serbia,Victoria,Amistoso
Austria,2024-06-08,Switzerland,Switzerland 1.0-1.0 Austria,Empate,Amistoso
Austria,2024-06-17,France,Austria 0.0-1.0 France,Derrota,Oficial (torneo)
Austria,2024-06-21,Poland,Poland 1.0-3.0 Austria,Victoria,Oficial (torneo)
Austria,2024-06-25,Netherlands,Netherlands 2.0-3.0 Austria,Victoria,Oficial (torneo)
Austria,2024-07-02,Turkey,Austria 1.0-2.0 Turkey,Derrota,Oficial (torneo)
Austria,2024-09-06,Slovenia,Slovenia 1.0-1.0 Austria,Empate,Oficial (torneo)
Austria,2024-09-09,Norway,Norway 2.0-1.0 Austria,Derrota,Oficial (torneo)
Austria,2024-10-10,Kazakhstan,Austria 4.0-0.0 Kazakhstan,Victoria,Oficial (torneo)
Austria,2024-10-13,Norway,Austria 5.0-1.0 Norway,Victoria,Oficial (torneo)
Austria,2024-11-14,Kazakhstan,Kazakhstan 0.0-2.0 Austria,Victoria,Oficial (torneo)
Austria,2024-11-17,Slovenia,Austria 1.0-1.0 Slovenia,Empate,Oficial (torneo)
Austria,2025-03-20,Serbia,Austria 1.0-1.0 Serbia,Empate,Oficial (torneo)
Austria,2025-03-23,Serbia,Serbia 2.0-0.0 Austria,Derrota,Oficial (torneo)
Austria,2025-06-07,Romania,Austria 2.0-1.0 Romania,Victoria,Oficial (torneo)
Austria,2025-06-10,San Marino,San Marino 0.0-4.0 Austria,Victoria,Oficial (torneo)
Austria,2025-09-06,Cyprus,Austria 1.0-0.0 Cyprus,Victoria,Oficial (torneo)
Austria,2025-09-09,Bosnia and Herzegovina,Bosnia and Herzegovina 1.0-2.0 Austria,Victoria,Oficial (torneo)
Austria,2025-10-09,San Marino,Austria 10.0-0.0 San Marino,Victoria,Oficial (torneo)
Austria,2025-10-12,Romania,Romania 1.0-0.0 Austria,Derrota,Oficial (torneo)
Austria,2025-11-15,Cyprus,Cyprus 0.0-2.0 Austria,Victoria,Oficial (torneo)
Austria,2025-11-18,Bosnia and Herzegovina,Austria 1.0-1.0 Bosnia and Herzegovina,Empate,Oficial (torneo)
Austria,2026-03-27,Ghana,Austria 5.0-1.0 Ghana,Victoria,Amistoso
Austria,2026-03-31,South Korea,Austria 1.0-0.0 South Korea,Victoria,Amistoso
Austria,2026-06-01,Tunisia,Austria 1.0-0.0 Tunisia,Victoria,Amistoso
Belgium,2016-03-29,Portugal,Portugal 2.0-1.0 Belgium,Derrota,Amistoso
Belgium,2016-05-28,Switzerland,Switzerland 1.0-2.0 Belgium,Victoria,Amistoso
Belgium,2016-06-01,Finland,Belgium 1.0-1.0 Finland,Empate,Amistoso
Belgium,2016-06-05,Norway,Belgium 3.0-2.0 Norway,Victoria,Amistoso
Belgium,2016-06-13,Italy,Belgium 0.0-2.0 Italy,Derrota,Oficial (torneo)
Belgium,2016-06-18,Republic of Ireland,Belgium 3.0-0.0 Republic of Ireland,Victoria,Oficial (torneo)
Belgium,2016-06-22,Sweden,Sweden 0.0-1.0 Belgium,Victoria,Oficial (torneo)
Belgium,2016-06-26,Hungary,Hungary 0.0-4.0 Belgium,Victoria,Oficial (torneo)
Belgium,2016-07-01,Wales,Wales 3.0-1.0 Belgium,Derrota,Oficial (torneo)
Belgium,2016-09-01,Spain,Belgium 0.0-2.0 Spain,Derrota,Amistoso
Belgium,2016-09-06,Cyprus,Cyprus 0.0-3.0 Belgium,Victoria,Oficial (torneo)
Belgium,2016-10-07,Bosnia and Herzegovina,Belgium 4.0-0.0 Bosnia and Herzegovina,Victoria,Oficial (torneo)
Belgium,2016-10-10,Gibraltar,Gibraltar 0.0-6.0 Belgium,Victoria,Oficial (torneo)
Belgium,2016-11-09,Netherlands,Netherlands 1.0-1.0 Belgium,Empate,Amistoso
Belgium,2016-11-13,Estonia,Belgium 8.0-1.0 Estonia,Victoria,Oficial (torneo)
Belgium,2017-03-25,Greece,Belgium 1.0-1.0 Greece,Empate,Oficial (torneo)
Belgium,2017-03-28,Russia,Russia 3.0-3.0 Belgium,Empate,Amistoso
Belgium,2017-06-05,Czech Republic,Belgium 2.0-1.0 Czech Republic,Victoria,Amistoso
Belgium,2017-06-09,Estonia,Estonia 0.0-2.0 Belgium,Victoria,Oficial (torneo)
Belgium,2017-08-31,Gibraltar,Belgium 9.0-0.0 Gibraltar,Victoria,Oficial (torneo)
Belgium,2017-09-03,Greece,Greece 1.0-2.0 Belgium,Victoria,Oficial (torneo)
Belgium,2017-10-07,Bosnia and Herzegovina,Bosnia and Herzegovina 3.0-4.0 Belgium,Victoria,Oficial (torneo)
Belgium,2017-10-10,Cyprus,Belgium 4.0-0.0 Cyprus,Victoria,Oficial (torneo)
Belgium,2017-11-10,Mexico,Belgium 3.0-3.0 Mexico,Empate,Amistoso
Belgium,2017-11-14,Japan,Belgium 1.0-0.0 Japan,Victoria,Amistoso
Belgium,2018-03-27,Saudi Arabia,Belgium 4.0-0.0 Saudi Arabia,Victoria,Amistoso
Belgium,2018-06-02,Portugal,Belgium 0.0-0.0 Portugal,Empate,Amistoso
Belgium,2018-06-06,Egypt,Belgium 3.0-0.0 Egypt,Victoria,Amistoso
Belgium,2018-06-11,Costa Rica,Belgium 4.0-1.0 Costa Rica,Victoria,Amistoso
Belgium,2018-06-18,Panama,Belgium 3.0-0.0 Panama,Victoria,Oficial (torneo)
Belgium,2018-06-23,Tunisia,Belgium 5.0-2.0 Tunisia,Victoria,Oficial (torneo)
Belgium,2018-06-28,England,England 0.0-1.0 Belgium,Victoria,Oficial (torneo)
Belgium,2018-07-02,Japan,Belgium 3.0-2.0 Japan,Victoria,Oficial (torneo)
Belgium,2018-07-06,Brazil,Brazil 1.0-2.0 Belgium,Victoria,Oficial (torneo)
Belgium,2018-07-10,France,France 1.0-0.0 Belgium,Derrota,Oficial (torneo)
Belgium,2018-07-14,England,Belgium 2.0-0.0 England,Victoria,Oficial (torneo)
Belgium,2018-09-07,Scotland,Scotland 0.0-4.0 Belgium,Victoria,Amistoso
Belgium,2018-09-11,Iceland,Iceland 0.0-3.0 Belgium,Victoria,Oficial (torneo)
Belgium,2018-10-12,Switzerland,Belgium 2.0-1.0 Switzerland,Victoria,Oficial (torneo)
Belgium,2018-10-16,Netherlands,Belgium 1.0-1.0 Netherlands,Empate,Amistoso
Belgium,2018-11-15,Iceland,Belgium 2.0-0.0 Iceland,Victoria,Oficial (torneo)
Belgium,2018-11-18,Switzerland,Switzerland 5.0-2.0 Belgium,Derrota,Oficial (torneo)
Belgium,2019-03-21,Russia,Belgium 3.0-1.0 Russia,Victoria,Oficial (torneo)
Belgium,2019-03-24,Cyprus,Cyprus 0.0-2.0 Belgium,Victoria,Oficial (torneo)
Belgium,2019-06-08,Kazakhstan,Belgium 3.0-0.0 Kazakhstan,Victoria,Oficial (torneo)
Belgium,2019-06-11,Scotland,Belgium 3.0-0.0 Scotland,Victoria,Oficial (torneo)
Belgium,2019-09-06,San Marino,San Marino 0.0-4.0 Belgium,Victoria,Oficial (torneo)
Belgium,2019-09-09,Scotland,Scotland 0.0-4.0 Belgium,Victoria,Oficial (torneo)
Belgium,2019-10-10,San Marino,Belgium 9.0-0.0 San Marino,Victoria,Oficial (torneo)
Belgium,2019-10-13,Kazakhstan,Kazakhstan 0.0-2.0 Belgium,Victoria,Oficial (torneo)
Belgium,2019-11-16,Russia,Russia 1.0-4.0 Belgium,Victoria,Oficial (torneo)
Belgium,2019-11-19,Cyprus,Belgium 6.0-1.0 Cyprus,Victoria,Oficial (torneo)
Belgium,2020-09-05,Denmark,Denmark 0.0-2.0 Belgium,Victoria,Oficial (torneo)
Belgium,2020-09-08,Iceland,Belgium 5.0-1.0 Iceland,Victoria,Oficial (torneo)
Belgium,2020-10-08,Ivory Coast,Belgium 1.0-1.0 Ivory Coast,Empate,Amistoso
Belgium,2020-10-11,England,England 2.0-1.0 Belgium,Derrota,Oficial (torneo)
Belgium,2020-10-14,Iceland,Iceland 1.0-2.0 Belgium,Victoria,Oficial (torneo)
Belgium,2020-11-11,Switzerland,Belgium 2.0-1.0 Switzerland,Victoria,Amistoso
Belgium,2020-11-15,England,Belgium 2.0-0.0 England,Victoria,Oficial (torneo)
Belgium,2020-11-18,Denmark,Belgium 4.0-2.0 Denmark,Victoria,Oficial (torneo)
Belgium,2021-03-24,Wales,Belgium 3.0-1.0 Wales,Victoria,Oficial (torneo)
Belgium,2021-03-27,Czech Republic,Czech Republic 1.0-1.0 Belgium,Empate,Oficial (torneo)
Belgium,2021-03-30,Belarus,Belgium 8.0-0.0 Belarus,Victoria,Oficial (torneo)
Belgium,2021-06-03,Greece,Belgium 1.0-1.0 Greece,Empate,Amistoso
Belgium,2021-06-06,Croatia,Belgium 1.0-0.0 Croatia,Victoria,Amistoso
Belgium,2021-06-12,Russia,Russia 0.0-3.0 Belgium,Victoria,Oficial (torneo)
Belgium,2021-06-17,Denmark,Denmark 1.0-2.0 Belgium,Victoria,Oficial (torneo)
Belgium,2021-06-21,Finland,Finland 0.0-2.0 Belgium,Victoria,Oficial (torneo)
Belgium,2021-06-27,Portugal,Belgium 1.0-0.0 Portugal,Victoria,Oficial (torneo)
Belgium,2021-07-02,Italy,Belgium 1.0-2.0 Italy,Derrota,Oficial (torneo)
Belgium,2021-09-02,Estonia,Estonia 2.0-5.0 Belgium,Victoria,Oficial (torneo)
Belgium,2021-09-05,Czech Republic,Belgium 3.0-0.0 Czech Republic,Victoria,Oficial (torneo)
Belgium,2021-09-08,Belarus,Belarus 0.0-1.0 Belgium,Victoria,Oficial (torneo)
Belgium,2021-10-07,France,Belgium 2.0-3.0 France,Derrota,Oficial (torneo)
Belgium,2021-10-10,Italy,Italy 2.0-1.0 Belgium,Derrota,Oficial (torneo)
Belgium,2021-11-13,Estonia,Belgium 3.0-1.0 Estonia,Victoria,Oficial (torneo)
Belgium,2021-11-16,Wales,Wales 1.0-1.0 Belgium,Empate,Oficial (torneo)
Belgium,2022-03-26,Republic of Ireland,Republic of Ireland 2.0-2.0 Belgium,Empate,Amistoso
Belgium,2022-03-29,Burkina Faso,Belgium 3.0-0.0 Burkina Faso,Victoria,Amistoso
Belgium,2022-06-03,Netherlands,Belgium 1.0-4.0 Netherlands,Derrota,Oficial (torneo)
Belgium,2022-06-08,Poland,Belgium 6.0-1.0 Poland,Victoria,Oficial (torneo)
Belgium,2022-06-11,Wales,Wales 1.0-1.0 Belgium,Empate,Oficial (torneo)
Belgium,2022-06-14,Poland,Poland 0.0-1.0 Belgium,Victoria,Oficial (torneo)
Belgium,2022-09-22,Wales,Belgium 2.0-1.0 Wales,Victoria,Oficial (torneo)
Belgium,2022-09-25,Netherlands,Netherlands 1.0-0.0 Belgium,Derrota,Oficial (torneo)
Belgium,2022-11-18,Egypt,Egypt 2.0-1.0 Belgium,Derrota,Amistoso
Belgium,2022-11-23,Canada,Belgium 1.0-0.0 Canada,Victoria,Oficial (torneo)
Belgium,2022-11-27,Morocco,Belgium 0.0-2.0 Morocco,Derrota,Oficial (torneo)
Belgium,2022-12-01,Croatia,Croatia 0.0-0.0 Belgium,Empate,Oficial (torneo)
Belgium,2023-03-24,Sweden,Sweden 0.0-3.0 Belgium,Victoria,Oficial (torneo)
Belgium,2023-03-28,Germany,Germany 2.0-3.0 Belgium,Victoria,Amistoso
Belgium,2023-06-17,Austria,Belgium 1.0-1.0 Austria,Empate,Oficial (torneo)
Belgium,2023-06-20,Estonia,Estonia 0.0-3.0 Belgium,Victoria,Oficial (torneo)
Belgium,2023-09-09,Azerbaijan,Azerbaijan 0.0-1.0 Belgium,Victoria,Oficial (torneo)
Belgium,2023-09-12,Estonia,Belgium 5.0-0.0 Estonia,Victoria,Oficial (torneo)
Belgium,2023-10-13,Austria,Austria 2.0-3.0 Belgium,Victoria,Oficial (torneo)
Belgium,2023-10-16,Sweden,Belgium 1.0-1.0 Sweden,Empate,Oficial (torneo)
Belgium,2023-11-15,Serbia,Belgium 1.0-0.0 Serbia,Victoria,Amistoso
Belgium,2023-11-19,Azerbaijan,Belgium 5.0-0.0 Azerbaijan,Victoria,Oficial (torneo)
Belgium,2024-03-23,Republic of Ireland,Republic of Ireland 0.0-0.0 Belgium,Empate,Amistoso
Belgium,2024-03-26,England,England 2.0-2.0 Belgium,Empate,Amistoso
Belgium,2024-06-05,Montenegro,Belgium 2.0-0.0 Montenegro,Victoria,Amistoso
Belgium,2024-06-08,Luxembourg,Belgium 3.0-0.0 Luxembourg,Victoria,Amistoso
Belgium,2024-06-17,Slovakia,Belgium 0.0-1.0 Slovakia,Derrota,Oficial (torneo)
Belgium,2024-06-22,Romania,Belgium 2.0-0.0 Romania,Victoria,Oficial (torneo)
Belgium,2024-06-26,Ukraine,Ukraine 0.0-0.0 Belgium,Empate,Oficial (torneo)
Belgium,2024-07-01,France,France 1.0-0.0 Belgium,Derrota,Oficial (torneo)
Belgium,2024-09-06,Israel,Belgium 3.0-1.0 Israel,Victoria,Oficial (torneo)
Belgium,2024-09-09,France,France 2.0-0.0 Belgium,Derrota,Oficial (torneo)
Belgium,2024-10-10,Italy,Italy 2.0-2.0 Belgium,Empate,Oficial (torneo)
Belgium,2024-10-14,France,Belgium 1.0-2.0 France,Derrota,Oficial (torneo)
Belgium,2024-11-14,Italy,Belgium 0.0-1.0 Italy,Derrota,Oficial (torneo)
Belgium,2024-11-17,Israel,Israel 1.0-0.0 Belgium,Derrota,Oficial (torneo)
Belgium,2025-03-20,Ukraine,Ukraine 3.0-1.0 Belgium,Derrota,Oficial (torneo)
Belgium,2025-03-23,Ukraine,Belgium 3.0-0.0 Ukraine,Victoria,Oficial (torneo)
Belgium,2025-06-06,North Macedonia,North Macedonia 1.0-1.0 Belgium,Empate,Oficial (torneo)
Belgium,2025-06-09,Wales,Belgium 4.0-3.0 Wales,Victoria,Oficial (torneo)
Belgium,2025-09-04,Liechtenstein,Liechtenstein 0.0-6.0 Belgium,Victoria,Oficial (torneo)
Belgium,2025-09-07,Kazakhstan,Belgium 6.0-0.0 Kazakhstan,Victoria,Oficial (torneo)
Belgium,2025-10-10,North Macedonia,Belgium 0.0-0.0 North Macedonia,Empate,Oficial (torneo)
Belgium,2025-10-13,Wales,Wales 2.0-4.0 Belgium,Victoria,Oficial (torneo)
Belgium,2025-11-15,Kazakhstan,Kazakhstan 1.0-1.0 Belgium,Empate,Oficial (torneo)
Belgium,2025-11-18,Liechtenstein,Belgium 7.0-0.0 Liechtenstein,Victoria,Oficial (torneo)
Belgium,2026-03-28,United States,United States 2.0-5.0 Belgium,Victoria,Amistoso
Belgium,2026-03-31,Mexico,Mexico 1.0-1.0 Belgium,Empate,Amistoso
Belgium,2026-06-02,Croatia,Croatia 0.0-2.0 Belgium,Victoria,Amistoso
Belgium,2026-06-06,Tunisia,Belgium 5.0-0.0 Tunisia,Victoria,Amistoso
Bosnia and Herzegovina,2016-03-25,Luxembourg,Luxembourg 0.0-3.0 Bosnia and Herzegovina,Victoria,Amistoso
Bosnia and Herzegovina,2016-03-29,Switzerland,Switzerland 0.0-2.0 Bosnia and Herzegovina,Victoria,Amistoso
Bosnia and Herzegovina,2016-05-29,Spain,Bosnia and Herzegovina 1.0-3.0 Spain,Derrota,Amistoso
Bosnia and Herzegovina,2016-06-03,Denmark,Bosnia and Herzegovina 2.0-2.0 Denmark,Empate,Otro / revisar
Bosnia and Herzegovina,2016-06-07,Japan,Japan 1.0-2.0 Bosnia and Herzegovina,Victoria,Otro / revisar
Bosnia and Herzegovina,2016-09-06,Estonia,Bosnia and Herzegovina 5.0-0.0 Estonia,Victoria,Oficial (torneo)
Bosnia and Herzegovina,2016-10-07,Belgium,Belgium 4.0-0.0 Bosnia and Herzegovina,Derrota,Oficial (torneo)
Bosnia and Herzegovina,2016-10-10,Cyprus,Bosnia and Herzegovina 2.0-0.0 Cyprus,Victoria,Oficial (torneo)
Bosnia and Herzegovina,2016-11-13,Greece,Greece 1.0-1.0 Bosnia and Herzegovina,Empate,Oficial (torneo)
Bosnia and Herzegovina,2017-03-25,Gibraltar,Bosnia and Herzegovina 5.0-0.0 Gibraltar,Victoria,Oficial (torneo)
Bosnia and Herzegovina,2017-03-28,Albania,Albania 1.0-2.0 Bosnia and Herzegovina,Victoria,Amistoso
Bosnia and Herzegovina,2017-06-09,Greece,Bosnia and Herzegovina 0.0-0.0 Greece,Empate,Oficial (torneo)
Bosnia and Herzegovina,2017-08-31,Cyprus,Cyprus 3.0-2.0 Bosnia and Herzegovina,Derrota,Oficial (torneo)
Bosnia and Herzegovina,2017-09-03,Gibraltar,Gibraltar 0.0-4.0 Bosnia and Herzegovina,Victoria,Oficial (torneo)
Bosnia and Herzegovina,2017-10-07,Belgium,Bosnia and Herzegovina 3.0-4.0 Belgium,Derrota,Oficial (torneo)
Bosnia and Herzegovina,2017-10-10,Estonia,Estonia 1.0-2.0 Bosnia and Herzegovina,Victoria,Oficial (torneo)
Bosnia and Herzegovina,2018-01-28,United States,United States 0.0-0.0 Bosnia and Herzegovina,Empate,Amistoso
Bosnia and Herzegovina,2018-01-31,Mexico,Mexico 1.0-0.0 Bosnia and Herzegovina,Derrota,Amistoso
Bosnia and Herzegovina,2018-03-23,Bulgaria,Bulgaria 0.0-1.0 Bosnia and Herzegovina,Victoria,Amistoso
Bosnia and Herzegovina,2018-03-27,Senegal,Bosnia and Herzegovina 0.0-0.0 Senegal,Empate,Amistoso
Bosnia and Herzegovina,2018-05-28,Montenegro,Bosnia and Herzegovina 0.0-0.0 Montenegro,Empate,Amistoso
Bosnia and Herzegovina,2018-06-01,South Korea,South Korea 1.0-3.0 Bosnia and Herzegovina,Victoria,Amistoso
Bosnia and Herzegovina,2018-09-08,Northern Ireland,Northern Ireland 1.0-2.0 Bosnia and Herzegovina,Victoria,Oficial (torneo)
Bosnia and Herzegovina,2018-09-11,Austria,Bosnia and Herzegovina 1.0-0.0 Austria,Victoria,Oficial (torneo)
Bosnia and Herzegovina,2018-10-11,Turkey,Turkey 0.0-0.0 Bosnia and Herzegovina,Empate,Amistoso
Bosnia and Herzegovina,2018-10-15,Northern Ireland,Bosnia and Herzegovina 2.0-0.0 Northern Ireland,Victoria,Oficial (torneo)
Bosnia and Herzegovina,2018-11-15,Austria,Austria 0.0-0.0 Bosnia and Herzegovina,Empate,Oficial (torneo)
Bosnia and Herzegovina,2018-11-18,Spain,Spain 1.0-0.0 Bosnia and Herzegovina,Derrota,Amistoso
Bosnia and Herzegovina,2019-03-23,Armenia,Bosnia and Herzegovina 2.0-1.0 Armenia,Victoria,Oficial (torneo)
Bosnia and Herzegovina,2019-03-26,Greece,Bosnia and Herzegovina 2.0-2.0 Greece,Empate,Oficial (torneo)
Bosnia and Herzegovina,2019-06-08,Finland,Finland 2.0-0.0 Bosnia and Herzegovina,Derrota,Oficial (torneo)
Bosnia and Herzegovina,2019-06-11,Italy,Italy 2.0-1.0 Bosnia and Herzegovina,Derrota,Oficial (torneo)
Bosnia and Herzegovina,2019-09-05,Liechtenstein,Bosnia and Herzegovina 5.0-0.0 Liechtenstein,Victoria,Oficial (torneo)
Bosnia and Herzegovina,2019-09-08,Armenia,Armenia 4.0-2.0 Bosnia and Herzegovina,Derrota,Oficial (torneo)
Bosnia and Herzegovina,2019-10-12,Finland,Bosnia and Herzegovina 4.0-1.0 Finland,Victoria,Oficial (torneo)
Bosnia and Herzegovina,2019-10-15,Greece,Greece 2.0-1.0 Bosnia and Herzegovina,Derrota,Oficial (torneo)
Bosnia and Herzegovina,2019-11-15,Italy,Bosnia and Herzegovina 0.0-3.0 Italy,Derrota,Oficial (torneo)
Bosnia and Herzegovina,2019-11-18,Liechtenstein,Liechtenstein 0.0-3.0 Bosnia and Herzegovina,Victoria,Oficial (torneo)
Bosnia and Herzegovina,2020-09-04,Italy,Italy 1.0-1.0 Bosnia and Herzegovina,Empate,Oficial (torneo)
Bosnia and Herzegovina,2020-09-07,Poland,Bosnia and Herzegovina 1.0-2.0 Poland,Derrota,Oficial (torneo)
Bosnia and Herzegovina,2020-10-08,Northern Ireland,Bosnia and Herzegovina 1.0-1.0 Northern Ireland,Empate,Oficial (torneo)
Bosnia and Herzegovina,2020-10-11,Netherlands,Bosnia and Herzegovina 0.0-0.0 Netherlands,Empate,Oficial (torneo)
Bosnia and Herzegovina,2020-10-14,Poland,Poland 3.0-0.0 Bosnia and Herzegovina,Derrota,Oficial (torneo)
Bosnia and Herzegovina,2020-11-12,Iran,Bosnia and Herzegovina 0.0-2.0 Iran,Derrota,Amistoso
Bosnia and Herzegovina,2020-11-15,Netherlands,Netherlands 3.0-1.0 Bosnia and Herzegovina,Derrota,Oficial (torneo)
Bosnia and Herzegovina,2020-11-18,Italy,Bosnia and Herzegovina 0.0-2.0 Italy,Derrota,Oficial (torneo)
Bosnia and Herzegovina,2021-03-24,Finland,Finland 2.0-2.0 Bosnia and Herzegovina,Empate,Oficial (torneo)
Bosnia and Herzegovina,2021-03-27,Costa Rica,Bosnia and Herzegovina 0.0-0.0 Costa Rica,Empate,Amistoso
Bosnia and Herzegovina,2021-03-31,France,Bosnia and Herzegovina 0.0-1.0 France,Derrota,Oficial (torneo)
Bosnia and Herzegovina,2021-06-02,Montenegro,Bosnia and Herzegovina 0.0-0.0 Montenegro,Empate,Amistoso
Bosnia and Herzegovina,2021-06-06,Denmark,Denmark 2.0-0.0 Bosnia and Herzegovina,Derrota,Amistoso
Bosnia and Herzegovina,2021-09-01,France,France 1.0-1.0 Bosnia and Herzegovina,Empate,Oficial (torneo)
Bosnia and Herzegovina,2021-09-04,Kuwait,Bosnia and Herzegovina 1.0-0.0 Kuwait,Victoria,Amistoso
Bosnia and Herzegovina,2021-09-07,Kazakhstan,Bosnia and Herzegovina 2.0-2.0 Kazakhstan,Empate,Oficial (torneo)
Bosnia and Herzegovina,2021-10-09,Kazakhstan,Kazakhstan 0.0-2.0 Bosnia and Herzegovina,Victoria,Oficial (torneo)
Bosnia and Herzegovina,2021-10-12,Ukraine,Ukraine 1.0-1.0 Bosnia and Herzegovina,Empate,Oficial (torneo)
Bosnia and Herzegovina,2021-11-13,Finland,Bosnia and Herzegovina 1.0-3.0 Finland,Derrota,Oficial (torneo)
Bosnia and Herzegovina,2021-11-16,Ukraine,Bosnia and Herzegovina 0.0-2.0 Ukraine,Derrota,Oficial (torneo)
Bosnia and Herzegovina,2021-12-18,United States,United States 1.0-0.0 Bosnia and Herzegovina,Derrota,Amistoso
Bosnia and Herzegovina,2022-03-25,Georgia,Bosnia and Herzegovina 0.0-1.0 Georgia,Derrota,Amistoso
Bosnia and Herzegovina,2022-03-29,Luxembourg,Bosnia and Herzegovina 1.0-0.0 Luxembourg,Victoria,Amistoso
Bosnia and Herzegovina,2022-06-04,Finland,Finland 1.0-1.0 Bosnia and Herzegovina,Empate,Oficial (torneo)
Bosnia and Herzegovina,2022-06-07,Romania,Bosnia and Herzegovina 1.0-0.0 Romania,Victoria,Oficial (torneo)
Bosnia and Herzegovina,2022-06-11,Montenegro,Montenegro 1.0-1.0 Bosnia and Herzegovina,Empate,Oficial (torneo)
Bosnia and Herzegovina,2022-06-14,Finland,Bosnia and Herzegovina 3.0-2.0 Finland,Victoria,Oficial (torneo)
Bosnia and Herzegovina,2022-09-23,Montenegro,Bosnia and Herzegovina 1.0-0.0 Montenegro,Victoria,Oficial (torneo)
Bosnia and Herzegovina,2022-09-26,Romania,Romania 4.0-1.0 Bosnia and Herzegovina,Derrota,Oficial (torneo)
Bosnia and Herzegovina,2023-03-23,Iceland,Bosnia and Herzegovina 3.0-0.0 Iceland,Victoria,Oficial (torneo)
Bosnia and Herzegovina,2023-03-26,Slovakia,Slovakia 2.0-0.0 Bosnia and Herzegovina,Derrota,Oficial (torneo)
Bosnia and Herzegovina,2023-06-17,Portugal,Portugal 3.0-0.0 Bosnia and Herzegovina,Derrota,Oficial (torneo)
Bosnia and Herzegovina,2023-06-20,Luxembourg,Bosnia and Herzegovina 0.0-2.0 Luxembourg,Derrota,Oficial (torneo)
Bosnia and Herzegovina,2023-09-08,Liechtenstein,Bosnia and Herzegovina 2.0-1.0 Liechtenstein,Victoria,Oficial (torneo)
Bosnia and Herzegovina,2023-09-11,Iceland,Iceland 1.0-0.0 Bosnia and Herzegovina,Derrota,Oficial (torneo)
Bosnia and Herzegovina,2023-10-13,Liechtenstein,Liechtenstein 0.0-2.0 Bosnia and Herzegovina,Victoria,Oficial (torneo)
Bosnia and Herzegovina,2023-10-16,Portugal,Bosnia and Herzegovina 0.0-5.0 Portugal,Derrota,Oficial (torneo)
Bosnia and Herzegovina,2023-11-16,Luxembourg,Luxembourg 4.0-1.0 Bosnia and Herzegovina,Derrota,Oficial (torneo)
Bosnia and Herzegovina,2023-11-19,Slovakia,Bosnia and Herzegovina 1.0-2.0 Slovakia,Derrota,Oficial (torneo)
Bosnia and Herzegovina,2024-03-21,Ukraine,Bosnia and Herzegovina 1.0-2.0 Ukraine,Derrota,Oficial (torneo)
Bosnia and Herzegovina,2024-06-03,England,England 3.0-0.0 Bosnia and Herzegovina,Derrota,Amistoso
Bosnia and Herzegovina,2024-06-09,Italy,Italy 1.0-0.0 Bosnia and Herzegovina,Derrota,Amistoso
Bosnia and Herzegovina,2024-09-07,Netherlands,Netherlands 5.0-2.0 Bosnia and Herzegovina,Derrota,Oficial (torneo)
Bosnia and Herzegovina,2024-09-10,Hungary,Hungary 0.0-0.0 Bosnia and Herzegovina,Empate,Oficial (torneo)
Bosnia and Herzegovina,2024-10-11,Germany,Bosnia and Herzegovina 1.0-2.0 Germany,Derrota,Oficial (torneo)
Bosnia and Herzegovina,2024-10-14,Hungary,Bosnia and Herzegovina 0.0-2.0 Hungary,Derrota,Oficial (torneo)
Bosnia and Herzegovina,2024-11-16,Germany,Germany 7.0-0.0 Bosnia and Herzegovina,Derrota,Oficial (torneo)
Bosnia and Herzegovina,2024-11-19,Netherlands,Bosnia and Herzegovina 1.0-1.0 Netherlands,Empate,Oficial (torneo)
Bosnia and Herzegovina,2025-03-21,Romania,Romania 0.0-1.0 Bosnia and Herzegovina,Victoria,Oficial (torneo)
Bosnia and Herzegovina,2025-03-24,Cyprus,Bosnia and Herzegovina 2.0-1.0 Cyprus,Victoria,Oficial (torneo)
Bosnia and Herzegovina,2025-06-07,San Marino,Bosnia and Herzegovina 1.0-0.0 San Marino,Victoria,Oficial (torneo)
Bosnia and Herzegovina,2025-06-10,Slovenia,Slovenia 2.0-1.0 Bosnia and Herzegovina,Derrota,Amistoso
Bosnia and Herzegovina,2025-09-06,San Marino,San Marino 0.0-6.0 Bosnia and Herzegovina,Victoria,Oficial (torneo)
Bosnia and Herzegovina,2025-09-09,Austria,Bosnia and Herzegovina 1.0-2.0 Austria,Derrota,Oficial (torneo)
Bosnia and Herzegovina,2025-10-09,Cyprus,Cyprus 2.0-2.0 Bosnia and Herzegovina,Empate,Oficial (torneo)
Bosnia and Herzegovina,2025-10-12,Malta,Malta 1.0-4.0 Bosnia and Herzegovina,Victoria,Amistoso
Bosnia and Herzegovina,2025-11-15,Romania,Bosnia and Herzegovina 3.0-1.0 Romania,Victoria,Oficial (torneo)
Bosnia and Herzegovina,2025-11-18,Austria,Austria 1.0-1.0 Bosnia and Herzegovina,Empate,Oficial (torneo)
Bosnia and Herzegovina,2026-03-26,Wales,Wales 1.0-1.0 Bosnia and Herzegovina,Empate,Oficial (torneo)
Bosnia and Herzegovina,2026-03-31,Italy,Bosnia and Herzegovina 1.0-1.0 Italy,Empate,Oficial (torneo)
Bosnia and Herzegovina,2026-05-29,North Macedonia,Bosnia and Herzegovina 0.0-0.0 North Macedonia,Empate,Amistoso
Bosnia and Herzegovina,2026-06-06,Panama,Panama 1.0-1.0 Bosnia and Herzegovina,Empate,Amistoso
Brazil,2016-03-25,Uruguay,Brazil 2.0-2.0 Uruguay,Empate,Oficial (torneo)
Brazil,2016-03-29,Paraguay,Paraguay 2.0-2.0 Brazil,Empate,Oficial (torneo)
Brazil,2016-06-04,Ecuador,Brazil 0.0-0.0 Ecuador,Empate,Otro / revisar
Brazil,2016-06-08,Haiti,Brazil 7.0-1.0 Haiti,Victoria,Otro / revisar
Brazil,2016-06-12,Peru,Brazil 0.0-1.0 Peru,Derrota,Otro / revisar
Brazil,2016-09-01,Ecuador,Ecuador 0.0-3.0 Brazil,Victoria,Oficial (torneo)
Brazil,2016-09-06,Colombia,Brazil 2.0-1.0 Colombia,Victoria,Oficial (torneo)
Brazil,2016-10-06,Bolivia,Brazil 5.0-0.0 Bolivia,Victoria,Oficial (torneo)
Brazil,2016-10-11,Venezuela,Venezuela 0.0-2.0 Brazil,Victoria,Oficial (torneo)
Brazil,2016-11-10,Argentina,Brazil 3.0-0.0 Argentina,Victoria,Oficial (torneo)
Brazil,2016-11-15,Peru,Peru 0.0-2.0 Brazil,Victoria,Oficial (torneo)
Brazil,2017-01-26,Colombia,Brazil 1.0-0.0 Colombia,Victoria,Amistoso
Brazil,2017-03-23,Uruguay,Uruguay 1.0-4.0 Brazil,Victoria,Oficial (torneo)
Brazil,2017-03-28,Paraguay,Brazil 3.0-0.0 Paraguay,Victoria,Oficial (torneo)
Brazil,2017-06-09,Argentina,Argentina 1.0-0.0 Brazil,Derrota,Otro / revisar
Brazil,2017-06-13,Australia,Australia 0.0-4.0 Brazil,Victoria,Amistoso
Brazil,2017-08-31,Ecuador,Brazil 2.0-0.0 Ecuador,Victoria,Oficial (torneo)
Brazil,2017-09-05,Colombia,Colombia 1.0-1.0 Brazil,Empate,Oficial (torneo)
Brazil,2017-10-05,Bolivia,Bolivia 0.0-0.0 Brazil,Empate,Oficial (torneo)
Brazil,2017-10-10,Chile,Brazil 3.0-0.0 Chile,Victoria,Oficial (torneo)
Brazil,2017-11-10,Japan,Japan 1.0-3.0 Brazil,Victoria,Amistoso
Brazil,2017-11-14,England,England 0.0-0.0 Brazil,Empate,Amistoso
Brazil,2018-03-23,Russia,Russia 0.0-3.0 Brazil,Victoria,Amistoso
Brazil,2018-03-27,Germany,Germany 0.0-1.0 Brazil,Victoria,Amistoso
Brazil,2018-06-03,Croatia,Croatia 0.0-2.0 Brazil,Victoria,Amistoso
Brazil,2018-06-10,Austria,Austria 0.0-3.0 Brazil,Victoria,Amistoso
Brazil,2018-06-17,Switzerland,Brazil 1.0-1.0 Switzerland,Empate,Oficial (torneo)
Brazil,2018-06-22,Costa Rica,Brazil 2.0-0.0 Costa Rica,Victoria,Oficial (torneo)
Brazil,2018-06-27,Serbia,Serbia 0.0-2.0 Brazil,Victoria,Oficial (torneo)
Brazil,2018-07-02,Mexico,Brazil 2.0-0.0 Mexico,Victoria,Oficial (torneo)
Brazil,2018-07-06,Belgium,Brazil 1.0-2.0 Belgium,Derrota,Oficial (torneo)
Brazil,2018-09-07,United States,United States 0.0-2.0 Brazil,Victoria,Amistoso
Brazil,2018-09-12,El Salvador,Brazil 5.0-0.0 El Salvador,Victoria,Amistoso
Brazil,2018-10-12,Saudi Arabia,Saudi Arabia 0.0-2.0 Brazil,Victoria,Amistoso
Brazil,2018-10-16,Argentina,Argentina 0.0-1.0 Brazil,Victoria,Otro / revisar
Brazil,2018-11-16,Uruguay,Brazil 1.0-0.0 Uruguay,Victoria,Amistoso
Brazil,2018-11-20,Cameroon,Brazil 1.0-0.0 Cameroon,Victoria,Amistoso
Brazil,2019-03-23,Panama,Brazil 1.0-1.0 Panama,Empate,Amistoso
Brazil,2019-03-26,Czech Republic,Czech Republic 1.0-3.0 Brazil,Victoria,Amistoso
Brazil,2019-06-05,Qatar,Brazil 2.0-0.0 Qatar,Victoria,Amistoso
Brazil,2019-06-09,Honduras,Brazil 7.0-0.0 Honduras,Victoria,Amistoso
Brazil,2019-06-14,Bolivia,Brazil 3.0-0.0 Bolivia,Victoria,Otro / revisar
Brazil,2019-06-18,Venezuela,Brazil 0.0-0.0 Venezuela,Empate,Otro / revisar
Brazil,2019-06-22,Peru,Brazil 5.0-0.0 Peru,Victoria,Otro / revisar
Brazil,2019-06-27,Paraguay,Brazil 0.0-0.0 Paraguay,Empate,Otro / revisar
Brazil,2019-07-02,Argentina,Brazil 2.0-0.0 Argentina,Victoria,Otro / revisar
Brazil,2019-07-07,Peru,Brazil 3.0-1.0 Peru,Victoria,Otro / revisar
Brazil,2019-09-06,Colombia,Brazil 2.0-2.0 Colombia,Empate,Amistoso
Brazil,2019-09-10,Peru,Brazil 0.0-1.0 Peru,Derrota,Amistoso
Brazil,2019-10-10,Senegal,Brazil 1.0-1.0 Senegal,Empate,Amistoso
Brazil,2019-10-13,Nigeria,Brazil 1.0-1.0 Nigeria,Empate,Amistoso
Brazil,2019-11-15,Argentina,Brazil 0.0-1.0 Argentina,Derrota,Otro / revisar
Brazil,2019-11-19,South Korea,Brazil 3.0-0.0 South Korea,Victoria,Amistoso
Brazil,2020-10-09,Bolivia,Brazil 5.0-0.0 Bolivia,Victoria,Oficial (torneo)
Brazil,2020-10-13,Peru,Peru 2.0-4.0 Brazil,Victoria,Oficial (torneo)
Brazil,2020-11-13,Venezuela,Brazil 1.0-0.0 Venezuela,Victoria,Oficial (torneo)
Brazil,2020-11-17,Uruguay,Uruguay 0.0-2.0 Brazil,Victoria,Oficial (torneo)
Brazil,2021-06-04,Ecuador,Brazil 2.0-0.0 Ecuador,Victoria,Oficial (torneo)
Brazil,2021-06-08,Paraguay,Paraguay 0.0-2.0 Brazil,Victoria,Oficial (torneo)
Brazil,2021-06-13,Venezuela,Brazil 3.0-0.0 Venezuela,Victoria,Otro / revisar
Brazil,2021-06-17,Peru,Brazil 4.0-0.0 Peru,Victoria,Otro / revisar
Brazil,2021-06-23,Colombia,Brazil 2.0-1.0 Colombia,Victoria,Otro / revisar
Brazil,2021-06-27,Ecuador,Brazil 1.0-1.0 Ecuador,Empate,Otro / revisar
Brazil,2021-07-02,Chile,Brazil 1.0-0.0 Chile,Victoria,Otro / revisar
Brazil,2021-07-05,Peru,Brazil 1.0-0.0 Peru,Victoria,Otro / revisar
Brazil,2021-07-10,Argentina,Brazil 0.0-1.0 Argentina,Derrota,Otro / revisar
Brazil,2021-09-02,Chile,Chile 0.0-1.0 Brazil,Victoria,Oficial (torneo)
Brazil,2021-09-09,Peru,Brazil 2.0-0.0 Peru,Victoria,Oficial (torneo)
Brazil,2021-10-07,Venezuela,Venezuela 1.0-3.0 Brazil,Victoria,Oficial (torneo)
Brazil,2021-10-10,Colombia,Colombia 0.0-0.0 Brazil,Empate,Oficial (torneo)
Brazil,2021-10-14,Uruguay,Brazil 4.0-1.0 Uruguay,Victoria,Oficial (torneo)
Brazil,2021-11-11,Colombia,Brazil 1.0-0.0 Colombia,Victoria,Oficial (torneo)
Brazil,2021-11-16,Argentina,Argentina 0.0-0.0 Brazil,Empate,Oficial (torneo)
Brazil,2022-01-27,Ecuador,Ecuador 1.0-1.0 Brazil,Empate,Oficial (torneo)
Brazil,2022-02-01,Paraguay,Brazil 4.0-0.0 Paraguay,Victoria,Oficial (torneo)
Brazil,2022-03-24,Chile,Brazil 4.0-0.0 Chile,Victoria,Oficial (torneo)
Brazil,2022-03-29,Bolivia,Bolivia 0.0-4.0 Brazil,Victoria,Oficial (torneo)
Brazil,2022-06-02,South Korea,South Korea 1.0-5.0 Brazil,Victoria,Amistoso
Brazil,2022-06-06,Japan,Japan 0.0-1.0 Brazil,Victoria,Amistoso
Brazil,2022-09-23,Ghana,Brazil 3.0-0.0 Ghana,Victoria,Amistoso
Brazil,2022-09-27,Tunisia,Brazil 5.0-1.0 Tunisia,Victoria,Amistoso
Brazil,2022-11-24,Serbia,Brazil 2.0-0.0 Serbia,Victoria,Oficial (torneo)
Brazil,2022-11-28,Switzerland,Brazil 1.0-0.0 Switzerland,Victoria,Oficial (torneo)
Brazil,2022-12-02,Cameroon,Cameroon 1.0-0.0 Brazil,Derrota,Oficial (torneo)
Brazil,2022-12-05,South Korea,Brazil 4.0-1.0 South Korea,Victoria,Oficial (torneo)
Brazil,2022-12-09,Croatia,Croatia 1.0-1.0 Brazil,Empate,Oficial (torneo)
Brazil,2023-03-25,Morocco,Morocco 2.0-1.0 Brazil,Derrota,Amistoso
Brazil,2023-06-17,Guinea,Brazil 4.0-1.0 Guinea,Victoria,Amistoso
Brazil,2023-06-20,Senegal,Brazil 2.0-4.0 Senegal,Derrota,Amistoso
Brazil,2023-09-08,Bolivia,Brazil 5.0-1.0 Bolivia,Victoria,Oficial (torneo)
Brazil,2023-09-12,Peru,Peru 0.0-1.0 Brazil,Victoria,Oficial (torneo)
Brazil,2023-10-12,Venezuela,Brazil 1.0-1.0 Venezuela,Empate,Oficial (torneo)
Brazil,2023-10-17,Uruguay,Uruguay 2.0-0.0 Brazil,Derrota,Oficial (torneo)
Brazil,2023-11-16,Colombia,Colombia 2.0-1.0 Brazil,Derrota,Oficial (torneo)
Brazil,2023-11-21,Argentina,Brazil 0.0-1.0 Argentina,Derrota,Oficial (torneo)
Brazil,2024-03-23,England,England 0.0-1.0 Brazil,Victoria,Amistoso
Brazil,2024-03-26,Spain,Spain 3.0-3.0 Brazil,Empate,Amistoso
Brazil,2024-06-08,Mexico,Mexico 2.0-3.0 Brazil,Victoria,Amistoso
Brazil,2024-06-12,United States,United States 1.0-1.0 Brazil,Empate,Amistoso
Brazil,2024-06-24,Costa Rica,Brazil 0.0-0.0 Costa Rica,Empate,Otro / revisar
Brazil,2024-06-28,Paraguay,Paraguay 1.0-4.0 Brazil,Victoria,Otro / revisar
Brazil,2024-07-02,Colombia,Brazil 1.0-1.0 Colombia,Empate,Otro / revisar
Brazil,2024-07-06,Uruguay,Uruguay 0.0-0.0 Brazil,Empate,Otro / revisar
Brazil,2024-09-06,Ecuador,Brazil 1.0-0.0 Ecuador,Victoria,Oficial (torneo)
Brazil,2024-09-10,Paraguay,Paraguay 1.0-0.0 Brazil,Derrota,Oficial (torneo)
Brazil,2024-10-10,Chile,Chile 1.0-2.0 Brazil,Victoria,Oficial (torneo)
Brazil,2024-10-15,Peru,Brazil 4.0-0.0 Peru,Victoria,Oficial (torneo)
Brazil,2024-11-14,Venezuela,Venezuela 1.0-1.0 Brazil,Empate,Oficial (torneo)
Brazil,2024-11-19,Uruguay,Brazil 1.0-1.0 Uruguay,Empate,Oficial (torneo)
Brazil,2025-03-20,Colombia,Brazil 2.0-1.0 Colombia,Victoria,Oficial (torneo)
Brazil,2025-03-25,Argentina,Argentina 4.0-1.0 Brazil,Derrota,Oficial (torneo)
Brazil,2025-06-05,Ecuador,Ecuador 0.0-0.0 Brazil,Empate,Oficial (torneo)
Brazil,2025-06-10,Paraguay,Brazil 1.0-0.0 Paraguay,Victoria,Oficial (torneo)
Brazil,2025-09-04,Chile,Brazil 3.0-0.0 Chile,Victoria,Oficial (torneo)
Brazil,2025-09-09,Bolivia,Bolivia 1.0-0.0 Brazil,Derrota,Oficial (torneo)
Brazil,2025-10-10,South Korea,South Korea 0.0-5.0 Brazil,Victoria,Amistoso
Brazil,2025-10-14,Japan,Japan 3.0-2.0 Brazil,Derrota,Otro / revisar
Brazil,2025-11-15,Senegal,Brazil 2.0-0.0 Senegal,Victoria,Amistoso
Brazil,2025-11-18,Tunisia,Brazil 1.0-1.0 Tunisia,Empate,Amistoso
Brazil,2026-03-26,France,Brazil 1.0-2.0 France,Derrota,Amistoso
Brazil,2026-03-31,Croatia,Brazil 3.0-1.0 Croatia,Victoria,Amistoso
Brazil,2026-05-31,Panama,Brazil 6.0-2.0 Panama,Victoria,Amistoso
Brazil,2026-06-06,Egypt,Brazil 2.0-1.0 Egypt,Victoria,Amistoso
Canada,2016-03-25,Mexico,Canada 0.0-3.0 Mexico,Derrota,Oficial (torneo)
Canada,2016-03-29,Mexico,Mexico 2.0-0.0 Canada,Derrota,Oficial (torneo)
Canada,2016-06-03,Azerbaijan,Azerbaijan 1.0-1.0 Canada,Empate,Amistoso
Canada,2016-06-07,Uzbekistan,Canada 2.0-1.0 Uzbekistan,Victoria,Amistoso
Canada,2016-09-02,Honduras,Honduras 2.0-1.0 Canada,Derrota,Oficial (torneo)
Canada,2016-09-06,El Salvador,Canada 3.0-1.0 El Salvador,Victoria,Oficial (torneo)
Canada,2016-10-06,Mauritania,Mauritania 0.0-4.0 Canada,Victoria,Amistoso
Canada,2016-10-11,Morocco,Morocco 4.0-0.0 Canada,Derrota,Amistoso
Canada,2016-11-11,South Korea,South Korea 2.0-0.0 Canada,Derrota,Amistoso
Canada,2017-01-22,Bermuda,Bermuda 2.0-4.0 Canada,Victoria,Amistoso
Canada,2017-03-22,Scotland,Scotland 1.0-1.0 Canada,Empate,Amistoso
Canada,2017-06-13,Curaçao,Canada 2.0-1.0 Curaçao,Victoria,Amistoso
Canada,2017-07-07,French Guiana,French Guiana 2.0-4.0 Canada,Victoria,Oficial (torneo)
Canada,2017-07-11,Costa Rica,Costa Rica 1.0-1.0 Canada,Empate,Oficial (torneo)
Canada,2017-07-14,Honduras,Canada 0.0-0.0 Honduras,Empate,Oficial (torneo)
Canada,2017-07-20,Jamaica,Jamaica 2.0-1.0 Canada,Derrota,Oficial (torneo)
Canada,2017-09-02,Jamaica,Canada 2.0-0.0 Jamaica,Victoria,Amistoso
Canada,2017-10-08,El Salvador,El Salvador 1.0-0.0 Canada,Derrota,Amistoso
Canada,2018-03-24,New Zealand,Canada 1.0-0.0 New Zealand,Victoria,Amistoso
Canada,2018-09-09,United States Virgin Islands,United States Virgin Islands 0.0-8.0 Canada,Victoria,Oficial (torneo)
Canada,2018-10-16,Dominica,Canada 5.0-0.0 Dominica,Victoria,Oficial (torneo)
Canada,2018-11-18,Saint Kitts and Nevis,Saint Kitts and Nevis 0.0-1.0 Canada,Victoria,Oficial (torneo)
Canada,2019-03-24,French Guiana,Canada 4.0-1.0 French Guiana,Victoria,Oficial (torneo)
Canada,2019-06-15,Martinique,Canada 4.0-0.0 Martinique,Victoria,Oficial (torneo)
Canada,2019-06-19,Mexico,Mexico 3.0-1.0 Canada,Derrota,Oficial (torneo)
Canada,2019-06-23,Cuba,Canada 7.0-0.0 Cuba,Victoria,Oficial (torneo)
Canada,2019-06-29,Haiti,Haiti 3.0-2.0 Canada,Derrota,Oficial (torneo)
Canada,2019-09-07,Cuba,Canada 6.0-0.0 Cuba,Victoria,Oficial (torneo)
Canada,2019-09-10,Cuba,Cuba 0.0-1.0 Canada,Victoria,Oficial (torneo)
Canada,2019-10-15,United States,Canada 2.0-0.0 United States,Victoria,Oficial (torneo)
Canada,2019-11-15,United States,United States 4.0-1.0 Canada,Derrota,Oficial (torneo)
Canada,2020-01-07,Barbados,Barbados 1.0-4.0 Canada,Victoria,Amistoso
Canada,2020-01-10,Barbados,Barbados 1.0-4.0 Canada,Victoria,Amistoso
Canada,2020-01-15,Iceland,Canada 0.0-1.0 Iceland,Derrota,Amistoso
Canada,2021-03-25,Bermuda,Canada 5.0-1.0 Bermuda,Victoria,Oficial (torneo)
Canada,2021-03-29,Cayman Islands,Cayman Islands 0.0-11.0 Canada,Victoria,Oficial (torneo)
Canada,2021-06-05,Aruba,Aruba 0.0-7.0 Canada,Victoria,Oficial (torneo)
Canada,2021-06-08,Suriname,Canada 4.0-0.0 Suriname,Victoria,Oficial (torneo)
Canada,2021-06-12,Haiti,Haiti 0.0-1.0 Canada,Victoria,Oficial (torneo)
Canada,2021-06-15,Haiti,Canada 3.0-0.0 Haiti,Victoria,Oficial (torneo)
Canada,2021-07-11,Martinique,Canada 4.0-1.0 Martinique,Victoria,Oficial (torneo)
Canada,2021-07-15,Haiti,Haiti 1.0-4.0 Canada,Victoria,Oficial (torneo)
Canada,2021-07-18,United States,United States 1.0-0.0 Canada,Derrota,Oficial (torneo)
Canada,2021-07-25,Costa Rica,Costa Rica 0.0-2.0 Canada,Victoria,Oficial (torneo)
Canada,2021-07-29,Mexico,Mexico 2.0-1.0 Canada,Derrota,Oficial (torneo)
Canada,2021-09-02,Honduras,Canada 1.0-1.0 Honduras,Empate,Oficial (torneo)
Canada,2021-09-05,United States,United States 1.0-1.0 Canada,Empate,Oficial (torneo)
Canada,2021-09-08,El Salvador,Canada 3.0-0.0 El Salvador,Victoria,Oficial (torneo)
Canada,2021-10-07,Mexico,Mexico 1.0-1.0 Canada,Empate,Oficial (torneo)
Canada,2021-10-10,Jamaica,Jamaica 0.0-0.0 Canada,Empate,Oficial (torneo)
Canada,2021-10-13,Panama,Canada 4.0-1.0 Panama,Victoria,Oficial (torneo)
Canada,2021-11-12,Costa Rica,Canada 1.0-0.0 Costa Rica,Victoria,Oficial (torneo)
Canada,2021-11-16,Mexico,Canada 2.0-1.0 Mexico,Victoria,Oficial (torneo)
Canada,2022-01-27,Honduras,Honduras 0.0-2.0 Canada,Victoria,Oficial (torneo)
Canada,2022-01-30,United States,Canada 2.0-0.0 United States,Victoria,Oficial (torneo)
Canada,2022-02-02,El Salvador,El Salvador 0.0-2.0 Canada,Victoria,Oficial (torneo)
Canada,2022-03-24,Costa Rica,Costa Rica 1.0-0.0 Canada,Derrota,Oficial (torneo)
Canada,2022-03-27,Jamaica,Canada 4.0-0.0 Jamaica,Victoria,Oficial (torneo)
Canada,2022-03-30,Panama,Panama 1.0-0.0 Canada,Derrota,Oficial (torneo)
Canada,2022-06-09,Curaçao,Canada 4.0-0.0 Curaçao,Victoria,Oficial (torneo)
Canada,2022-06-13,Honduras,Honduras 2.0-1.0 Canada,Derrota,Oficial (torneo)
Canada,2022-09-23,Qatar,Canada 2.0-0.0 Qatar,Victoria,Amistoso
Canada,2022-09-27,Uruguay,Canada 0.0-2.0 Uruguay,Derrota,Amistoso
Canada,2022-11-11,Bahrain,Bahrain 2.0-2.0 Canada,Empate,Amistoso
Canada,2022-11-17,Japan,Japan 1.0-2.0 Canada,Victoria,Amistoso
Canada,2022-11-23,Belgium,Belgium 1.0-0.0 Canada,Derrota,Oficial (torneo)
Canada,2022-11-27,Croatia,Croatia 4.0-1.0 Canada,Derrota,Oficial (torneo)
Canada,2022-12-01,Morocco,Canada 1.0-2.0 Morocco,Derrota,Oficial (torneo)
Canada,2023-03-25,Curaçao,Curaçao 0.0-2.0 Canada,Victoria,Oficial (torneo)
Canada,2023-03-28,Honduras,Canada 4.0-1.0 Honduras,Victoria,Oficial (torneo)
Canada,2023-06-15,Panama,Panama 0.0-2.0 Canada,Victoria,Oficial (torneo)
Canada,2023-06-18,United States,United States 2.0-0.0 Canada,Derrota,Oficial (torneo)
Canada,2023-06-27,Guadeloupe,Canada 2.0-2.0 Guadeloupe,Empate,Oficial (torneo)
Canada,2023-07-01,Guatemala,Guatemala 0.0-0.0 Canada,Empate,Oficial (torneo)
Canada,2023-07-04,Cuba,Canada 4.0-2.0 Cuba,Victoria,Oficial (torneo)
Canada,2023-07-09,United States,United States 2.0-2.0 Canada,Empate,Oficial (torneo)
Canada,2023-10-13,Japan,Japan 4.0-1.0 Canada,Derrota,Amistoso
Canada,2023-11-18,Jamaica,Jamaica 1.0-2.0 Canada,Victoria,Oficial (torneo)
Canada,2023-11-21,Jamaica,Canada 2.0-3.0 Jamaica,Derrota,Oficial (torneo)
Canada,2024-03-23,Trinidad and Tobago,Canada 2.0-0.0 Trinidad and Tobago,Victoria,Eliminatoria
Canada,2024-06-06,Netherlands,Netherlands 4.0-0.0 Canada,Derrota,Amistoso
Canada,2024-06-09,France,France 0.0-0.0 Canada,Empate,Amistoso
Canada,2024-06-20,Argentina,Argentina 2.0-0.0 Canada,Derrota,Otro / revisar
Canada,2024-06-25,Peru,Peru 0.0-1.0 Canada,Victoria,Otro / revisar
Canada,2024-06-29,Chile,Canada 0.0-0.0 Chile,Empate,Otro / revisar
Canada,2024-07-05,Venezuela,Venezuela 1.0-1.0 Canada,Empate,Otro / revisar
Canada,2024-07-09,Argentina,Argentina 2.0-0.0 Canada,Derrota,Otro / revisar
Canada,2024-07-13,Uruguay,Canada 2.0-2.0 Uruguay,Empate,Otro / revisar
Canada,2024-09-07,United States,United States 1.0-2.0 Canada,Victoria,Amistoso
Canada,2024-09-10,Mexico,Mexico 0.0-0.0 Canada,Empate,Amistoso
Canada,2024-10-15,Panama,Canada 2.0-1.0 Panama,Victoria,Amistoso
Canada,2024-11-15,Suriname,Suriname 0.0-1.0 Canada,Victoria,Oficial (torneo)
Canada,2024-11-19,Suriname,Canada 3.0-0.0 Suriname,Victoria,Oficial (torneo)
Canada,2025-03-20,Mexico,Canada 0.0-2.0 Mexico,Derrota,Oficial (torneo)
Canada,2025-03-23,United States,United States 1.0-2.0 Canada,Victoria,Oficial (torneo)
Canada,2025-06-07,Ukraine,Canada 4.0-2.0 Ukraine,Victoria,Otro / revisar
Canada,2025-06-10,Ivory Coast,Canada 0.0-0.0 Ivory Coast,Empate,Otro / revisar
Canada,2025-06-17,Honduras,Canada 6.0-0.0 Honduras,Victoria,Oficial (torneo)
Canada,2025-06-21,Curaçao,Curaçao 1.0-1.0 Canada,Empate,Oficial (torneo)
Canada,2025-06-24,El Salvador,Canada 2.0-0.0 El Salvador,Victoria,Oficial (torneo)
Canada,2025-06-29,Guatemala,Canada 1.0-1.0 Guatemala,Empate,Oficial (torneo)
Canada,2025-09-05,Romania,Romania 0.0-3.0 Canada,Victoria,Amistoso
Canada,2025-09-09,Wales,Wales 0.0-1.0 Canada,Victoria,Amistoso
Canada,2025-10-10,Australia,Canada 0.0-1.0 Australia,Derrota,Amistoso
Canada,2025-10-14,Colombia,Canada 0.0-0.0 Colombia,Empate,Amistoso
Canada,2025-11-13,Ecuador,Canada 0.0-0.0 Ecuador,Empate,Amistoso
Canada,2025-11-18,Venezuela,Canada 2.0-0.0 Venezuela,Victoria,Amistoso
Canada,2026-03-28,Iceland,Canada 2.0-2.0 Iceland,Empate,Amistoso
Canada,2026-03-31,Tunisia,Canada 0.0-0.0 Tunisia,Empate,Amistoso
Canada,2026-06-01,Uzbekistan,Canada 2.0-0.0 Uzbekistan,Victoria,Amistoso
Canada,2026-06-05,Republic of Ireland,Canada 1.0-1.0 Republic of Ireland,Empate,Amistoso
Cape Verde,2016-03-26,Morocco,Cape Verde 0.0-1.0 Morocco,Derrota,Eliminatoria
Cape Verde,2016-03-29,Morocco,Morocco 2.0-0.0 Cape Verde,Derrota,Eliminatoria
Cape Verde,2016-06-04,São Tomé and Príncipe,São Tomé and Príncipe 1.0-2.0 Cape Verde,Victoria,Eliminatoria
Cape Verde,2016-09-03,Libya,Cape Verde 0.0-1.0 Libya,Derrota,Eliminatoria
Cape Verde,2016-10-08,Senegal,Senegal 2.0-0.0 Cape Verde,Derrota,Oficial (torneo)
Cape Verde,2016-11-12,Burkina Faso,Cape Verde 0.0-2.0 Burkina Faso,Derrota,Oficial (torneo)
Cape Verde,2017-03-28,Luxembourg,Luxembourg 0.0-2.0 Cape Verde,Victoria,Amistoso
Cape Verde,2017-06-11,Uganda,Cape Verde 0.0-1.0 Uganda,Derrota,Eliminatoria
Cape Verde,2017-09-01,South Africa,Cape Verde 2.0-1.0 South Africa,Victoria,Oficial (torneo)
Cape Verde,2017-09-05,South Africa,South Africa 1.0-2.0 Cape Verde,Victoria,Oficial (torneo)
Cape Verde,2017-10-07,Senegal,Cape Verde 0.0-2.0 Senegal,Derrota,Oficial (torneo)
Cape Verde,2017-11-14,Burkina Faso,Burkina Faso 4.0-0.0 Cape Verde,Derrota,Oficial (torneo)
Cape Verde,2018-06-01,Algeria,Algeria 2.0-3.0 Cape Verde,Victoria,Amistoso
Cape Verde,2018-06-03,Andorra,Andorra 0.0-0.0 Cape Verde,Empate,Amistoso
Cape Verde,2018-09-09,Lesotho,Lesotho 1.0-1.0 Cape Verde,Empate,Eliminatoria
Cape Verde,2018-10-12,Tanzania,Cape Verde 3.0-0.0 Tanzania,Victoria,Eliminatoria
Cape Verde,2018-10-16,Tanzania,Tanzania 2.0-0.0 Cape Verde,Derrota,Eliminatoria
Cape Verde,2018-11-17,Uganda,Uganda 1.0-0.0 Cape Verde,Derrota,Eliminatoria
Cape Verde,2019-03-24,Lesotho,Cape Verde 0.0-0.0 Lesotho,Empate,Eliminatoria
Cape Verde,2019-10-10,Togo,Cape Verde 2.0-1.0 Togo,Victoria,Amistoso
Cape Verde,2019-11-13,Cameroon,Cameroon 0.0-0.0 Cape Verde,Empate,Eliminatoria
Cape Verde,2019-11-18,Mozambique,Cape Verde 2.0-2.0 Mozambique,Empate,Eliminatoria
Cape Verde,2020-10-07,Andorra,Andorra 1.0-2.0 Cape Verde,Victoria,Amistoso
Cape Verde,2020-10-10,Guinea,Cape Verde 1.0-2.0 Guinea,Derrota,Amistoso
Cape Verde,2020-11-12,Rwanda,Cape Verde 0.0-0.0 Rwanda,Empate,Eliminatoria
Cape Verde,2020-11-17,Rwanda,Rwanda 0.0-0.0 Cape Verde,Empate,Eliminatoria
Cape Verde,2021-03-26,Cameroon,Cape Verde 3.0-1.0 Cameroon,Victoria,Eliminatoria
Cape Verde,2021-03-30,Mozambique,Mozambique 0.0-1.0 Cape Verde,Victoria,Eliminatoria
Cape Verde,2021-06-08,Senegal,Senegal 2.0-0.0 Cape Verde,Derrota,Amistoso
Cape Verde,2021-09-01,Central African Republic,Central African Republic 1.0-1.0 Cape Verde,Empate,Oficial (torneo)
Cape Verde,2021-09-07,Nigeria,Cape Verde 1.0-2.0 Nigeria,Derrota,Oficial (torneo)
Cape Verde,2021-10-07,Liberia,Liberia 1.0-2.0 Cape Verde,Victoria,Oficial (torneo)
Cape Verde,2021-10-10,Liberia,Cape Verde 1.0-0.0 Liberia,Victoria,Oficial (torneo)
Cape Verde,2021-11-13,Central African Republic,Cape Verde 2.0-1.0 Central African Republic,Victoria,Oficial (torneo)
Cape Verde,2021-11-16,Nigeria,Nigeria 1.0-1.0 Cape Verde,Empate,Oficial (torneo)
Cape Verde,2022-01-09,Ethiopia,Ethiopia 0.0-1.0 Cape Verde,Victoria,Otro / revisar
Cape Verde,2022-01-13,Burkina Faso,Cape Verde 0.0-1.0 Burkina Faso,Derrota,Otro / revisar
Cape Verde,2022-01-17,Cameroon,Cameroon 1.0-1.0 Cape Verde,Empate,Otro / revisar
Cape Verde,2022-01-25,Senegal,Senegal 2.0-0.0 Cape Verde,Derrota,Otro / revisar
Cape Verde,2022-03-23,Guadeloupe,Guadeloupe 0.0-2.0 Cape Verde,Victoria,Amistoso
Cape Verde,2022-03-25,Liechtenstein,Cape Verde 6.0-0.0 Liechtenstein,Victoria,Amistoso
Cape Verde,2022-03-28,San Marino,Cape Verde 2.0-0.0 San Marino,Victoria,Amistoso
Cape Verde,2022-06-03,Burkina Faso,Burkina Faso 2.0-0.0 Cape Verde,Derrota,Eliminatoria
Cape Verde,2022-06-07,Togo,Cape Verde 2.0-0.0 Togo,Victoria,Eliminatoria
Cape Verde,2022-06-11,Ecuador,Ecuador 1.0-0.0 Cape Verde,Derrota,Amistoso
Cape Verde,2022-09-23,Bahrain,Bahrain 1.0-2.0 Cape Verde,Victoria,Amistoso
Cape Verde,2023-03-24,Eswatini,Cape Verde 0.0-0.0 Eswatini,Empate,Eliminatoria
Cape Verde,2023-03-28,Eswatini,Eswatini 0.0-1.0 Cape Verde,Victoria,Eliminatoria
Cape Verde,2023-06-12,Morocco,Morocco 0.0-0.0 Cape Verde,Empate,Amistoso
Cape Verde,2023-06-18,Burkina Faso,Cape Verde 3.0-1.0 Burkina Faso,Victoria,Eliminatoria
Cape Verde,2023-09-10,Togo,Togo 3.0-2.0 Cape Verde,Derrota,Eliminatoria
Cape Verde,2023-10-12,Algeria,Algeria 5.0-1.0 Cape Verde,Derrota,Amistoso
Cape Verde,2023-10-17,Comoros,Cape Verde 1.0-2.0 Comoros,Derrota,Amistoso
Cape Verde,2023-11-16,Angola,Cape Verde 0.0-0.0 Angola,Empate,Oficial (torneo)
Cape Verde,2023-11-21,Eswatini,Eswatini 0.0-2.0 Cape Verde,Victoria,Oficial (torneo)
Cape Verde,2024-01-10,Tunisia,Tunisia 2.0-0.0 Cape Verde,Derrota,Amistoso
Cape Verde,2024-01-14,Ghana,Ghana 1.0-2.0 Cape Verde,Victoria,Otro / revisar
Cape Verde,2024-01-19,Mozambique,Cape Verde 3.0-0.0 Mozambique,Victoria,Otro / revisar
Cape Verde,2024-01-22,Egypt,Cape Verde 2.0-2.0 Egypt,Empate,Otro / revisar
Cape Verde,2024-01-29,Mauritania,Cape Verde 1.0-0.0 Mauritania,Victoria,Otro / revisar
Cape Verde,2024-02-03,South Africa,Cape Verde 0.0-0.0 South Africa,Empate,Otro / revisar
Cape Verde,2024-03-21,Guyana,Cape Verde 1.0-0.0 Guyana,Victoria,Otro / revisar
Cape Verde,2024-03-25,Equatorial Guinea,Cape Verde 1.0-0.0 Equatorial Guinea,Victoria,Otro / revisar
Cape Verde,2024-06-08,Cameroon,Cameroon 4.0-1.0 Cape Verde,Derrota,Oficial (torneo)
Cape Verde,2024-06-11,Libya,Cape Verde 1.0-0.0 Libya,Victoria,Oficial (torneo)
Cape Verde,2024-09-06,Egypt,Egypt 3.0-0.0 Cape Verde,Derrota,Eliminatoria
Cape Verde,2024-09-10,Mauritania,Cape Verde 2.0-0.0 Mauritania,Victoria,Eliminatoria
Cape Verde,2024-10-10,Botswana,Cape Verde 0.0-1.0 Botswana,Derrota,Eliminatoria
Cape Verde,2024-10-15,Botswana,Botswana 1.0-0.0 Cape Verde,Derrota,Eliminatoria
Cape Verde,2024-11-15,Egypt,Cape Verde 1.0-1.0 Egypt,Empate,Eliminatoria
Cape Verde,2024-11-19,Mauritania,Mauritania 1.0-0.0 Cape Verde,Derrota,Eliminatoria
Cape Verde,2025-03-20,Mauritius,Cape Verde 1.0-0.0 Mauritius,Victoria,Oficial (torneo)
Cape Verde,2025-03-25,Angola,Angola 1.0-2.0 Cape Verde,Victoria,Oficial (torneo)
Cape Verde,2025-05-29,Malaysia,Malaysia 1.0-1.0 Cape Verde,Empate,Amistoso
Cape Verde,2025-06-03,Malaysia,Malaysia 0.0-3.0 Cape Verde,Victoria,Amistoso
Cape Verde,2025-06-08,Georgia,Georgia 1.0-1.0 Cape Verde,Empate,Amistoso
Cape Verde,2025-09-04,Mauritius,Mauritius 0.0-2.0 Cape Verde,Victoria,Oficial (torneo)
Cape Verde,2025-09-09,Cameroon,Cape Verde 1.0-0.0 Cameroon,Victoria,Oficial (torneo)
Cape Verde,2025-10-08,Libya,Libya 3.0-3.0 Cape Verde,Empate,Oficial (torneo)
Cape Verde,2025-10-13,Eswatini,Cape Verde 3.0-0.0 Eswatini,Victoria,Oficial (torneo)
Cape Verde,2025-11-13,Iran,Iran 0.0-0.0 Cape Verde,Empate,Otro / revisar
Cape Verde,2025-11-17,Egypt,Cape Verde 1.0-1.0 Egypt,Empate,Otro / revisar
Cape Verde,2026-03-27,Chile,Chile 4.0-2.0 Cape Verde,Derrota,Otro / revisar
Cape Verde,2026-03-30,Finland,Cape Verde 1.0-1.0 Finland,Empate,Otro / revisar
Cape Verde,2026-05-31,Serbia,Cape Verde 3.0-0.0 Serbia,Victoria,Amistoso
Cape Verde,2026-06-06,Bermuda,Bermuda 3.0-0.0 Cape Verde,Derrota,Amistoso
Colombia,2016-03-24,Bolivia,Bolivia 2.0-3.0 Colombia,Victoria,Oficial (torneo)
Colombia,2016-03-29,Ecuador,Colombia 3.0-1.0 Ecuador,Victoria,Oficial (torneo)
Colombia,2016-06-03,United States,United States 0.0-2.0 Colombia,Victoria,Otro / revisar
Colombia,2016-06-07,Paraguay,Colombia 2.0-1.0 Paraguay,Victoria,Otro / revisar
Colombia,2016-06-11,Costa Rica,Colombia 2.0-3.0 Costa Rica,Derrota,Otro / revisar
Colombia,2016-06-17,Peru,Peru 0.0-0.0 Colombia,Empate,Otro / revisar
Colombia,2016-06-22,Chile,Colombia 0.0-2.0 Chile,Derrota,Otro / revisar
Colombia,2016-06-25,United States,United States 0.0-1.0 Colombia,Victoria,Otro / revisar
Colombia,2016-09-01,Venezuela,Colombia 2.0-0.0 Venezuela,Victoria,Oficial (torneo)
Colombia,2016-09-06,Brazil,Brazil 2.0-1.0 Colombia,Derrota,Oficial (torneo)
Colombia,2016-10-06,Paraguay,Paraguay 0.0-1.0 Colombia,Victoria,Oficial (torneo)
Colombia,2016-10-11,Uruguay,Colombia 2.0-2.0 Uruguay,Empate,Oficial (torneo)
Colombia,2016-11-10,Chile,Colombia 0.0-0.0 Chile,Empate,Oficial (torneo)
Colombia,2016-11-15,Argentina,Argentina 3.0-0.0 Colombia,Derrota,Oficial (torneo)
Colombia,2017-01-26,Brazil,Brazil 1.0-0.0 Colombia,Derrota,Amistoso
Colombia,2017-03-23,Bolivia,Colombia 1.0-0.0 Bolivia,Victoria,Oficial (torneo)
Colombia,2017-03-28,Ecuador,Ecuador 0.0-2.0 Colombia,Victoria,Oficial (torneo)
Colombia,2017-06-07,Spain,Spain 2.0-2.0 Colombia,Empate,Amistoso
Colombia,2017-06-13,Cameroon,Cameroon 0.0-4.0 Colombia,Victoria,Amistoso
Colombia,2017-08-31,Venezuela,Venezuela 0.0-0.0 Colombia,Empate,Oficial (torneo)
Colombia,2017-09-05,Brazil,Colombia 1.0-1.0 Brazil,Empate,Oficial (torneo)
Colombia,2017-10-05,Paraguay,Colombia 1.0-2.0 Paraguay,Derrota,Oficial (torneo)
Colombia,2017-10-10,Peru,Peru 1.0-1.0 Colombia,Empate,Oficial (torneo)
Colombia,2017-11-10,South Korea,South Korea 2.0-1.0 Colombia,Derrota,Amistoso
Colombia,2017-11-14,China,China 0.0-4.0 Colombia,Victoria,Amistoso
Colombia,2018-03-23,France,France 2.0-3.0 Colombia,Victoria,Amistoso
Colombia,2018-03-27,Australia,Australia 0.0-0.0 Colombia,Empate,Amistoso
Colombia,2018-06-01,Egypt,Colombia 0.0-0.0 Egypt,Empate,Amistoso
Colombia,2018-06-19,Japan,Colombia 1.0-2.0 Japan,Derrota,Oficial (torneo)
Colombia,2018-06-24,Poland,Poland 0.0-3.0 Colombia,Victoria,Oficial (torneo)
Colombia,2018-06-28,Senegal,Senegal 0.0-1.0 Colombia,Victoria,Oficial (torneo)
Colombia,2018-07-03,England,Colombia 1.0-1.0 England,Empate,Oficial (torneo)
Colombia,2018-09-07,Venezuela,Venezuela 1.0-2.0 Colombia,Victoria,Amistoso
Colombia,2018-09-11,Argentina,Colombia 0.0-0.0 Argentina,Empate,Amistoso
Colombia,2018-10-11,United States,United States 2.0-4.0 Colombia,Victoria,Amistoso
Colombia,2018-10-16,Costa Rica,Colombia 3.0-1.0 Costa Rica,Victoria,Amistoso
Colombia,2019-03-22,Japan,Japan 0.0-1.0 Colombia,Victoria,Otro / revisar
Colombia,2019-03-26,South Korea,South Korea 2.0-1.0 Colombia,Derrota,Amistoso
Colombia,2019-06-03,Panama,Colombia 3.0-0.0 Panama,Victoria,Amistoso
Colombia,2019-06-09,Peru,Peru 0.0-3.0 Colombia,Victoria,Amistoso
Colombia,2019-06-15,Argentina,Argentina 0.0-2.0 Colombia,Victoria,Otro / revisar
Colombia,2019-06-19,Qatar,Colombia 1.0-0.0 Qatar,Victoria,Otro / revisar
Colombia,2019-06-23,Paraguay,Colombia 1.0-0.0 Paraguay,Victoria,Otro / revisar
Colombia,2019-06-28,Chile,Colombia 0.0-0.0 Chile,Empate,Otro / revisar
Colombia,2019-09-06,Brazil,Brazil 2.0-2.0 Colombia,Empate,Amistoso
Colombia,2019-09-10,Venezuela,Colombia 0.0-0.0 Venezuela,Empate,Amistoso
Colombia,2019-10-12,Chile,Colombia 0.0-0.0 Chile,Empate,Amistoso
Colombia,2019-10-15,Algeria,Algeria 3.0-0.0 Colombia,Derrota,Amistoso
Colombia,2019-11-15,Peru,Colombia 1.0-0.0 Peru,Victoria,Amistoso
Colombia,2019-11-19,Ecuador,Ecuador 0.0-1.0 Colombia,Victoria,Amistoso
Colombia,2020-10-09,Venezuela,Colombia 3.0-0.0 Venezuela,Victoria,Oficial (torneo)
Colombia,2020-10-13,Chile,Chile 2.0-2.0 Colombia,Empate,Oficial (torneo)
Colombia,2020-11-13,Uruguay,Colombia 0.0-3.0 Uruguay,Derrota,Oficial (torneo)
Colombia,2020-11-17,Ecuador,Ecuador 6.0-1.0 Colombia,Derrota,Oficial (torneo)
Colombia,2021-06-03,Peru,Peru 0.0-3.0 Colombia,Victoria,Oficial (torneo)
Colombia,2021-06-08,Argentina,Colombia 2.0-2.0 Argentina,Empate,Oficial (torneo)
Colombia,2021-06-13,Ecuador,Colombia 1.0-0.0 Ecuador,Victoria,Otro / revisar
Colombia,2021-06-17,Venezuela,Colombia 0.0-0.0 Venezuela,Empate,Otro / revisar
Colombia,2021-06-20,Peru,Colombia 1.0-2.0 Peru,Derrota,Otro / revisar
Colombia,2021-06-23,Brazil,Brazil 2.0-1.0 Colombia,Derrota,Otro / revisar
Colombia,2021-07-03,Uruguay,Uruguay 0.0-0.0 Colombia,Empate,Otro / revisar
Colombia,2021-07-06,Argentina,Argentina 1.0-1.0 Colombia,Empate,Otro / revisar
Colombia,2021-07-09,Peru,Peru 2.0-3.0 Colombia,Victoria,Otro / revisar
Colombia,2021-09-02,Bolivia,Bolivia 1.0-1.0 Colombia,Empate,Oficial (torneo)
Colombia,2021-09-05,Paraguay,Paraguay 1.0-1.0 Colombia,Empate,Oficial (torneo)
Colombia,2021-09-09,Chile,Colombia 3.0-1.0 Chile,Victoria,Oficial (torneo)
Colombia,2021-10-07,Uruguay,Uruguay 0.0-0.0 Colombia,Empate,Oficial (torneo)
Colombia,2021-10-10,Brazil,Colombia 0.0-0.0 Brazil,Empate,Oficial (torneo)
Colombia,2021-10-14,Ecuador,Colombia 0.0-0.0 Ecuador,Empate,Oficial (torneo)
Colombia,2021-11-11,Brazil,Brazil 1.0-0.0 Colombia,Derrota,Oficial (torneo)
Colombia,2021-11-16,Paraguay,Colombia 0.0-0.0 Paraguay,Empate,Oficial (torneo)
Colombia,2022-01-16,Honduras,Colombia 2.0-1.0 Honduras,Victoria,Amistoso
Colombia,2022-01-28,Peru,Colombia 0.0-1.0 Peru,Derrota,Oficial (torneo)
Colombia,2022-02-01,Argentina,Argentina 1.0-0.0 Colombia,Derrota,Oficial (torneo)
Colombia,2022-03-24,Bolivia,Colombia 3.0-0.0 Bolivia,Victoria,Oficial (torneo)
Colombia,2022-03-29,Venezuela,Venezuela 0.0-1.0 Colombia,Victoria,Oficial (torneo)
Colombia,2022-06-05,Saudi Arabia,Saudi Arabia 0.0-1.0 Colombia,Victoria,Amistoso
Colombia,2022-09-24,Guatemala,Colombia 4.0-1.0 Guatemala,Victoria,Amistoso
Colombia,2022-09-27,Mexico,Mexico 2.0-3.0 Colombia,Victoria,Amistoso
Colombia,2022-11-19,Paraguay,Colombia 2.0-0.0 Paraguay,Victoria,Amistoso
Colombia,2023-01-28,United States,United States 0.0-0.0 Colombia,Empate,Amistoso
Colombia,2023-03-24,South Korea,South Korea 2.0-2.0 Colombia,Empate,Amistoso
Colombia,2023-03-28,Japan,Japan 1.0-2.0 Colombia,Victoria,Amistoso
Colombia,2023-06-16,Iraq,Colombia 1.0-0.0 Iraq,Victoria,Amistoso
Colombia,2023-06-20,Germany,Germany 0.0-2.0 Colombia,Victoria,Amistoso
Colombia,2023-09-07,Venezuela,Colombia 1.0-0.0 Venezuela,Victoria,Oficial (torneo)
Colombia,2023-09-12,Chile,Chile 0.0-0.0 Colombia,Empate,Oficial (torneo)
Colombia,2023-10-12,Uruguay,Colombia 2.0-2.0 Uruguay,Empate,Oficial (torneo)
Colombia,2023-10-17,Ecuador,Ecuador 0.0-0.0 Colombia,Empate,Oficial (torneo)
Colombia,2023-11-16,Brazil,Colombia 2.0-1.0 Brazil,Victoria,Oficial (torneo)
Colombia,2023-11-21,Paraguay,Paraguay 0.0-1.0 Colombia,Victoria,Oficial (torneo)
Colombia,2023-12-16,Mexico,Mexico 2.0-3.0 Colombia,Victoria,Amistoso
Colombia,2024-03-22,Spain,Spain 0.0-1.0 Colombia,Victoria,Amistoso
Colombia,2024-03-26,Romania,Colombia 3.0-2.0 Romania,Victoria,Amistoso
Colombia,2024-06-08,United States,United States 1.0-5.0 Colombia,Victoria,Amistoso
Colombia,2024-06-15,Bolivia,Colombia 3.0-0.0 Bolivia,Victoria,Amistoso
Colombia,2024-06-24,Paraguay,Colombia 2.0-1.0 Paraguay,Victoria,Otro / revisar
Colombia,2024-06-28,Costa Rica,Colombia 3.0-0.0 Costa Rica,Victoria,Otro / revisar
Colombia,2024-07-02,Brazil,Brazil 1.0-1.0 Colombia,Empate,Otro / revisar
Colombia,2024-07-06,Panama,Colombia 5.0-0.0 Panama,Victoria,Otro / revisar
Colombia,2024-07-10,Uruguay,Uruguay 0.0-1.0 Colombia,Victoria,Otro / revisar
Colombia,2024-07-14,Argentina,Argentina 1.0-0.0 Colombia,Derrota,Otro / revisar
Colombia,2024-09-06,Peru,Peru 1.0-1.0 Colombia,Empate,Oficial (torneo)
Colombia,2024-09-10,Argentina,Colombia 2.0-1.0 Argentina,Victoria,Oficial (torneo)
Colombia,2024-10-10,Bolivia,Bolivia 1.0-0.0 Colombia,Derrota,Oficial (torneo)
Colombia,2024-10-15,Chile,Colombia 4.0-0.0 Chile,Victoria,Oficial (torneo)
Colombia,2024-11-15,Uruguay,Uruguay 3.0-2.0 Colombia,Derrota,Oficial (torneo)
Colombia,2024-11-19,Ecuador,Colombia 0.0-1.0 Ecuador,Derrota,Oficial (torneo)
Colombia,2025-03-20,Brazil,Brazil 2.0-1.0 Colombia,Derrota,Oficial (torneo)
Colombia,2025-03-25,Paraguay,Colombia 2.0-2.0 Paraguay,Empate,Oficial (torneo)
Colombia,2025-06-06,Peru,Colombia 0.0-0.0 Peru,Empate,Oficial (torneo)
Colombia,2025-06-10,Argentina,Argentina 1.0-1.0 Colombia,Empate,Oficial (torneo)
Colombia,2025-09-04,Bolivia,Colombia 3.0-0.0 Bolivia,Victoria,Oficial (torneo)
Colombia,2025-09-09,Venezuela,Venezuela 3.0-6.0 Colombia,Victoria,Oficial (torneo)
Colombia,2025-10-11,Mexico,Mexico 0.0-4.0 Colombia,Victoria,Amistoso
Colombia,2025-10-14,Canada,Canada 0.0-0.0 Colombia,Empate,Amistoso
Colombia,2025-11-15,New Zealand,Colombia 2.0-1.0 New Zealand,Victoria,Amistoso
Colombia,2025-11-18,Australia,Colombia 3.0-0.0 Australia,Victoria,Amistoso
Colombia,2026-03-26,Croatia,Colombia 1.0-2.0 Croatia,Derrota,Amistoso
Colombia,2026-03-29,France,Colombia 1.0-3.0 France,Derrota,Amistoso
Colombia,2026-06-01,Costa Rica,Colombia 3.0-1.0 Costa Rica,Victoria,Amistoso
Colombia,2026-06-07,Jordan,Jordan 0.0-2.0 Colombia,Victoria,Amistoso
Croatia,2016-03-23,Israel,Croatia 2.0-0.0 Israel,Victoria,Amistoso
Croatia,2016-03-26,Hungary,Hungary 1.0-1.0 Croatia,Empate,Amistoso
Croatia,2016-05-27,Moldova,Croatia 1.0-0.0 Moldova,Victoria,Amistoso
Croatia,2016-06-04,San Marino,Croatia 10.0-0.0 San Marino,Victoria,Amistoso
Croatia,2016-06-12,Turkey,Turkey 0.0-1.0 Croatia,Victoria,Oficial (torneo)
Croatia,2016-06-17,Czech Republic,Czech Republic 2.0-2.0 Croatia,Empate,Oficial (torneo)
Croatia,2016-06-21,Spain,Croatia 2.0-1.0 Spain,Victoria,Oficial (torneo)
Croatia,2016-06-25,Portugal,Croatia 0.0-1.0 Portugal,Derrota,Oficial (torneo)
Croatia,2016-09-05,Turkey,Croatia 1.0-1.0 Turkey,Empate,Oficial (torneo)
Croatia,2016-10-06,Kosovo,Kosovo 0.0-6.0 Croatia,Victoria,Oficial (torneo)
Croatia,2016-10-09,Finland,Finland 0.0-1.0 Croatia,Victoria,Oficial (torneo)
Croatia,2016-11-12,Iceland,Croatia 2.0-0.0 Iceland,Victoria,Oficial (torneo)
Croatia,2016-11-15,Northern Ireland,Northern Ireland 0.0-3.0 Croatia,Victoria,Amistoso
Croatia,2017-01-11,Chile,Chile 1.0-1.0 Croatia,Empate,Amistoso
Croatia,2017-01-14,China,China 1.0-1.0 Croatia,Empate,Amistoso
Croatia,2017-03-24,Ukraine,Croatia 1.0-0.0 Ukraine,Victoria,Oficial (torneo)
Croatia,2017-03-28,Estonia,Estonia 3.0-0.0 Croatia,Derrota,Amistoso
Croatia,2017-05-28,Mexico,Mexico 1.0-2.0 Croatia,Victoria,Amistoso
Croatia,2017-06-11,Iceland,Iceland 1.0-0.0 Croatia,Derrota,Oficial (torneo)
Croatia,2017-09-02,Kosovo,Croatia 1.0-0.0 Kosovo,Victoria,Oficial (torneo)
Croatia,2017-09-05,Turkey,Turkey 1.0-0.0 Croatia,Derrota,Oficial (torneo)
Croatia,2017-10-06,Finland,Croatia 1.0-1.0 Finland,Empate,Oficial (torneo)
Croatia,2017-10-09,Ukraine,Ukraine 0.0-2.0 Croatia,Victoria,Oficial (torneo)
Croatia,2017-11-09,Greece,Croatia 4.0-1.0 Greece,Victoria,Oficial (torneo)
Croatia,2017-11-12,Greece,Greece 0.0-0.0 Croatia,Empate,Oficial (torneo)
Croatia,2018-03-23,Peru,Peru 2.0-0.0 Croatia,Derrota,Amistoso
Croatia,2018-03-27,Mexico,Mexico 0.0-1.0 Croatia,Victoria,Amistoso
Croatia,2018-06-03,Brazil,Croatia 0.0-2.0 Brazil,Derrota,Amistoso
Croatia,2018-06-08,Senegal,Croatia 2.0-1.0 Senegal,Victoria,Amistoso
Croatia,2018-06-16,Nigeria,Croatia 2.0-0.0 Nigeria,Victoria,Oficial (torneo)
Croatia,2018-06-21,Argentina,Argentina 0.0-3.0 Croatia,Victoria,Oficial (torneo)
Croatia,2018-06-26,Iceland,Iceland 1.0-2.0 Croatia,Victoria,Oficial (torneo)
Croatia,2018-07-01,Denmark,Croatia 1.0-1.0 Denmark,Empate,Oficial (torneo)
Croatia,2018-07-07,Russia,Russia 2.0-2.0 Croatia,Empate,Oficial (torneo)
Croatia,2018-07-11,England,Croatia 2.0-1.0 England,Victoria,Oficial (torneo)
Croatia,2018-07-15,France,France 4.0-2.0 Croatia,Derrota,Oficial (torneo)
Croatia,2018-09-06,Portugal,Portugal 1.0-1.0 Croatia,Empate,Amistoso
Croatia,2018-09-11,Spain,Spain 6.0-0.0 Croatia,Derrota,Oficial (torneo)
Croatia,2018-10-12,England,Croatia 0.0-0.0 England,Empate,Oficial (torneo)
Croatia,2018-10-15,Jordan,Croatia 2.0-1.0 Jordan,Victoria,Amistoso
Croatia,2018-11-15,Spain,Croatia 3.0-2.0 Spain,Victoria,Oficial (torneo)
Croatia,2018-11-18,England,England 2.0-1.0 Croatia,Derrota,Oficial (torneo)
Croatia,2019-03-21,Azerbaijan,Croatia 2.0-1.0 Azerbaijan,Victoria,Oficial (torneo)
Croatia,2019-03-24,Hungary,Hungary 2.0-1.0 Croatia,Derrota,Oficial (torneo)
Croatia,2019-06-08,Wales,Croatia 2.0-1.0 Wales,Victoria,Oficial (torneo)
Croatia,2019-06-11,Tunisia,Croatia 1.0-2.0 Tunisia,Derrota,Amistoso
Croatia,2019-09-06,Slovakia,Slovakia 0.0-4.0 Croatia,Victoria,Oficial (torneo)
Croatia,2019-09-09,Azerbaijan,Azerbaijan 1.0-1.0 Croatia,Empate,Oficial (torneo)
Croatia,2019-10-10,Hungary,Croatia 3.0-0.0 Hungary,Victoria,Oficial (torneo)
Croatia,2019-10-13,Wales,Wales 1.0-1.0 Croatia,Empate,Oficial (torneo)
Croatia,2019-11-16,Slovakia,Croatia 3.0-1.0 Slovakia,Victoria,Oficial (torneo)
Croatia,2019-11-19,Georgia,Croatia 2.0-1.0 Georgia,Victoria,Amistoso
Croatia,2020-09-05,Portugal,Portugal 4.0-1.0 Croatia,Derrota,Oficial (torneo)
Croatia,2020-09-08,France,France 4.0-2.0 Croatia,Derrota,Oficial (torneo)
Croatia,2020-10-07,Switzerland,Switzerland 1.0-2.0 Croatia,Victoria,Amistoso
Croatia,2020-10-11,Sweden,Croatia 2.0-1.0 Sweden,Victoria,Oficial (torneo)
Croatia,2020-10-14,France,Croatia 1.0-2.0 France,Derrota,Oficial (torneo)
Croatia,2020-11-11,Turkey,Turkey 3.0-3.0 Croatia,Empate,Amistoso
Croatia,2020-11-14,Sweden,Sweden 2.0-1.0 Croatia,Derrota,Oficial (torneo)
Croatia,2020-11-17,Portugal,Croatia 2.0-3.0 Portugal,Derrota,Oficial (torneo)
Croatia,2021-03-24,Slovenia,Slovenia 1.0-0.0 Croatia,Derrota,Oficial (torneo)
Croatia,2021-03-27,Cyprus,Croatia 1.0-0.0 Cyprus,Victoria,Oficial (torneo)
Croatia,2021-03-30,Malta,Croatia 3.0-0.0 Malta,Victoria,Oficial (torneo)
Croatia,2021-06-01,Armenia,Croatia 1.0-1.0 Armenia,Empate,Amistoso
Croatia,2021-06-06,Belgium,Belgium 1.0-0.0 Croatia,Derrota,Amistoso
Croatia,2021-06-13,England,England 1.0-0.0 Croatia,Derrota,Oficial (torneo)
Croatia,2021-06-18,Czech Republic,Croatia 1.0-1.0 Czech Republic,Empate,Oficial (torneo)
Croatia,2021-06-22,Scotland,Scotland 1.0-3.0 Croatia,Victoria,Oficial (torneo)
Croatia,2021-06-28,Spain,Croatia 3.0-5.0 Spain,Derrota,Oficial (torneo)
Croatia,2021-09-01,Russia,Russia 0.0-0.0 Croatia,Empate,Oficial (torneo)
Croatia,2021-09-04,Slovakia,Slovakia 0.0-1.0 Croatia,Victoria,Oficial (torneo)
Croatia,2021-09-07,Slovenia,Croatia 3.0-0.0 Slovenia,Victoria,Oficial (torneo)
Croatia,2021-10-08,Cyprus,Cyprus 0.0-3.0 Croatia,Victoria,Oficial (torneo)
Croatia,2021-10-11,Slovakia,Croatia 2.0-2.0 Slovakia,Empate,Oficial (torneo)
Croatia,2021-11-11,Malta,Malta 1.0-7.0 Croatia,Victoria,Oficial (torneo)
Croatia,2021-11-14,Russia,Croatia 1.0-0.0 Russia,Victoria,Oficial (torneo)
Croatia,2022-03-26,Slovenia,Croatia 1.0-1.0 Slovenia,Empate,Amistoso
Croatia,2022-03-29,Bulgaria,Croatia 2.0-1.0 Bulgaria,Victoria,Amistoso
Croatia,2022-06-03,Austria,Croatia 0.0-3.0 Austria,Derrota,Oficial (torneo)
Croatia,2022-06-06,France,Croatia 1.0-1.0 France,Empate,Oficial (torneo)
Croatia,2022-06-10,Denmark,Denmark 0.0-1.0 Croatia,Victoria,Oficial (torneo)
Croatia,2022-06-13,France,France 0.0-1.0 Croatia,Victoria,Oficial (torneo)
Croatia,2022-09-22,Denmark,Croatia 2.0-1.0 Denmark,Victoria,Oficial (torneo)
Croatia,2022-09-25,Austria,Austria 1.0-3.0 Croatia,Victoria,Oficial (torneo)
Croatia,2022-11-16,Saudi Arabia,Saudi Arabia 0.0-1.0 Croatia,Victoria,Amistoso
Croatia,2022-11-23,Morocco,Morocco 0.0-0.0 Croatia,Empate,Oficial (torneo)
Croatia,2022-11-27,Canada,Croatia 4.0-1.0 Canada,Victoria,Oficial (torneo)
Croatia,2022-12-01,Belgium,Croatia 0.0-0.0 Belgium,Empate,Oficial (torneo)
Croatia,2022-12-05,Japan,Japan 1.0-1.0 Croatia,Empate,Oficial (torneo)
Croatia,2022-12-09,Brazil,Croatia 1.0-1.0 Brazil,Empate,Oficial (torneo)
Croatia,2022-12-13,Argentina,Argentina 3.0-0.0 Croatia,Derrota,Oficial (torneo)
Croatia,2022-12-17,Morocco,Croatia 2.0-1.0 Morocco,Victoria,Oficial (torneo)
Croatia,2023-03-25,Wales,Croatia 1.0-1.0 Wales,Empate,Oficial (torneo)
Croatia,2023-03-28,Turkey,Turkey 0.0-2.0 Croatia,Victoria,Oficial (torneo)
Croatia,2023-06-14,Netherlands,Netherlands 2.0-4.0 Croatia,Victoria,Oficial (torneo)
Croatia,2023-06-18,Spain,Croatia 0.0-0.0 Spain,Empate,Oficial (torneo)
Croatia,2023-09-08,Latvia,Croatia 5.0-0.0 Latvia,Victoria,Oficial (torneo)
Croatia,2023-09-11,Armenia,Armenia 0.0-1.0 Croatia,Victoria,Oficial (torneo)
Croatia,2023-10-12,Turkey,Croatia 0.0-1.0 Turkey,Derrota,Oficial (torneo)
Croatia,2023-10-15,Wales,Wales 2.0-1.0 Croatia,Derrota,Oficial (torneo)
Croatia,2023-11-18,Latvia,Latvia 0.0-2.0 Croatia,Victoria,Oficial (torneo)
Croatia,2023-11-21,Armenia,Croatia 1.0-0.0 Armenia,Victoria,Oficial (torneo)
Croatia,2024-03-23,Tunisia,Tunisia 0.0-0.0 Croatia,Empate,Otro / revisar
Croatia,2024-03-26,Egypt,Egypt 2.0-4.0 Croatia,Victoria,Otro / revisar
Croatia,2024-06-03,North Macedonia,Croatia 3.0-0.0 North Macedonia,Victoria,Amistoso
Croatia,2024-06-08,Portugal,Portugal 1.0-2.0 Croatia,Victoria,Amistoso
Croatia,2024-06-15,Spain,Spain 3.0-0.0 Croatia,Derrota,Oficial (torneo)
Croatia,2024-06-19,Albania,Croatia 2.0-2.0 Albania,Empate,Oficial (torneo)
Croatia,2024-06-24,Italy,Croatia 1.0-1.0 Italy,Empate,Oficial (torneo)
Croatia,2024-09-05,Portugal,Portugal 2.0-1.0 Croatia,Derrota,Oficial (torneo)
Croatia,2024-09-08,Poland,Croatia 1.0-0.0 Poland,Victoria,Oficial (torneo)
Croatia,2024-10-12,Scotland,Croatia 2.0-1.0 Scotland,Victoria,Oficial (torneo)
Croatia,2024-10-15,Poland,Poland 3.0-3.0 Croatia,Empate,Oficial (torneo)
Croatia,2024-11-15,Scotland,Scotland 1.0-0.0 Croatia,Derrota,Oficial (torneo)
Croatia,2024-11-18,Portugal,Croatia 1.0-1.0 Portugal,Empate,Oficial (torneo)
Croatia,2025-03-20,France,Croatia 2.0-0.0 France,Victoria,Oficial (torneo)
Croatia,2025-03-23,France,France 2.0-0.0 Croatia,Derrota,Oficial (torneo)
Croatia,2025-06-06,Gibraltar,Gibraltar 0.0-7.0 Croatia,Victoria,Oficial (torneo)
Croatia,2025-06-09,Czech Republic,Croatia 5.0-1.0 Czech Republic,Victoria,Oficial (torneo)
Croatia,2025-09-05,Faroe Islands,Faroe Islands 0.0-1.0 Croatia,Victoria,Oficial (torneo)
Croatia,2025-09-08,Montenegro,Croatia 4.0-0.0 Montenegro,Victoria,Oficial (torneo)
Croatia,2025-10-09,Czech Republic,Czech Republic 0.0-0.0 Croatia,Empate,Oficial (torneo)
Croatia,2025-10-12,Gibraltar,Croatia 3.0-0.0 Gibraltar,Victoria,Oficial (torneo)
Croatia,2025-11-14,Faroe Islands,Croatia 3.0-1.0 Faroe Islands,Victoria,Oficial (torneo)
Croatia,2025-11-17,Montenegro,Montenegro 2.0-3.0 Croatia,Victoria,Oficial (torneo)
Croatia,2026-03-26,Colombia,Colombia 1.0-2.0 Croatia,Victoria,Amistoso
Croatia,2026-03-31,Brazil,Brazil 3.0-1.0 Croatia,Derrota,Amistoso
Croatia,2026-06-02,Belgium,Croatia 0.0-2.0 Belgium,Derrota,Amistoso
Croatia,2026-06-07,Slovenia,Croatia 2.0-1.0 Slovenia,Victoria,Amistoso
Curaçao,2016-03-23,Barbados,Barbados 1.0-0.0 Curaçao,Derrota,Eliminatoria
Curaçao,2016-03-26,Dominican Republic,Curaçao 2.0-1.0 Dominican Republic,Victoria,Eliminatoria
Curaçao,2016-06-01,Guyana,Curaçao 5.0-2.0 Guyana,Victoria,Eliminatoria
Curaçao,2016-06-07,United States Virgin Islands,Curaçao 7.0-0.0 United States Virgin Islands,Victoria,Eliminatoria
Curaçao,2016-10-05,Antigua and Barbuda,Curaçao 3.0-0.0 Antigua and Barbuda,Victoria,Eliminatoria
Curaçao,2016-10-11,Puerto Rico,Puerto Rico 2.0-4.0 Curaçao,Victoria,Eliminatoria
Curaçao,2017-03-22,El Salvador,Curaçao 1.0-1.0 El Salvador,Empate,Amistoso
Curaçao,2017-06-13,Canada,Canada 2.0-1.0 Curaçao,Derrota,Amistoso
Curaçao,2017-06-17,Nicaragua,Curaçao 0.0-0.0 Nicaragua,Empate,Amistoso
Curaçao,2017-06-22,Martinique,Martinique 1.0-2.0 Curaçao,Victoria,Otro / revisar
Curaçao,2017-06-25,Jamaica,Jamaica 1.0-2.0 Curaçao,Victoria,Otro / revisar
Curaçao,2017-07-09,Jamaica,Curaçao 0.0-2.0 Jamaica,Derrota,Oficial (torneo)
Curaçao,2017-07-13,El Salvador,El Salvador 2.0-0.0 Curaçao,Derrota,Oficial (torneo)
Curaçao,2017-07-16,Mexico,Curaçao 0.0-2.0 Mexico,Derrota,Oficial (torneo)
Curaçao,2017-10-10,Qatar,Qatar 1.0-2.0 Curaçao,Victoria,Amistoso
Curaçao,2018-03-23,Bolivia,Curaçao 1.0-1.0 Bolivia,Empate,Amistoso
Curaçao,2018-03-26,Bolivia,Curaçao 1.0-0.0 Bolivia,Victoria,Amistoso
Curaçao,2018-09-10,Grenada,Curaçao 10.0-0.0 Grenada,Victoria,Oficial (torneo)
Curaçao,2018-10-12,United States Virgin Islands,United States Virgin Islands 0.0-5.0 Curaçao,Victoria,Oficial (torneo)
Curaçao,2018-11-19,Guadeloupe,Curaçao 6.0-0.0 Guadeloupe,Victoria,Oficial (torneo)
Curaçao,2019-03-23,Antigua and Barbuda,Antigua and Barbuda 2.0-1.0 Curaçao,Derrota,Oficial (torneo)
Curaçao,2019-06-17,El Salvador,Curaçao 0.0-1.0 El Salvador,Derrota,Oficial (torneo)
Curaçao,2019-06-21,Honduras,Honduras 0.0-1.0 Curaçao,Victoria,Oficial (torneo)
Curaçao,2019-06-25,Jamaica,Jamaica 1.0-1.0 Curaçao,Empate,Oficial (torneo)
Curaçao,2019-06-30,United States,United States 1.0-0.0 Curaçao,Derrota,Oficial (torneo)
Curaçao,2019-09-07,Haiti,Curaçao 1.0-0.0 Haiti,Victoria,Oficial (torneo)
Curaçao,2019-09-10,Haiti,Haiti 1.0-1.0 Curaçao,Empate,Oficial (torneo)
Curaçao,2019-10-13,Costa Rica,Costa Rica 0.0-0.0 Curaçao,Empate,Oficial (torneo)
Curaçao,2019-11-14,Costa Rica,Curaçao 1.0-2.0 Costa Rica,Derrota,Oficial (torneo)
Curaçao,2021-03-25,Saint Vincent and the Grenadines,Curaçao 5.0-0.0 Saint Vincent and the Grenadines,Victoria,Oficial (torneo)
Curaçao,2021-03-28,Cuba,Cuba 1.0-2.0 Curaçao,Victoria,Oficial (torneo)
Curaçao,2021-06-05,British Virgin Islands,British Virgin Islands 0.0-8.0 Curaçao,Victoria,Oficial (torneo)
Curaçao,2021-06-08,Guatemala,Curaçao 0.0-0.0 Guatemala,Empate,Oficial (torneo)
Curaçao,2021-06-12,Panama,Panama 2.0-1.0 Curaçao,Derrota,Oficial (torneo)
Curaçao,2021-06-15,Panama,Curaçao 0.0-0.0 Panama,Empate,Oficial (torneo)
Curaçao,2021-10-06,Bahrain,Bahrain 4.0-0.0 Curaçao,Derrota,Amistoso
Curaçao,2021-10-09,New Zealand,Curaçao 1.0-2.0 New Zealand,Derrota,Amistoso
Curaçao,2022-06-03,Honduras,Curaçao 0.0-1.0 Honduras,Derrota,Oficial (torneo)
Curaçao,2022-06-06,Honduras,Honduras 1.0-2.0 Curaçao,Victoria,Oficial (torneo)
Curaçao,2022-06-09,Canada,Canada 4.0-0.0 Curaçao,Derrota,Oficial (torneo)
Curaçao,2022-09-24,Indonesia,Indonesia 3.0-2.0 Curaçao,Derrota,Amistoso
Curaçao,2022-09-27,Indonesia,Indonesia 2.0-1.0 Curaçao,Derrota,Amistoso
Curaçao,2023-03-25,Canada,Curaçao 0.0-2.0 Canada,Derrota,Oficial (torneo)
Curaçao,2023-03-28,Argentina,Argentina 7.0-0.0 Curaçao,Derrota,Amistoso
Curaçao,2023-06-13,Costa Rica,Curaçao 0.0-0.0 Costa Rica,Empate,Amistoso
Curaçao,2023-06-16,Saint Kitts and Nevis,Curaçao 1.0-1.0 Saint Kitts and Nevis,Empate,Oficial (torneo)
Curaçao,2023-09-07,Trinidad and Tobago,Trinidad and Tobago 1.0-0.0 Curaçao,Derrota,Oficial (torneo)
Curaçao,2023-09-10,Martinique,Martinique 1.0-0.0 Curaçao,Derrota,Oficial (torneo)
Curaçao,2023-10-13,Panama,Curaçao 1.0-2.0 Panama,Derrota,Oficial (torneo)
Curaçao,2023-10-17,Trinidad and Tobago,Curaçao 5.0-3.0 Trinidad and Tobago,Victoria,Oficial (torneo)
Curaçao,2023-11-16,El Salvador,Curaçao 1.0-1.0 El Salvador,Empate,Amistoso
Curaçao,2023-11-20,El Salvador,Curaçao 1.0-1.0 El Salvador,Empate,Amistoso
Curaçao,2024-06-05,Barbados,Curaçao 4.0-1.0 Barbados,Victoria,Oficial (torneo)
Curaçao,2024-06-08,Aruba,Aruba 0.0-2.0 Curaçao,Victoria,Oficial (torneo)
Curaçao,2024-09-06,Saint Lucia,Saint Lucia 2.0-1.0 Curaçao,Derrota,Oficial (torneo)
Curaçao,2024-09-09,Saint Martin,Curaçao 4.0-0.0 Saint Martin,Victoria,Oficial (torneo)
Curaçao,2024-10-11,Grenada,Grenada 0.0-0.0 Curaçao,Empate,Oficial (torneo)
Curaçao,2024-10-14,Grenada,Curaçao 1.0-0.0 Grenada,Victoria,Oficial (torneo)
Curaçao,2024-11-15,Saint Martin,Curaçao 5.0-0.0 Saint Martin,Victoria,Oficial (torneo)
Curaçao,2024-11-18,Saint Lucia,Saint Lucia 1.0-4.0 Curaçao,Victoria,Oficial (torneo)
Curaçao,2025-03-19,Kazakhstan,Kazakhstan 2.0-0.0 Curaçao,Derrota,Amistoso
Curaçao,2025-06-06,Saint Lucia,Curaçao 4.0-0.0 Saint Lucia,Victoria,Oficial (torneo)
Curaçao,2025-06-10,Haiti,Haiti 1.0-5.0 Curaçao,Victoria,Oficial (torneo)
Curaçao,2025-06-17,El Salvador,Curaçao 0.0-0.0 El Salvador,Empate,Oficial (torneo)
Curaçao,2025-06-21,Canada,Curaçao 1.0-1.0 Canada,Empate,Oficial (torneo)
Curaçao,2025-06-24,Honduras,Honduras 2.0-1.0 Curaçao,Derrota,Oficial (torneo)
Curaçao,2025-09-05,Trinidad and Tobago,Trinidad and Tobago 0.0-0.0 Curaçao,Empate,Oficial (torneo)
Curaçao,2025-09-09,Bermuda,Curaçao 3.0-2.0 Bermuda,Victoria,Oficial (torneo)
Curaçao,2025-10-10,Jamaica,Curaçao 2.0-0.0 Jamaica,Victoria,Oficial (torneo)
Curaçao,2025-10-14,Trinidad and Tobago,Curaçao 1.0-1.0 Trinidad and Tobago,Empate,Oficial (torneo)
Curaçao,2025-11-13,Bermuda,Bermuda 0.0-7.0 Curaçao,Victoria,Oficial (torneo)
Curaçao,2025-11-18,Jamaica,Jamaica 0.0-0.0 Curaçao,Empate,Oficial (torneo)
Curaçao,2026-03-27,China,China 2.0-0.0 Curaçao,Derrota,Otro / revisar
Curaçao,2026-03-31,Australia,Australia 5.0-1.0 Curaçao,Derrota,Otro / revisar
Curaçao,2026-05-30,Scotland,Scotland 4.0-1.0 Curaçao,Derrota,Amistoso
Curaçao,2026-06-06,Aruba,Curaçao 4.0-0.0 Aruba,Victoria,Amistoso
DR Congo,2016-01-10,Rwanda,Rwanda 1.0-0.0 DR Congo,Derrota,Amistoso
DR Congo,2016-03-26,Angola,DR Congo 2.0-1.0 Angola,Victoria,Eliminatoria
DR Congo,2016-03-29,Angola,Angola 0.0-2.0 DR Congo,Victoria,Eliminatoria
DR Congo,2016-05-25,Romania,Romania 1.0-1.0 DR Congo,Empate,Amistoso
DR Congo,2016-06-05,Madagascar,Madagascar 1.0-6.0 DR Congo,Victoria,Eliminatoria
DR Congo,2016-06-19,Mozambique,DR Congo 1.0-0.0 Mozambique,Victoria,Otro / revisar
DR Congo,2016-06-22,Botswana,Botswana 0.0-0.0 DR Congo,Empate,Otro / revisar
DR Congo,2016-06-25,Eswatini,Eswatini 1.0-0.0 DR Congo,Derrota,Otro / revisar
DR Congo,2016-09-04,Central African Republic,DR Congo 4.0-1.0 Central African Republic,Victoria,Eliminatoria
DR Congo,2016-10-04,Kenya,DR Congo 0.0-1.0 Kenya,Derrota,Amistoso
DR Congo,2016-10-08,Libya,DR Congo 4.0-0.0 Libya,Victoria,Oficial (torneo)
DR Congo,2016-11-13,Guinea,Guinea 1.0-2.0 DR Congo,Victoria,Oficial (torneo)
DR Congo,2017-01-05,Cameroon,Cameroon 2.0-0.0 DR Congo,Derrota,Amistoso
DR Congo,2017-01-16,Morocco,DR Congo 1.0-0.0 Morocco,Victoria,Otro / revisar
DR Congo,2017-01-20,Ivory Coast,Ivory Coast 2.0-2.0 DR Congo,Empate,Otro / revisar
DR Congo,2017-01-24,Togo,Togo 1.0-3.0 DR Congo,Victoria,Otro / revisar
DR Congo,2017-01-29,Ghana,DR Congo 1.0-2.0 Ghana,Derrota,Otro / revisar
DR Congo,2017-03-26,Kenya,Kenya 2.0-1.0 DR Congo,Derrota,Amistoso
DR Congo,2017-06-05,Botswana,DR Congo 2.0-0.0 Botswana,Victoria,Amistoso
DR Congo,2017-06-10,Congo,DR Congo 3.0-1.0 Congo,Victoria,Eliminatoria
DR Congo,2017-09-01,Tunisia,Tunisia 2.0-1.0 DR Congo,Derrota,Oficial (torneo)
DR Congo,2017-09-05,Tunisia,DR Congo 2.0-2.0 Tunisia,Empate,Oficial (torneo)
DR Congo,2017-10-07,Libya,Libya 1.0-2.0 DR Congo,Victoria,Oficial (torneo)
DR Congo,2017-11-11,Guinea,DR Congo 3.0-1.0 Guinea,Victoria,Oficial (torneo)
DR Congo,2018-03-27,Tanzania,Tanzania 2.0-0.0 DR Congo,Derrota,Amistoso
DR Congo,2018-05-28,Nigeria,Nigeria 1.0-1.0 DR Congo,Empate,Amistoso
DR Congo,2018-09-09,Liberia,Liberia 1.0-1.0 DR Congo,Empate,Eliminatoria
DR Congo,2018-10-13,Zimbabwe,DR Congo 1.0-2.0 Zimbabwe,Derrota,Eliminatoria
DR Congo,2018-10-16,Zimbabwe,Zimbabwe 1.0-1.0 DR Congo,Empate,Eliminatoria
DR Congo,2018-11-18,Congo,Congo 1.0-1.0 DR Congo,Empate,Eliminatoria
DR Congo,2019-03-24,Liberia,DR Congo 1.0-0.0 Liberia,Victoria,Eliminatoria
DR Congo,2019-06-09,Burkina Faso,DR Congo 0.0-0.0 Burkina Faso,Empate,Amistoso
DR Congo,2019-06-15,Kenya,Kenya 1.0-1.0 DR Congo,Empate,Amistoso
DR Congo,2019-06-22,Uganda,DR Congo 0.0-2.0 Uganda,Derrota,Otro / revisar
DR Congo,2019-06-26,Egypt,Egypt 2.0-0.0 DR Congo,Derrota,Otro / revisar
DR Congo,2019-06-30,Zimbabwe,Zimbabwe 0.0-4.0 DR Congo,Victoria,Otro / revisar
DR Congo,2019-07-07,Madagascar,Madagascar 2.0-2.0 DR Congo,Empate,Otro / revisar
DR Congo,2019-09-18,Rwanda,DR Congo 2.0-3.0 Rwanda,Derrota,Amistoso
DR Congo,2019-10-10,Algeria,Algeria 1.0-1.0 DR Congo,Empate,Amistoso
DR Congo,2019-10-12,Ivory Coast,Ivory Coast 3.0-1.0 DR Congo,Derrota,Amistoso
DR Congo,2019-11-14,Gabon,DR Congo 0.0-0.0 Gabon,Empate,Eliminatoria
DR Congo,2019-11-18,Gambia,Gambia 2.0-2.0 DR Congo,Empate,Eliminatoria
DR Congo,2020-10-09,Burkina Faso,Burkina Faso 3.0-0.0 DR Congo,Derrota,Amistoso
DR Congo,2020-10-13,Morocco,Morocco 1.0-1.0 DR Congo,Empate,Amistoso
DR Congo,2020-11-14,Angola,DR Congo 0.0-0.0 Angola,Empate,Eliminatoria
DR Congo,2020-11-17,Angola,Angola 0.0-1.0 DR Congo,Victoria,Eliminatoria
DR Congo,2021-03-25,Gabon,Gabon 3.0-0.0 DR Congo,Derrota,Eliminatoria
DR Congo,2021-03-29,Gambia,DR Congo 1.0-0.0 Gambia,Victoria,Eliminatoria
DR Congo,2021-06-05,Tunisia,Tunisia 1.0-0.0 DR Congo,Derrota,Amistoso
DR Congo,2021-06-11,Mali,DR Congo 1.0-1.0 Mali,Empate,Amistoso
DR Congo,2021-09-02,Tanzania,DR Congo 1.0-1.0 Tanzania,Empate,Oficial (torneo)
DR Congo,2021-09-06,Benin,Benin 1.0-1.0 DR Congo,Empate,Oficial (torneo)
DR Congo,2021-10-07,Madagascar,DR Congo 2.0-0.0 Madagascar,Victoria,Oficial (torneo)
DR Congo,2021-10-10,Madagascar,Madagascar 1.0-0.0 DR Congo,Derrota,Oficial (torneo)
DR Congo,2021-11-11,Tanzania,Tanzania 0.0-3.0 DR Congo,Victoria,Oficial (torneo)
DR Congo,2021-11-14,Benin,DR Congo 2.0-0.0 Benin,Victoria,Oficial (torneo)
DR Congo,2022-02-01,Bahrain,Bahrain 1.0-0.0 DR Congo,Derrota,Amistoso
DR Congo,2022-03-25,Morocco,DR Congo 1.0-1.0 Morocco,Empate,Oficial (torneo)
DR Congo,2022-03-29,Morocco,Morocco 4.0-1.0 DR Congo,Derrota,Oficial (torneo)
DR Congo,2022-06-04,Gabon,DR Congo 0.0-1.0 Gabon,Derrota,Eliminatoria
DR Congo,2022-06-08,Sudan,Sudan 2.0-1.0 DR Congo,Derrota,Eliminatoria
DR Congo,2022-09-23,Burkina Faso,DR Congo 0.0-1.0 Burkina Faso,Derrota,Amistoso
DR Congo,2022-09-27,Sierra Leone,DR Congo 3.0-0.0 Sierra Leone,Victoria,Amistoso
DR Congo,2023-03-24,Mauritania,DR Congo 3.0-1.0 Mauritania,Victoria,Eliminatoria
DR Congo,2023-03-28,Mauritania,Mauritania 1.0-1.0 DR Congo,Empate,Eliminatoria
DR Congo,2023-06-14,Uganda,DR Congo 1.0-0.0 Uganda,Victoria,Amistoso
DR Congo,2023-06-18,Gabon,Gabon 0.0-2.0 DR Congo,Victoria,Eliminatoria
DR Congo,2023-09-09,Sudan,DR Congo 2.0-0.0 Sudan,Victoria,Eliminatoria
DR Congo,2023-09-12,South Africa,South Africa 1.0-0.0 DR Congo,Derrota,Amistoso
DR Congo,2023-10-13,New Zealand,DR Congo 1.0-1.0 New Zealand,Empate,Amistoso
DR Congo,2023-10-17,Angola,Angola 0.0-0.0 DR Congo,Empate,Amistoso
DR Congo,2023-11-15,Mauritania,DR Congo 2.0-0.0 Mauritania,Victoria,Oficial (torneo)
DR Congo,2023-11-19,Sudan,Sudan 1.0-0.0 DR Congo,Derrota,Oficial (torneo)
DR Congo,2024-01-06,Angola,DR Congo 0.0-0.0 Angola,Empate,Amistoso
DR Congo,2024-01-10,Burkina Faso,DR Congo 1.0-2.0 Burkina Faso,Derrota,Amistoso
DR Congo,2024-01-17,Zambia,DR Congo 1.0-1.0 Zambia,Empate,Otro / revisar
DR Congo,2024-01-21,Morocco,Morocco 1.0-1.0 DR Congo,Empate,Otro / revisar
DR Congo,2024-01-24,Tanzania,Tanzania 0.0-0.0 DR Congo,Empate,Otro / revisar
DR Congo,2024-01-28,Egypt,Egypt 1.0-1.0 DR Congo,Empate,Otro / revisar
DR Congo,2024-02-02,Guinea,DR Congo 3.0-1.0 Guinea,Victoria,Otro / revisar
DR Congo,2024-02-07,Ivory Coast,Ivory Coast 1.0-0.0 DR Congo,Derrota,Otro / revisar
DR Congo,2024-02-10,South Africa,South Africa 0.0-0.0 DR Congo,Empate,Otro / revisar
DR Congo,2024-06-06,Senegal,Senegal 1.0-1.0 DR Congo,Empate,Oficial (torneo)
DR Congo,2024-06-09,Togo,DR Congo 1.0-0.0 Togo,Victoria,Oficial (torneo)
DR Congo,2024-09-06,Guinea,DR Congo 1.0-0.0 Guinea,Victoria,Eliminatoria
DR Congo,2024-09-09,Ethiopia,Ethiopia 0.0-2.0 DR Congo,Victoria,Eliminatoria
DR Congo,2024-10-10,Tanzania,DR Congo 1.0-0.0 Tanzania,Victoria,Eliminatoria
DR Congo,2024-10-15,Tanzania,Tanzania 0.0-2.0 DR Congo,Victoria,Eliminatoria
DR Congo,2024-11-16,Guinea,Guinea 1.0-0.0 DR Congo,Derrota,Eliminatoria
DR Congo,2024-11-19,Ethiopia,DR Congo 1.0-2.0 Ethiopia,Derrota,Eliminatoria
DR Congo,2025-03-21,South Sudan,DR Congo 1.0-0.0 South Sudan,Victoria,Oficial (torneo)
DR Congo,2025-03-25,Mauritania,Mauritania 0.0-2.0 DR Congo,Victoria,Oficial (torneo)
DR Congo,2025-06-05,Mali,DR Congo 1.0-0.0 Mali,Victoria,Amistoso
DR Congo,2025-06-08,Madagascar,DR Congo 3.0-1.0 Madagascar,Victoria,Amistoso
DR Congo,2025-09-05,South Sudan,South Sudan 1.0-4.0 DR Congo,Victoria,Oficial (torneo)
DR Congo,2025-09-09,Senegal,DR Congo 2.0-3.0 Senegal,Derrota,Oficial (torneo)
DR Congo,2025-10-10,Togo,Togo 0.0-1.0 DR Congo,Victoria,Oficial (torneo)
DR Congo,2025-10-14,Sudan,DR Congo 1.0-0.0 Sudan,Victoria,Oficial (torneo)
DR Congo,2025-11-13,Cameroon,Cameroon 0.0-1.0 DR Congo,Victoria,Oficial (torneo)
DR Congo,2025-11-16,Nigeria,Nigeria 1.0-1.0 DR Congo,Empate,Oficial (torneo)
DR Congo,2025-12-23,Benin,DR Congo 1.0-0.0 Benin,Victoria,Otro / revisar
DR Congo,2025-12-27,Senegal,Senegal 1.0-1.0 DR Congo,Empate,Otro / revisar
DR Congo,2025-12-30,Botswana,Botswana 0.0-3.0 DR Congo,Victoria,Otro / revisar
DR Congo,2026-01-06,Algeria,Algeria 1.0-0.0 DR Congo,Derrota,Otro / revisar
DR Congo,2026-03-25,Bermuda,Bermuda 0.0-2.0 DR Congo,Victoria,Amistoso
DR Congo,2026-03-31,Jamaica,DR Congo 1.0-0.0 Jamaica,Victoria,Oficial (torneo)
DR Congo,2026-06-03,Denmark,DR Congo 0.0-0.0 Denmark,Empate,Amistoso
DR Congo,2026-06-09,Chile,DR Congo 1.0-2.0 Chile,Derrota,Amistoso
Ecuador,2016-03-24,Paraguay,Ecuador 2.0-2.0 Paraguay,Empate,Oficial (torneo)
Ecuador,2016-03-29,Colombia,Colombia 3.0-1.0 Ecuador,Derrota,Oficial (torneo)
Ecuador,2016-06-04,Brazil,Brazil 0.0-0.0 Ecuador,Empate,Otro / revisar
Ecuador,2016-06-08,Peru,Ecuador 2.0-2.0 Peru,Empate,Otro / revisar
Ecuador,2016-06-12,Haiti,Ecuador 4.0-0.0 Haiti,Victoria,Otro / revisar
Ecuador,2016-06-16,United States,United States 2.0-1.0 Ecuador,Derrota,Otro / revisar
Ecuador,2016-09-01,Brazil,Ecuador 0.0-3.0 Brazil,Derrota,Oficial (torneo)
Ecuador,2016-09-06,Peru,Peru 2.0-1.0 Ecuador,Derrota,Oficial (torneo)
Ecuador,2016-10-06,Chile,Ecuador 3.0-0.0 Chile,Victoria,Oficial (torneo)
Ecuador,2016-10-11,Bolivia,Bolivia 2.0-2.0 Ecuador,Empate,Oficial (torneo)
Ecuador,2016-11-10,Uruguay,Uruguay 2.0-1.0 Ecuador,Derrota,Oficial (torneo)
Ecuador,2016-11-15,Venezuela,Ecuador 3.0-0.0 Venezuela,Victoria,Oficial (torneo)
Ecuador,2017-02-22,Honduras,Ecuador 3.0-1.0 Honduras,Victoria,Amistoso
Ecuador,2017-03-23,Paraguay,Paraguay 2.0-1.0 Ecuador,Derrota,Oficial (torneo)
Ecuador,2017-03-28,Colombia,Ecuador 0.0-2.0 Colombia,Derrota,Oficial (torneo)
Ecuador,2017-06-08,Venezuela,Ecuador 1.0-1.0 Venezuela,Empate,Amistoso
Ecuador,2017-06-13,El Salvador,El Salvador 0.0-3.0 Ecuador,Victoria,Amistoso
Ecuador,2017-07-26,Trinidad and Tobago,Ecuador 3.0-1.0 Trinidad and Tobago,Victoria,Amistoso
Ecuador,2017-08-31,Brazil,Brazil 2.0-0.0 Ecuador,Derrota,Oficial (torneo)
Ecuador,2017-09-05,Peru,Ecuador 1.0-2.0 Peru,Derrota,Oficial (torneo)
Ecuador,2017-10-05,Chile,Chile 2.0-1.0 Ecuador,Derrota,Oficial (torneo)
Ecuador,2017-10-10,Argentina,Ecuador 1.0-3.0 Argentina,Derrota,Oficial (torneo)
Ecuador,2018-09-07,Jamaica,Ecuador 2.0-0.0 Jamaica,Victoria,Amistoso
Ecuador,2018-09-11,Guatemala,Ecuador 2.0-0.0 Guatemala,Victoria,Amistoso
Ecuador,2018-10-12,Qatar,Qatar 4.0-3.0 Ecuador,Derrota,Amistoso
Ecuador,2018-10-16,Oman,Oman 0.0-0.0 Ecuador,Empate,Amistoso
Ecuador,2018-11-15,Peru,Peru 0.0-2.0 Ecuador,Victoria,Amistoso
Ecuador,2018-11-20,Panama,Panama 1.0-2.0 Ecuador,Victoria,Amistoso
Ecuador,2019-03-21,United States,United States 1.0-0.0 Ecuador,Derrota,Amistoso
Ecuador,2019-03-26,Honduras,Honduras 0.0-0.0 Ecuador,Empate,Amistoso
Ecuador,2019-06-01,Venezuela,Venezuela 1.0-1.0 Ecuador,Empate,Amistoso
Ecuador,2019-06-09,Mexico,Mexico 3.0-2.0 Ecuador,Derrota,Amistoso
Ecuador,2019-06-16,Uruguay,Uruguay 4.0-0.0 Ecuador,Derrota,Otro / revisar
Ecuador,2019-06-21,Chile,Ecuador 1.0-2.0 Chile,Derrota,Otro / revisar
Ecuador,2019-06-24,Japan,Ecuador 1.0-1.0 Japan,Empate,Otro / revisar
Ecuador,2019-09-05,Peru,Peru 0.0-1.0 Ecuador,Victoria,Amistoso
Ecuador,2019-09-10,Bolivia,Ecuador 3.0-0.0 Bolivia,Victoria,Amistoso
Ecuador,2019-10-13,Argentina,Ecuador 1.0-6.0 Argentina,Derrota,Amistoso
Ecuador,2019-11-14,Trinidad and Tobago,Ecuador 3.0-0.0 Trinidad and Tobago,Victoria,Amistoso
Ecuador,2019-11-19,Colombia,Ecuador 0.0-1.0 Colombia,Derrota,Amistoso
Ecuador,2020-10-08,Argentina,Argentina 1.0-0.0 Ecuador,Derrota,Oficial (torneo)
Ecuador,2020-10-13,Uruguay,Ecuador 4.0-2.0 Uruguay,Victoria,Oficial (torneo)
Ecuador,2020-11-12,Bolivia,Bolivia 2.0-3.0 Ecuador,Victoria,Oficial (torneo)
Ecuador,2020-11-17,Colombia,Ecuador 6.0-1.0 Colombia,Victoria,Oficial (torneo)
Ecuador,2021-03-29,Bolivia,Ecuador 2.0-1.0 Bolivia,Victoria,Amistoso
Ecuador,2021-06-04,Brazil,Brazil 2.0-0.0 Ecuador,Derrota,Oficial (torneo)
Ecuador,2021-06-08,Peru,Ecuador 1.0-2.0 Peru,Derrota,Oficial (torneo)
Ecuador,2021-06-13,Colombia,Colombia 1.0-0.0 Ecuador,Derrota,Otro / revisar
Ecuador,2021-06-20,Venezuela,Venezuela 2.0-2.0 Ecuador,Empate,Otro / revisar
Ecuador,2021-06-23,Peru,Ecuador 2.0-2.0 Peru,Empate,Otro / revisar
Ecuador,2021-06-27,Brazil,Brazil 1.0-1.0 Ecuador,Empate,Otro / revisar
Ecuador,2021-07-03,Argentina,Argentina 3.0-0.0 Ecuador,Derrota,Otro / revisar
Ecuador,2021-09-02,Paraguay,Ecuador 2.0-0.0 Paraguay,Victoria,Oficial (torneo)
Ecuador,2021-09-05,Chile,Ecuador 0.0-0.0 Chile,Empate,Oficial (torneo)
Ecuador,2021-09-09,Uruguay,Uruguay 1.0-0.0 Ecuador,Derrota,Oficial (torneo)
Ecuador,2021-10-07,Bolivia,Ecuador 3.0-0.0 Bolivia,Victoria,Oficial (torneo)
Ecuador,2021-10-10,Venezuela,Venezuela 2.0-1.0 Ecuador,Derrota,Oficial (torneo)
Ecuador,2021-10-14,Colombia,Colombia 0.0-0.0 Ecuador,Empate,Oficial (torneo)
Ecuador,2021-10-27,Mexico,Mexico 2.0-3.0 Ecuador,Victoria,Amistoso
Ecuador,2021-11-11,Venezuela,Ecuador 1.0-0.0 Venezuela,Victoria,Oficial (torneo)
Ecuador,2021-11-16,Chile,Chile 0.0-2.0 Ecuador,Victoria,Oficial (torneo)
Ecuador,2021-12-04,El Salvador,El Salvador 1.0-1.0 Ecuador,Empate,Amistoso
Ecuador,2022-01-27,Brazil,Ecuador 1.0-1.0 Brazil,Empate,Oficial (torneo)
Ecuador,2022-02-01,Peru,Peru 1.0-1.0 Ecuador,Empate,Oficial (torneo)
Ecuador,2022-03-24,Paraguay,Paraguay 3.0-1.0 Ecuador,Derrota,Oficial (torneo)
Ecuador,2022-03-29,Argentina,Ecuador 1.0-1.0 Argentina,Empate,Oficial (torneo)
Ecuador,2022-06-02,Nigeria,Ecuador 1.0-0.0 Nigeria,Victoria,Amistoso
Ecuador,2022-06-05,Mexico,Mexico 0.0-0.0 Ecuador,Empate,Amistoso
Ecuador,2022-06-11,Cape Verde,Ecuador 1.0-0.0 Cape Verde,Victoria,Amistoso
Ecuador,2022-09-23,Saudi Arabia,Saudi Arabia 0.0-0.0 Ecuador,Empate,Amistoso
Ecuador,2022-09-27,Japan,Ecuador 0.0-0.0 Japan,Empate,Otro / revisar
Ecuador,2022-11-12,Iraq,Iraq 0.0-0.0 Ecuador,Empate,Amistoso
Ecuador,2022-11-20,Qatar,Qatar 0.0-2.0 Ecuador,Victoria,Oficial (torneo)
Ecuador,2022-11-25,Netherlands,Netherlands 1.0-1.0 Ecuador,Empate,Oficial (torneo)
Ecuador,2022-11-29,Senegal,Ecuador 1.0-2.0 Senegal,Derrota,Oficial (torneo)
Ecuador,2023-03-24,Australia,Australia 3.0-1.0 Ecuador,Derrota,Amistoso
Ecuador,2023-03-28,Australia,Australia 1.0-2.0 Ecuador,Victoria,Amistoso
Ecuador,2023-06-17,Bolivia,Ecuador 1.0-0.0 Bolivia,Victoria,Amistoso
Ecuador,2023-06-20,Costa Rica,Ecuador 3.0-1.0 Costa Rica,Victoria,Amistoso
Ecuador,2023-09-07,Argentina,Argentina 1.0-0.0 Ecuador,Derrota,Oficial (torneo)
Ecuador,2023-09-12,Uruguay,Ecuador 2.0-1.0 Uruguay,Victoria,Oficial (torneo)
Ecuador,2023-10-12,Bolivia,Bolivia 1.0-2.0 Ecuador,Victoria,Oficial (torneo)
Ecuador,2023-10-17,Colombia,Ecuador 0.0-0.0 Colombia,Empate,Oficial (torneo)
Ecuador,2023-11-16,Venezuela,Venezuela 0.0-0.0 Ecuador,Empate,Oficial (torneo)
Ecuador,2023-11-21,Chile,Ecuador 1.0-0.0 Chile,Victoria,Oficial (torneo)
Ecuador,2024-03-21,Guatemala,Ecuador 2.0-0.0 Guatemala,Victoria,Amistoso
Ecuador,2024-03-24,Italy,Ecuador 0.0-2.0 Italy,Derrota,Amistoso
Ecuador,2024-06-09,Argentina,Argentina 1.0-0.0 Ecuador,Derrota,Amistoso
Ecuador,2024-06-12,Bolivia,Ecuador 3.0-1.0 Bolivia,Victoria,Amistoso
Ecuador,2024-06-16,Honduras,Ecuador 2.0-1.0 Honduras,Victoria,Amistoso
Ecuador,2024-06-22,Venezuela,Ecuador 1.0-2.0 Venezuela,Derrota,Otro / revisar
Ecuador,2024-06-26,Jamaica,Ecuador 3.0-1.0 Jamaica,Victoria,Otro / revisar
Ecuador,2024-06-30,Mexico,Mexico 0.0-0.0 Ecuador,Empate,Otro / revisar
Ecuador,2024-07-04,Argentina,Argentina 1.0-1.0 Ecuador,Empate,Otro / revisar
Ecuador,2024-09-06,Brazil,Brazil 1.0-0.0 Ecuador,Derrota,Oficial (torneo)
Ecuador,2024-09-10,Peru,Ecuador 1.0-0.0 Peru,Victoria,Oficial (torneo)
Ecuador,2024-10-10,Paraguay,Ecuador 0.0-0.0 Paraguay,Empate,Oficial (torneo)
Ecuador,2024-10-15,Uruguay,Uruguay 0.0-0.0 Ecuador,Empate,Oficial (torneo)
Ecuador,2024-11-14,Bolivia,Ecuador 4.0-0.0 Bolivia,Victoria,Oficial (torneo)
Ecuador,2024-11-19,Colombia,Colombia 0.0-1.0 Ecuador,Victoria,Oficial (torneo)
Ecuador,2025-03-21,Venezuela,Ecuador 2.0-1.0 Venezuela,Victoria,Oficial (torneo)
Ecuador,2025-03-25,Chile,Chile 0.0-0.0 Ecuador,Empate,Oficial (torneo)
Ecuador,2025-06-05,Brazil,Ecuador 0.0-0.0 Brazil,Empate,Oficial (torneo)
Ecuador,2025-06-10,Peru,Peru 0.0-0.0 Ecuador,Empate,Oficial (torneo)
Ecuador,2025-09-04,Paraguay,Paraguay 0.0-0.0 Ecuador,Empate,Oficial (torneo)
Ecuador,2025-09-09,Argentina,Ecuador 1.0-0.0 Argentina,Victoria,Oficial (torneo)
Ecuador,2025-10-10,United States,United States 1.0-1.0 Ecuador,Empate,Amistoso
Ecuador,2025-10-14,Mexico,Mexico 1.0-1.0 Ecuador,Empate,Amistoso
Ecuador,2025-11-13,Canada,Canada 0.0-0.0 Ecuador,Empate,Amistoso
Ecuador,2025-11-18,New Zealand,Ecuador 2.0-0.0 New Zealand,Victoria,Amistoso
Ecuador,2026-03-27,Morocco,Morocco 1.0-1.0 Ecuador,Empate,Amistoso
Ecuador,2026-03-31,Netherlands,Netherlands 1.0-1.0 Ecuador,Empate,Amistoso
Ecuador,2026-05-30,Saudi Arabia,Ecuador 2.0-1.0 Saudi Arabia,Victoria,Amistoso
Ecuador,2026-06-07,Guatemala,Ecuador 3.0-0.0 Guatemala,Victoria,Amistoso
Egypt,2016-01-27,Jordan,Egypt 0.0-1.0 Jordan,Derrota,Amistoso
Egypt,2016-01-29,Libya,Egypt 2.0-0.0 Libya,Victoria,Amistoso
Egypt,2016-02-27,Burkina Faso,Egypt 2.0-0.0 Burkina Faso,Victoria,Amistoso
Egypt,2016-03-25,Nigeria,Nigeria 1.0-1.0 Egypt,Empate,Eliminatoria
Egypt,2016-03-29,Nigeria,Egypt 1.0-0.0 Nigeria,Victoria,Eliminatoria
Egypt,2016-06-04,Tanzania,Tanzania 0.0-2.0 Egypt,Victoria,Eliminatoria
Egypt,2016-08-30,Guinea,Egypt 1.0-1.0 Guinea,Empate,Amistoso
Egypt,2016-09-06,South Africa,South Africa 1.0-0.0 Egypt,Derrota,Amistoso
Egypt,2016-10-09,Congo,Congo 1.0-2.0 Egypt,Victoria,Oficial (torneo)
Egypt,2016-11-13,Ghana,Egypt 2.0-0.0 Ghana,Victoria,Oficial (torneo)
Egypt,2017-01-08,Tunisia,Egypt 1.0-0.0 Tunisia,Victoria,Amistoso
Egypt,2017-01-17,Mali,Mali 0.0-0.0 Egypt,Empate,Otro / revisar
Egypt,2017-01-21,Uganda,Egypt 1.0-0.0 Uganda,Victoria,Otro / revisar
Egypt,2017-01-25,Ghana,Egypt 1.0-0.0 Ghana,Victoria,Otro / revisar
Egypt,2017-01-29,Morocco,Egypt 1.0-0.0 Morocco,Victoria,Otro / revisar
Egypt,2017-02-01,Burkina Faso,Burkina Faso 1.0-1.0 Egypt,Empate,Otro / revisar
Egypt,2017-02-05,Cameroon,Egypt 1.0-2.0 Cameroon,Derrota,Otro / revisar
Egypt,2017-03-28,Togo,Egypt 3.0-0.0 Togo,Victoria,Amistoso
Egypt,2017-05-13,Libya,Egypt 1.0-0.0 Libya,Victoria,Amistoso
Egypt,2017-06-05,Libya,Egypt 1.0-0.0 Libya,Victoria,Amistoso
Egypt,2017-06-11,Tunisia,Tunisia 1.0-0.0 Egypt,Derrota,Eliminatoria
Egypt,2017-08-31,Uganda,Uganda 1.0-0.0 Egypt,Derrota,Oficial (torneo)
Egypt,2017-09-05,Uganda,Egypt 1.0-0.0 Uganda,Victoria,Oficial (torneo)
Egypt,2017-10-08,Congo,Egypt 2.0-1.0 Congo,Victoria,Oficial (torneo)
Egypt,2017-11-12,Ghana,Ghana 1.0-1.0 Egypt,Empate,Oficial (torneo)
Egypt,2018-03-23,Portugal,Portugal 2.0-1.0 Egypt,Derrota,Amistoso
Egypt,2018-03-27,Greece,Greece 1.0-0.0 Egypt,Derrota,Amistoso
Egypt,2018-05-25,Kuwait,Kuwait 1.0-1.0 Egypt,Empate,Amistoso
Egypt,2018-06-01,Colombia,Colombia 0.0-0.0 Egypt,Empate,Amistoso
Egypt,2018-06-06,Belgium,Belgium 3.0-0.0 Egypt,Derrota,Amistoso
Egypt,2018-06-15,Uruguay,Egypt 0.0-1.0 Uruguay,Derrota,Oficial (torneo)
Egypt,2018-06-19,Russia,Russia 3.0-1.0 Egypt,Derrota,Oficial (torneo)
Egypt,2018-06-25,Saudi Arabia,Saudi Arabia 2.0-1.0 Egypt,Derrota,Oficial (torneo)
Egypt,2018-09-08,Niger,Egypt 6.0-0.0 Niger,Victoria,Eliminatoria
Egypt,2018-10-12,Eswatini,Egypt 4.0-1.0 Eswatini,Victoria,Eliminatoria
Egypt,2018-10-16,Eswatini,Eswatini 0.0-2.0 Egypt,Victoria,Eliminatoria
Egypt,2018-11-16,Tunisia,Egypt 3.0-2.0 Tunisia,Victoria,Eliminatoria
Egypt,2019-03-23,Niger,Niger 1.0-1.0 Egypt,Empate,Eliminatoria
Egypt,2019-03-26,Nigeria,Nigeria 1.0-0.0 Egypt,Derrota,Amistoso
Egypt,2019-06-13,Tanzania,Egypt 1.0-0.0 Tanzania,Victoria,Amistoso
Egypt,2019-06-16,Guinea,Egypt 3.0-1.0 Guinea,Victoria,Amistoso
Egypt,2019-06-21,Zimbabwe,Egypt 1.0-0.0 Zimbabwe,Victoria,Otro / revisar
Egypt,2019-06-26,DR Congo,Egypt 2.0-0.0 DR Congo,Victoria,Otro / revisar
Egypt,2019-06-30,Uganda,Egypt 2.0-0.0 Uganda,Victoria,Otro / revisar
Egypt,2019-07-06,South Africa,Egypt 0.0-1.0 South Africa,Derrota,Otro / revisar
Egypt,2019-10-14,Botswana,Egypt 1.0-0.0 Botswana,Victoria,Amistoso
Egypt,2019-11-07,Liberia,Egypt 1.0-0.0 Liberia,Victoria,Amistoso
Egypt,2019-11-14,Kenya,Egypt 1.0-1.0 Kenya,Empate,Eliminatoria
Egypt,2019-11-18,Comoros,Comoros 0.0-0.0 Egypt,Empate,Eliminatoria
Egypt,2020-11-14,Togo,Egypt 1.0-0.0 Togo,Victoria,Eliminatoria
Egypt,2020-11-17,Togo,Togo 1.0-3.0 Egypt,Victoria,Eliminatoria
Egypt,2021-03-25,Kenya,Kenya 1.0-1.0 Egypt,Empate,Eliminatoria
Egypt,2021-03-29,Comoros,Egypt 4.0-0.0 Comoros,Victoria,Eliminatoria
Egypt,2021-09-01,Angola,Egypt 1.0-0.0 Angola,Victoria,Oficial (torneo)
Egypt,2021-09-05,Gabon,Gabon 1.0-1.0 Egypt,Empate,Oficial (torneo)
Egypt,2021-09-30,Liberia,Egypt 2.0-0.0 Liberia,Victoria,Amistoso
Egypt,2021-10-08,Libya,Egypt 1.0-0.0 Libya,Victoria,Oficial (torneo)
Egypt,2021-10-11,Libya,Libya 0.0-3.0 Egypt,Victoria,Oficial (torneo)
Egypt,2021-11-12,Angola,Angola 2.0-2.0 Egypt,Empate,Oficial (torneo)
Egypt,2021-11-16,Gabon,Egypt 2.0-1.0 Gabon,Victoria,Oficial (torneo)
Egypt,2021-12-01,Lebanon,Egypt 1.0-0.0 Lebanon,Victoria,Otro / revisar
Egypt,2021-12-04,Sudan,Sudan 0.0-5.0 Egypt,Victoria,Otro / revisar
Egypt,2021-12-07,Algeria,Algeria 1.0-1.0 Egypt,Empate,Otro / revisar
Egypt,2021-12-11,Jordan,Egypt 3.0-1.0 Jordan,Victoria,Otro / revisar
Egypt,2021-12-15,Tunisia,Tunisia 1.0-0.0 Egypt,Derrota,Otro / revisar
Egypt,2021-12-18,Qatar,Qatar 0.0-0.0 Egypt,Empate,Otro / revisar
Egypt,2022-01-11,Nigeria,Nigeria 1.0-0.0 Egypt,Derrota,Otro / revisar
Egypt,2022-01-15,Guinea-Bissau,Guinea-Bissau 0.0-1.0 Egypt,Victoria,Otro / revisar
Egypt,2022-01-19,Sudan,Egypt 1.0-0.0 Sudan,Victoria,Otro / revisar
Egypt,2022-01-26,Ivory Coast,Ivory Coast 0.0-0.0 Egypt,Empate,Otro / revisar
Egypt,2022-01-30,Morocco,Egypt 2.0-1.0 Morocco,Victoria,Otro / revisar
Egypt,2022-02-03,Cameroon,Cameroon 0.0-0.0 Egypt,Empate,Otro / revisar
Egypt,2022-02-06,Senegal,Senegal 0.0-0.0 Egypt,Empate,Otro / revisar
Egypt,2022-03-25,Senegal,Egypt 1.0-0.0 Senegal,Victoria,Oficial (torneo)
Egypt,2022-03-29,Senegal,Senegal 1.0-0.0 Egypt,Derrota,Oficial (torneo)
Egypt,2022-06-05,Guinea,Egypt 1.0-0.0 Guinea,Victoria,Eliminatoria
Egypt,2022-06-09,Ethiopia,Ethiopia 2.0-0.0 Egypt,Derrota,Eliminatoria
Egypt,2022-06-14,South Korea,South Korea 4.0-1.0 Egypt,Derrota,Amistoso
Egypt,2022-09-23,Niger,Egypt 3.0-0.0 Niger,Victoria,Amistoso
Egypt,2022-09-27,Liberia,Egypt 3.0-0.0 Liberia,Victoria,Amistoso
Egypt,2022-11-18,Belgium,Egypt 2.0-1.0 Belgium,Victoria,Amistoso
Egypt,2023-03-24,Malawi,Egypt 2.0-0.0 Malawi,Victoria,Eliminatoria
Egypt,2023-03-28,Malawi,Malawi 0.0-4.0 Egypt,Victoria,Eliminatoria
Egypt,2023-06-14,Guinea,Guinea 1.0-2.0 Egypt,Victoria,Eliminatoria
Egypt,2023-06-18,South Sudan,Egypt 3.0-0.0 South Sudan,Victoria,Amistoso
Egypt,2023-09-08,Ethiopia,Egypt 1.0-0.0 Ethiopia,Victoria,Eliminatoria
Egypt,2023-09-12,Tunisia,Egypt 1.0-3.0 Tunisia,Derrota,Amistoso
Egypt,2023-10-12,Zambia,Egypt 1.0-0.0 Zambia,Victoria,Amistoso
Egypt,2023-10-16,Algeria,Algeria 1.0-1.0 Egypt,Empate,Amistoso
Egypt,2023-11-16,Djibouti,Egypt 6.0-0.0 Djibouti,Victoria,Oficial (torneo)
Egypt,2023-11-19,Sierra Leone,Sierra Leone 0.0-2.0 Egypt,Victoria,Oficial (torneo)
Egypt,2024-01-07,Tanzania,Egypt 2.0-0.0 Tanzania,Victoria,Amistoso
Egypt,2024-01-14,Mozambique,Egypt 2.0-2.0 Mozambique,Empate,Otro / revisar
Egypt,2024-01-18,Ghana,Egypt 2.0-2.0 Ghana,Empate,Otro / revisar
Egypt,2024-01-22,Cape Verde,Cape Verde 2.0-2.0 Egypt,Empate,Otro / revisar
Egypt,2024-01-28,DR Congo,Egypt 1.0-1.0 DR Congo,Empate,Otro / revisar
Egypt,2024-03-22,New Zealand,Egypt 1.0-0.0 New Zealand,Victoria,Otro / revisar
Egypt,2024-03-26,Croatia,Egypt 2.0-4.0 Croatia,Derrota,Otro / revisar
Egypt,2024-06-06,Burkina Faso,Egypt 2.0-1.0 Burkina Faso,Victoria,Oficial (torneo)
Egypt,2024-06-10,Guinea-Bissau,Guinea-Bissau 1.0-1.0 Egypt,Empate,Oficial (torneo)
Egypt,2024-09-06,Cape Verde,Egypt 3.0-0.0 Cape Verde,Victoria,Eliminatoria
Egypt,2024-09-10,Botswana,Botswana 0.0-4.0 Egypt,Victoria,Eliminatoria
Egypt,2024-10-11,Mauritania,Egypt 2.0-0.0 Mauritania,Victoria,Eliminatoria
Egypt,2024-10-15,Mauritania,Mauritania 0.0-1.0 Egypt,Victoria,Eliminatoria
Egypt,2024-11-15,Cape Verde,Cape Verde 1.0-1.0 Egypt,Empate,Eliminatoria
Egypt,2024-11-19,Botswana,Egypt 1.0-1.0 Botswana,Empate,Eliminatoria
Egypt,2025-03-21,Ethiopia,Ethiopia 0.0-2.0 Egypt,Victoria,Oficial (torneo)
Egypt,2025-03-25,Sierra Leone,Egypt 1.0-0.0 Sierra Leone,Victoria,Oficial (torneo)
Egypt,2025-09-05,Ethiopia,Egypt 2.0-0.0 Ethiopia,Victoria,Oficial (torneo)
Egypt,2025-09-09,Burkina Faso,Burkina Faso 0.0-0.0 Egypt,Empate,Oficial (torneo)
Egypt,2025-10-08,Djibouti,Djibouti 0.0-3.0 Egypt,Victoria,Oficial (torneo)
Egypt,2025-10-12,Guinea-Bissau,Egypt 1.0-0.0 Guinea-Bissau,Victoria,Oficial (torneo)
Egypt,2025-11-14,Uzbekistan,Uzbekistan 2.0-0.0 Egypt,Derrota,Otro / revisar
Egypt,2025-11-17,Cape Verde,Cape Verde 1.0-1.0 Egypt,Empate,Otro / revisar
Egypt,2025-12-02,Kuwait,Egypt 1.0-1.0 Kuwait,Empate,Otro / revisar
Egypt,2025-12-06,United Arab Emirates,United Arab Emirates 1.0-1.0 Egypt,Empate,Otro / revisar
Egypt,2025-12-09,Jordan,Egypt 0.0-3.0 Jordan,Derrota,Otro / revisar
Egypt,2025-12-22,Zimbabwe,Egypt 2.0-1.0 Zimbabwe,Victoria,Otro / revisar
Egypt,2025-12-26,South Africa,Egypt 1.0-0.0 South Africa,Victoria,Otro / revisar
Egypt,2025-12-29,Angola,Angola 0.0-0.0 Egypt,Empate,Otro / revisar
Egypt,2026-01-05,Benin,Egypt 3.0-1.0 Benin,Victoria,Otro / revisar
Egypt,2026-01-10,Ivory Coast,Egypt 3.0-2.0 Ivory Coast,Victoria,Otro / revisar
Egypt,2026-01-14,Senegal,Senegal 1.0-0.0 Egypt,Derrota,Otro / revisar
Egypt,2026-01-17,Nigeria,Egypt 0.0-0.0 Nigeria,Empate,Otro / revisar
Egypt,2026-03-27,Saudi Arabia,Saudi Arabia 0.0-4.0 Egypt,Victoria,Amistoso
Egypt,2026-03-31,Spain,Spain 0.0-0.0 Egypt,Empate,Amistoso
Egypt,2026-05-28,Russia,Egypt 1.0-0.0 Russia,Victoria,Amistoso
Egypt,2026-06-06,Brazil,Brazil 2.0-1.0 Egypt,Derrota,Amistoso
England,2016-03-26,Germany,Germany 2.0-3.0 England,Victoria,Amistoso
England,2016-03-29,Netherlands,England 1.0-2.0 Netherlands,Derrota,Amistoso
England,2016-05-22,Turkey,England 2.0-1.0 Turkey,Victoria,Amistoso
England,2016-05-27,Australia,England 2.0-1.0 Australia,Victoria,Amistoso
England,2016-06-02,Portugal,England 1.0-0.0 Portugal,Victoria,Amistoso
England,2016-06-11,Russia,England 1.0-1.0 Russia,Empate,Oficial (torneo)
England,2016-06-16,Wales,England 2.0-1.0 Wales,Victoria,Oficial (torneo)
England,2016-06-20,Slovakia,Slovakia 0.0-0.0 England,Empate,Oficial (torneo)
England,2016-06-27,Iceland,England 1.0-2.0 Iceland,Derrota,Oficial (torneo)
England,2016-09-04,Slovakia,Slovakia 0.0-1.0 England,Victoria,Oficial (torneo)
England,2016-10-08,Malta,England 2.0-0.0 Malta,Victoria,Oficial (torneo)
England,2016-10-11,Slovenia,Slovenia 0.0-0.0 England,Empate,Oficial (torneo)
England,2016-11-11,Scotland,England 3.0-0.0 Scotland,Victoria,Oficial (torneo)
England,2016-11-15,Spain,England 2.0-2.0 Spain,Empate,Amistoso
England,2017-03-22,Germany,Germany 1.0-0.0 England,Derrota,Amistoso
England,2017-03-26,Lithuania,England 2.0-0.0 Lithuania,Victoria,Oficial (torneo)
England,2017-06-10,Scotland,Scotland 2.0-2.0 England,Empate,Oficial (torneo)
England,2017-06-13,France,France 3.0-2.0 England,Derrota,Amistoso
England,2017-09-01,Malta,Malta 0.0-4.0 England,Victoria,Oficial (torneo)
England,2017-09-04,Slovakia,England 2.0-1.0 Slovakia,Victoria,Oficial (torneo)
England,2017-10-05,Slovenia,England 1.0-0.0 Slovenia,Victoria,Oficial (torneo)
England,2017-10-08,Lithuania,Lithuania 0.0-1.0 England,Victoria,Oficial (torneo)
England,2017-11-10,Germany,England 0.0-0.0 Germany,Empate,Amistoso
England,2017-11-14,Brazil,England 0.0-0.0 Brazil,Empate,Amistoso
England,2018-03-23,Netherlands,Netherlands 0.0-1.0 England,Victoria,Amistoso
England,2018-03-27,Italy,England 1.0-1.0 Italy,Empate,Amistoso
England,2018-06-02,Nigeria,England 2.0-1.0 Nigeria,Victoria,Amistoso
England,2018-06-07,Costa Rica,England 2.0-0.0 Costa Rica,Victoria,Amistoso
England,2018-06-18,Tunisia,Tunisia 1.0-2.0 England,Victoria,Oficial (torneo)
England,2018-06-24,Panama,England 6.0-1.0 Panama,Victoria,Oficial (torneo)
England,2018-06-28,Belgium,England 0.0-1.0 Belgium,Derrota,Oficial (torneo)
England,2018-07-03,Colombia,Colombia 1.0-1.0 England,Empate,Oficial (torneo)
England,2018-07-07,Sweden,Sweden 0.0-2.0 England,Victoria,Oficial (torneo)
England,2018-07-11,Croatia,Croatia 2.0-1.0 England,Derrota,Oficial (torneo)
England,2018-07-14,Belgium,Belgium 2.0-0.0 England,Derrota,Oficial (torneo)
England,2018-09-08,Spain,England 1.0-2.0 Spain,Derrota,Oficial (torneo)
England,2018-09-11,Switzerland,England 1.0-0.0 Switzerland,Victoria,Amistoso
England,2018-10-12,Croatia,Croatia 0.0-0.0 England,Empate,Oficial (torneo)
England,2018-10-15,Spain,Spain 2.0-3.0 England,Victoria,Oficial (torneo)
England,2018-11-15,United States,England 3.0-0.0 United States,Victoria,Amistoso
England,2018-11-18,Croatia,England 2.0-1.0 Croatia,Victoria,Oficial (torneo)
England,2019-03-22,Czech Republic,England 5.0-0.0 Czech Republic,Victoria,Oficial (torneo)
England,2019-03-25,Montenegro,Montenegro 1.0-5.0 England,Victoria,Oficial (torneo)
England,2019-06-06,Netherlands,England 1.0-3.0 Netherlands,Derrota,Oficial (torneo)
England,2019-06-09,Switzerland,Switzerland 0.0-0.0 England,Empate,Oficial (torneo)
England,2019-09-07,Bulgaria,England 4.0-0.0 Bulgaria,Victoria,Oficial (torneo)
England,2019-09-10,Kosovo,England 5.0-3.0 Kosovo,Victoria,Oficial (torneo)
England,2019-10-11,Czech Republic,Czech Republic 2.0-1.0 England,Derrota,Oficial (torneo)
England,2019-10-14,Bulgaria,Bulgaria 0.0-6.0 England,Victoria,Oficial (torneo)
England,2019-11-14,Montenegro,England 7.0-0.0 Montenegro,Victoria,Oficial (torneo)
England,2019-11-17,Kosovo,Kosovo 0.0-4.0 England,Victoria,Oficial (torneo)
England,2020-09-05,Iceland,Iceland 0.0-1.0 England,Victoria,Oficial (torneo)
England,2020-09-08,Denmark,Denmark 0.0-0.0 England,Empate,Oficial (torneo)
England,2020-10-08,Wales,England 3.0-0.0 Wales,Victoria,Amistoso
England,2020-10-11,Belgium,England 2.0-1.0 Belgium,Victoria,Oficial (torneo)
England,2020-10-14,Denmark,England 0.0-1.0 Denmark,Derrota,Oficial (torneo)
England,2020-11-12,Republic of Ireland,England 3.0-0.0 Republic of Ireland,Victoria,Amistoso
England,2020-11-15,Belgium,Belgium 2.0-0.0 England,Derrota,Oficial (torneo)
England,2020-11-18,Iceland,England 4.0-0.0 Iceland,Victoria,Oficial (torneo)
England,2021-03-25,San Marino,England 5.0-0.0 San Marino,Victoria,Oficial (torneo)
England,2021-03-28,Albania,Albania 0.0-2.0 England,Victoria,Oficial (torneo)
England,2021-03-31,Poland,England 2.0-1.0 Poland,Victoria,Oficial (torneo)
England,2021-06-02,Austria,England 1.0-0.0 Austria,Victoria,Amistoso
England,2021-06-06,Romania,England 1.0-0.0 Romania,Victoria,Amistoso
England,2021-06-13,Croatia,England 1.0-0.0 Croatia,Victoria,Oficial (torneo)
England,2021-06-18,Scotland,England 0.0-0.0 Scotland,Empate,Oficial (torneo)
England,2021-06-22,Czech Republic,England 1.0-0.0 Czech Republic,Victoria,Oficial (torneo)
England,2021-06-29,Germany,England 2.0-0.0 Germany,Victoria,Oficial (torneo)
England,2021-07-03,Ukraine,Ukraine 0.0-4.0 England,Victoria,Oficial (torneo)
England,2021-07-07,Denmark,England 2.0-1.0 Denmark,Victoria,Oficial (torneo)
England,2021-07-11,Italy,England 1.0-1.0 Italy,Empate,Oficial (torneo)
England,2021-09-02,Hungary,Hungary 0.0-4.0 England,Victoria,Oficial (torneo)
England,2021-09-05,Andorra,England 4.0-0.0 Andorra,Victoria,Oficial (torneo)
England,2021-09-08,Poland,Poland 1.0-1.0 England,Empate,Oficial (torneo)
England,2021-10-09,Andorra,Andorra 0.0-5.0 England,Victoria,Oficial (torneo)
England,2021-10-12,Hungary,England 1.0-1.0 Hungary,Empate,Oficial (torneo)
England,2021-11-12,Albania,England 5.0-0.0 Albania,Victoria,Oficial (torneo)
England,2021-11-15,San Marino,San Marino 0.0-10.0 England,Victoria,Oficial (torneo)
England,2022-03-26,Switzerland,England 2.0-1.0 Switzerland,Victoria,Amistoso
England,2022-03-29,Ivory Coast,England 3.0-0.0 Ivory Coast,Victoria,Amistoso
England,2022-06-04,Hungary,Hungary 1.0-0.0 England,Derrota,Oficial (torneo)
England,2022-06-07,Germany,Germany 1.0-1.0 England,Empate,Oficial (torneo)
England,2022-06-11,Italy,England 0.0-0.0 Italy,Empate,Oficial (torneo)
England,2022-06-14,Hungary,England 0.0-4.0 Hungary,Derrota,Oficial (torneo)
England,2022-09-23,Italy,Italy 1.0-0.0 England,Derrota,Oficial (torneo)
England,2022-09-26,Germany,England 3.0-3.0 Germany,Empate,Oficial (torneo)
England,2022-11-21,Iran,England 6.0-2.0 Iran,Victoria,Oficial (torneo)
England,2022-11-25,United States,England 0.0-0.0 United States,Empate,Oficial (torneo)
England,2022-11-29,Wales,Wales 0.0-3.0 England,Victoria,Oficial (torneo)
England,2022-12-04,Senegal,England 3.0-0.0 Senegal,Victoria,Oficial (torneo)
England,2022-12-10,France,England 1.0-2.0 France,Derrota,Oficial (torneo)
England,2023-03-23,Italy,Italy 1.0-2.0 England,Victoria,Oficial (torneo)
England,2023-03-26,Ukraine,England 2.0-0.0 Ukraine,Victoria,Oficial (torneo)
England,2023-06-16,Malta,Malta 0.0-4.0 England,Victoria,Oficial (torneo)
England,2023-06-19,North Macedonia,England 7.0-0.0 North Macedonia,Victoria,Oficial (torneo)
England,2023-09-09,Ukraine,Ukraine 1.0-1.0 England,Empate,Oficial (torneo)
England,2023-09-12,Scotland,Scotland 1.0-3.0 England,Victoria,Amistoso
England,2023-10-13,Australia,England 1.0-0.0 Australia,Victoria,Amistoso
England,2023-10-17,Italy,England 3.0-1.0 Italy,Victoria,Oficial (torneo)
England,2023-11-17,Malta,England 2.0-0.0 Malta,Victoria,Oficial (torneo)
England,2023-11-20,North Macedonia,North Macedonia 1.0-1.0 England,Empate,Oficial (torneo)
England,2024-03-23,Brazil,England 0.0-1.0 Brazil,Derrota,Amistoso
England,2024-03-26,Belgium,England 2.0-2.0 Belgium,Empate,Amistoso
England,2024-06-03,Bosnia and Herzegovina,England 3.0-0.0 Bosnia and Herzegovina,Victoria,Amistoso
England,2024-06-07,Iceland,England 0.0-1.0 Iceland,Derrota,Amistoso
England,2024-06-16,Serbia,Serbia 0.0-1.0 England,Victoria,Oficial (torneo)
England,2024-06-20,Denmark,Denmark 1.0-1.0 England,Empate,Oficial (torneo)
England,2024-06-25,Slovenia,England 0.0-0.0 Slovenia,Empate,Oficial (torneo)
England,2024-06-30,Slovakia,England 2.0-1.0 Slovakia,Victoria,Oficial (torneo)
England,2024-07-06,Switzerland,England 1.0-1.0 Switzerland,Empate,Oficial (torneo)
England,2024-07-10,Netherlands,Netherlands 1.0-2.0 England,Victoria,Oficial (torneo)
England,2024-07-14,Spain,Spain 2.0-1.0 England,Derrota,Oficial (torneo)
England,2024-09-07,Republic of Ireland,Republic of Ireland 0.0-2.0 England,Victoria,Oficial (torneo)
England,2024-09-10,Finland,England 2.0-0.0 Finland,Victoria,Oficial (torneo)
England,2024-10-10,Greece,England 1.0-2.0 Greece,Derrota,Oficial (torneo)
England,2024-10-13,Finland,Finland 1.0-3.0 England,Victoria,Oficial (torneo)
England,2024-11-14,Greece,Greece 0.0-3.0 England,Victoria,Oficial (torneo)
England,2024-11-17,Republic of Ireland,England 5.0-0.0 Republic of Ireland,Victoria,Oficial (torneo)
England,2025-03-21,Albania,England 2.0-0.0 Albania,Victoria,Oficial (torneo)
England,2025-03-24,Latvia,England 3.0-0.0 Latvia,Victoria,Oficial (torneo)
England,2025-06-07,Andorra,Andorra 0.0-1.0 England,Victoria,Oficial (torneo)
England,2025-06-10,Senegal,England 1.0-3.0 Senegal,Derrota,Amistoso
England,2025-09-06,Andorra,England 2.0-0.0 Andorra,Victoria,Oficial (torneo)
England,2025-09-09,Serbia,Serbia 0.0-5.0 England,Victoria,Oficial (torneo)
England,2025-10-09,Wales,England 3.0-0.0 Wales,Victoria,Amistoso
England,2025-10-14,Latvia,Latvia 0.0-5.0 England,Victoria,Oficial (torneo)
England,2025-11-13,Serbia,England 2.0-0.0 Serbia,Victoria,Oficial (torneo)
England,2025-11-16,Albania,Albania 0.0-2.0 England,Victoria,Oficial (torneo)
England,2026-03-27,Uruguay,England 1.0-1.0 Uruguay,Empate,Amistoso
England,2026-03-31,Japan,England 0.0-1.0 Japan,Derrota,Amistoso
England,2026-06-06,New Zealand,England 1.0-0.0 New Zealand,Victoria,Amistoso
England,2026-06-10,Costa Rica,England 3.0-0.0 Costa Rica,Victoria,Amistoso
France,2016-03-25,Netherlands,Netherlands 2.0-3.0 France,Victoria,Amistoso
France,2016-03-29,Russia,France 4.0-2.0 Russia,Victoria,Amistoso
France,2016-05-30,Cameroon,France 3.0-2.0 Cameroon,Victoria,Amistoso
France,2016-06-04,Scotland,France 3.0-0.0 Scotland,Victoria,Amistoso
France,2016-06-10,Romania,France 2.0-1.0 Romania,Victoria,Oficial (torneo)
France,2016-06-15,Albania,France 2.0-0.0 Albania,Victoria,Oficial (torneo)
France,2016-06-19,Switzerland,France 0.0-0.0 Switzerland,Empate,Oficial (torneo)
France,2016-06-26,Republic of Ireland,France 2.0-1.0 Republic of Ireland,Victoria,Oficial (torneo)
France,2016-07-03,Iceland,France 5.0-2.0 Iceland,Victoria,Oficial (torneo)
France,2016-07-07,Germany,France 2.0-0.0 Germany,Victoria,Oficial (torneo)
France,2016-07-10,Portugal,France 0.0-1.0 Portugal,Derrota,Oficial (torneo)
France,2016-09-01,Italy,Italy 1.0-3.0 France,Victoria,Amistoso
France,2016-09-06,Belarus,Belarus 0.0-0.0 France,Empate,Oficial (torneo)
France,2016-10-07,Bulgaria,France 4.0-1.0 Bulgaria,Victoria,Oficial (torneo)
France,2016-10-10,Netherlands,Netherlands 0.0-1.0 France,Victoria,Oficial (torneo)
France,2016-11-11,Sweden,France 2.0-1.0 Sweden,Victoria,Oficial (torneo)
France,2016-11-15,Ivory Coast,France 0.0-0.0 Ivory Coast,Empate,Amistoso
France,2017-03-25,Luxembourg,Luxembourg 1.0-3.0 France,Victoria,Oficial (torneo)
France,2017-03-28,Spain,France 0.0-2.0 Spain,Derrota,Amistoso
France,2017-06-02,Paraguay,France 5.0-0.0 Paraguay,Victoria,Amistoso
France,2017-06-09,Sweden,Sweden 2.0-1.0 France,Derrota,Oficial (torneo)
France,2017-06-13,England,France 3.0-2.0 England,Victoria,Amistoso
France,2017-08-31,Netherlands,France 4.0-0.0 Netherlands,Victoria,Oficial (torneo)
France,2017-09-03,Luxembourg,France 0.0-0.0 Luxembourg,Empate,Oficial (torneo)
France,2017-10-07,Bulgaria,Bulgaria 0.0-1.0 France,Victoria,Oficial (torneo)
France,2017-10-10,Belarus,France 2.0-1.0 Belarus,Victoria,Oficial (torneo)
France,2017-11-10,Wales,France 2.0-0.0 Wales,Victoria,Amistoso
France,2017-11-14,Germany,Germany 2.0-2.0 France,Empate,Amistoso
France,2018-03-23,Colombia,France 2.0-3.0 Colombia,Derrota,Amistoso
France,2018-03-27,Russia,Russia 1.0-3.0 France,Victoria,Amistoso
France,2018-05-28,Republic of Ireland,France 2.0-0.0 Republic of Ireland,Victoria,Amistoso
France,2018-06-01,Italy,France 3.0-1.0 Italy,Victoria,Amistoso
France,2018-06-09,United States,France 1.0-1.0 United States,Empate,Amistoso
France,2018-06-16,Australia,France 2.0-1.0 Australia,Victoria,Oficial (torneo)
France,2018-06-21,Peru,France 1.0-0.0 Peru,Victoria,Oficial (torneo)
France,2018-06-26,Denmark,Denmark 0.0-0.0 France,Empate,Oficial (torneo)
France,2018-06-30,Argentina,France 4.0-3.0 Argentina,Victoria,Oficial (torneo)
France,2018-07-06,Uruguay,Uruguay 0.0-2.0 France,Victoria,Oficial (torneo)
France,2018-07-10,Belgium,France 1.0-0.0 Belgium,Victoria,Oficial (torneo)
France,2018-07-15,Croatia,France 4.0-2.0 Croatia,Victoria,Oficial (torneo)
France,2018-09-06,Germany,Germany 0.0-0.0 France,Empate,Oficial (torneo)
France,2018-09-09,Netherlands,France 2.0-1.0 Netherlands,Victoria,Oficial (torneo)
France,2018-10-11,Iceland,France 2.0-2.0 Iceland,Empate,Amistoso
France,2018-10-16,Germany,France 2.0-1.0 Germany,Victoria,Oficial (torneo)
France,2018-11-16,Netherlands,Netherlands 2.0-0.0 France,Derrota,Oficial (torneo)
France,2018-11-20,Uruguay,France 1.0-0.0 Uruguay,Victoria,Amistoso
France,2019-03-22,Moldova,Moldova 1.0-4.0 France,Victoria,Oficial (torneo)
France,2019-03-25,Iceland,France 4.0-0.0 Iceland,Victoria,Oficial (torneo)
France,2019-06-02,Bolivia,France 2.0-0.0 Bolivia,Victoria,Amistoso
France,2019-06-08,Turkey,Turkey 2.0-0.0 France,Derrota,Oficial (torneo)
France,2019-06-11,Andorra,Andorra 0.0-4.0 France,Victoria,Oficial (torneo)
France,2019-09-07,Albania,France 4.0-1.0 Albania,Victoria,Oficial (torneo)
France,2019-09-10,Andorra,France 3.0-0.0 Andorra,Victoria,Oficial (torneo)
France,2019-10-11,Iceland,Iceland 0.0-1.0 France,Victoria,Oficial (torneo)
France,2019-10-14,Turkey,France 1.0-1.0 Turkey,Empate,Oficial (torneo)
France,2019-11-14,Moldova,France 2.0-1.0 Moldova,Victoria,Oficial (torneo)
France,2019-11-17,Albania,Albania 0.0-2.0 France,Victoria,Oficial (torneo)
France,2020-09-05,Sweden,Sweden 0.0-1.0 France,Victoria,Oficial (torneo)
France,2020-09-08,Croatia,France 4.0-2.0 Croatia,Victoria,Oficial (torneo)
France,2020-10-07,Ukraine,France 7.0-1.0 Ukraine,Victoria,Amistoso
France,2020-10-11,Portugal,France 0.0-0.0 Portugal,Empate,Oficial (torneo)
France,2020-10-14,Croatia,Croatia 1.0-2.0 France,Victoria,Oficial (torneo)
France,2020-11-11,Finland,France 0.0-2.0 Finland,Derrota,Amistoso
France,2020-11-14,Portugal,Portugal 0.0-1.0 France,Victoria,Oficial (torneo)
France,2020-11-17,Sweden,France 4.0-2.0 Sweden,Victoria,Oficial (torneo)
France,2021-03-24,Ukraine,France 1.0-1.0 Ukraine,Empate,Oficial (torneo)
France,2021-03-28,Kazakhstan,Kazakhstan 0.0-2.0 France,Victoria,Oficial (torneo)
France,2021-03-31,Bosnia and Herzegovina,Bosnia and Herzegovina 0.0-1.0 France,Victoria,Oficial (torneo)
France,2021-06-02,Wales,France 3.0-0.0 Wales,Victoria,Amistoso
France,2021-06-08,Bulgaria,France 3.0-0.0 Bulgaria,Victoria,Amistoso
France,2021-06-15,Germany,Germany 0.0-1.0 France,Victoria,Oficial (torneo)
France,2021-06-19,Hungary,Hungary 1.0-1.0 France,Empate,Oficial (torneo)
France,2021-06-23,Portugal,Portugal 2.0-2.0 France,Empate,Oficial (torneo)
France,2021-06-28,Switzerland,France 3.0-3.0 Switzerland,Empate,Oficial (torneo)
France,2021-09-01,Bosnia and Herzegovina,France 1.0-1.0 Bosnia and Herzegovina,Empate,Oficial (torneo)
France,2021-09-04,Ukraine,Ukraine 1.0-1.0 France,Empate,Oficial (torneo)
France,2021-09-07,Finland,France 2.0-0.0 Finland,Victoria,Oficial (torneo)
France,2021-10-07,Belgium,Belgium 2.0-3.0 France,Victoria,Oficial (torneo)
France,2021-10-10,Spain,Spain 1.0-2.0 France,Victoria,Oficial (torneo)
France,2021-11-13,Kazakhstan,France 8.0-0.0 Kazakhstan,Victoria,Oficial (torneo)
France,2021-11-16,Finland,Finland 0.0-2.0 France,Victoria,Oficial (torneo)
France,2022-03-25,Ivory Coast,France 2.0-1.0 Ivory Coast,Victoria,Amistoso
France,2022-03-29,South Africa,France 5.0-0.0 South Africa,Victoria,Amistoso
France,2022-06-03,Denmark,France 1.0-2.0 Denmark,Derrota,Oficial (torneo)
France,2022-06-06,Croatia,Croatia 1.0-1.0 France,Empate,Oficial (torneo)
France,2022-06-10,Austria,Austria 1.0-1.0 France,Empate,Oficial (torneo)
France,2022-06-13,Croatia,France 0.0-1.0 Croatia,Derrota,Oficial (torneo)
France,2022-09-22,Austria,France 2.0-0.0 Austria,Victoria,Oficial (torneo)
France,2022-09-25,Denmark,Denmark 2.0-0.0 France,Derrota,Oficial (torneo)
France,2022-11-22,Australia,France 4.0-1.0 Australia,Victoria,Oficial (torneo)
France,2022-11-26,Denmark,France 2.0-1.0 Denmark,Victoria,Oficial (torneo)
France,2022-11-30,Tunisia,Tunisia 1.0-0.0 France,Derrota,Oficial (torneo)
France,2022-12-04,Poland,France 3.0-1.0 Poland,Victoria,Oficial (torneo)
France,2022-12-10,England,England 1.0-2.0 France,Victoria,Oficial (torneo)
France,2022-12-14,Morocco,France 2.0-0.0 Morocco,Victoria,Oficial (torneo)
France,2022-12-18,Argentina,Argentina 3.0-3.0 France,Empate,Oficial (torneo)
France,2023-03-24,Netherlands,France 4.0-0.0 Netherlands,Victoria,Oficial (torneo)
France,2023-03-27,Republic of Ireland,Republic of Ireland 0.0-1.0 France,Victoria,Oficial (torneo)
France,2023-06-16,Gibraltar,Gibraltar 0.0-3.0 France,Victoria,Oficial (torneo)
France,2023-06-19,Greece,France 1.0-0.0 Greece,Victoria,Oficial (torneo)
France,2023-09-07,Republic of Ireland,France 2.0-0.0 Republic of Ireland,Victoria,Oficial (torneo)
France,2023-09-12,Germany,Germany 2.0-1.0 France,Derrota,Amistoso
France,2023-10-13,Netherlands,Netherlands 1.0-2.0 France,Victoria,Oficial (torneo)
France,2023-10-17,Scotland,France 4.0-1.0 Scotland,Victoria,Amistoso
France,2023-11-18,Gibraltar,France 14.0-0.0 Gibraltar,Victoria,Oficial (torneo)
France,2023-11-21,Greece,Greece 2.0-2.0 France,Empate,Oficial (torneo)
France,2024-03-23,Germany,France 0.0-2.0 Germany,Derrota,Amistoso
France,2024-03-26,Chile,France 3.0-2.0 Chile,Victoria,Amistoso
France,2024-06-05,Luxembourg,France 3.0-0.0 Luxembourg,Victoria,Amistoso
France,2024-06-09,Canada,France 0.0-0.0 Canada,Empate,Amistoso
France,2024-06-17,Austria,Austria 0.0-1.0 France,Victoria,Oficial (torneo)
France,2024-06-21,Netherlands,Netherlands 0.0-0.0 France,Empate,Oficial (torneo)
France,2024-06-25,Poland,France 1.0-1.0 Poland,Empate,Oficial (torneo)
France,2024-07-01,Belgium,France 1.0-0.0 Belgium,Victoria,Oficial (torneo)
France,2024-07-05,Portugal,Portugal 0.0-0.0 France,Empate,Oficial (torneo)
France,2024-07-09,Spain,Spain 2.0-1.0 France,Derrota,Oficial (torneo)
France,2024-09-06,Italy,France 1.0-3.0 Italy,Derrota,Oficial (torneo)
France,2024-09-09,Belgium,France 2.0-0.0 Belgium,Victoria,Oficial (torneo)
France,2024-10-10,Israel,Israel 1.0-4.0 France,Victoria,Oficial (torneo)
France,2024-10-14,Belgium,Belgium 1.0-2.0 France,Victoria,Oficial (torneo)
France,2024-11-14,Israel,France 0.0-0.0 Israel,Empate,Oficial (torneo)
France,2024-11-17,Italy,Italy 1.0-3.0 France,Victoria,Oficial (torneo)
France,2025-03-20,Croatia,Croatia 2.0-0.0 France,Derrota,Oficial (torneo)
France,2025-03-23,Croatia,France 2.0-0.0 Croatia,Victoria,Oficial (torneo)
France,2025-06-05,Spain,Spain 5.0-4.0 France,Derrota,Oficial (torneo)
France,2025-06-08,Germany,Germany 0.0-2.0 France,Victoria,Oficial (torneo)
France,2025-09-05,Ukraine,Ukraine 0.0-2.0 France,Victoria,Oficial (torneo)
France,2025-09-09,Iceland,France 2.0-1.0 Iceland,Victoria,Oficial (torneo)
France,2025-10-10,Azerbaijan,France 3.0-0.0 Azerbaijan,Victoria,Oficial (torneo)
France,2025-10-13,Iceland,Iceland 2.0-2.0 France,Empate,Oficial (torneo)
France,2025-11-13,Ukraine,France 4.0-0.0 Ukraine,Victoria,Oficial (torneo)
France,2025-11-16,Azerbaijan,Azerbaijan 1.0-3.0 France,Victoria,Oficial (torneo)
France,2026-03-26,Brazil,Brazil 1.0-2.0 France,Victoria,Amistoso
France,2026-03-29,Colombia,Colombia 1.0-3.0 France,Victoria,Amistoso
France,2026-06-04,Ivory Coast,France 1.0-2.0 Ivory Coast,Derrota,Amistoso
France,2026-06-08,Northern Ireland,France 3.0-1.0 Northern Ireland,Victoria,Amistoso
Germany,2016-03-26,England,Germany 2.0-3.0 England,Derrota,Amistoso
Germany,2016-03-29,Italy,Germany 4.0-1.0 Italy,Victoria,Amistoso
Germany,2016-05-29,Slovakia,Germany 1.0-3.0 Slovakia,Derrota,Amistoso
Germany,2016-06-04,Hungary,Germany 2.0-0.0 Hungary,Victoria,Amistoso
Germany,2016-06-12,Ukraine,Germany 2.0-0.0 Ukraine,Victoria,Oficial (torneo)
Germany,2016-06-16,Poland,Germany 0.0-0.0 Poland,Empate,Oficial (torneo)
Germany,2016-06-21,Northern Ireland,Northern Ireland 0.0-1.0 Germany,Victoria,Oficial (torneo)
Germany,2016-06-26,Slovakia,Germany 3.0-0.0 Slovakia,Victoria,Oficial (torneo)
Germany,2016-07-02,Italy,Germany 1.0-1.0 Italy,Empate,Oficial (torneo)
Germany,2016-07-07,France,France 2.0-0.0 Germany,Derrota,Oficial (torneo)
Germany,2016-08-31,Finland,Germany 2.0-0.0 Finland,Victoria,Amistoso
Germany,2016-09-04,Norway,Norway 0.0-3.0 Germany,Victoria,Oficial (torneo)
Germany,2016-10-08,Czech Republic,Germany 3.0-0.0 Czech Republic,Victoria,Oficial (torneo)
Germany,2016-10-11,Northern Ireland,Germany 2.0-0.0 Northern Ireland,Victoria,Oficial (torneo)
Germany,2016-11-11,San Marino,San Marino 0.0-8.0 Germany,Victoria,Oficial (torneo)
Germany,2016-11-15,Italy,Italy 0.0-0.0 Germany,Empate,Amistoso
Germany,2017-03-22,England,Germany 1.0-0.0 England,Victoria,Amistoso
Germany,2017-03-26,Azerbaijan,Azerbaijan 1.0-4.0 Germany,Victoria,Oficial (torneo)
Germany,2017-06-06,Denmark,Denmark 1.0-1.0 Germany,Empate,Amistoso
Germany,2017-06-10,San Marino,Germany 7.0-0.0 San Marino,Victoria,Oficial (torneo)
Germany,2017-06-19,Australia,Australia 2.0-3.0 Germany,Victoria,Otro / revisar
Germany,2017-06-22,Chile,Germany 1.0-1.0 Chile,Empate,Otro / revisar
Germany,2017-06-25,Cameroon,Germany 3.0-1.0 Cameroon,Victoria,Otro / revisar
Germany,2017-06-29,Mexico,Germany 4.0-1.0 Mexico,Victoria,Otro / revisar
Germany,2017-07-02,Chile,Chile 0.0-1.0 Germany,Victoria,Otro / revisar
Germany,2017-09-01,Czech Republic,Czech Republic 1.0-2.0 Germany,Victoria,Oficial (torneo)
Germany,2017-09-04,Norway,Germany 6.0-0.0 Norway,Victoria,Oficial (torneo)
Germany,2017-10-05,Northern Ireland,Northern Ireland 1.0-3.0 Germany,Victoria,Oficial (torneo)
Germany,2017-10-08,Azerbaijan,Germany 5.0-1.0 Azerbaijan,Victoria,Oficial (torneo)
Germany,2017-11-10,England,England 0.0-0.0 Germany,Empate,Amistoso
Germany,2017-11-14,France,Germany 2.0-2.0 France,Empate,Amistoso
Germany,2018-03-23,Spain,Germany 1.0-1.0 Spain,Empate,Amistoso
Germany,2018-03-27,Brazil,Germany 0.0-1.0 Brazil,Derrota,Amistoso
Germany,2018-06-02,Austria,Austria 2.0-1.0 Germany,Derrota,Amistoso
Germany,2018-06-08,Saudi Arabia,Germany 2.0-1.0 Saudi Arabia,Victoria,Amistoso
Germany,2018-06-17,Mexico,Germany 0.0-1.0 Mexico,Derrota,Oficial (torneo)
Germany,2018-06-23,Sweden,Germany 2.0-1.0 Sweden,Victoria,Oficial (torneo)
Germany,2018-06-27,South Korea,South Korea 2.0-0.0 Germany,Derrota,Oficial (torneo)
Germany,2018-09-06,France,Germany 0.0-0.0 France,Empate,Oficial (torneo)
Germany,2018-09-09,Peru,Germany 2.0-1.0 Peru,Victoria,Amistoso
Germany,2018-10-13,Netherlands,Netherlands 3.0-0.0 Germany,Derrota,Oficial (torneo)
Germany,2018-10-16,France,France 2.0-1.0 Germany,Derrota,Oficial (torneo)
Germany,2018-11-15,Russia,Germany 3.0-0.0 Russia,Victoria,Amistoso
Germany,2018-11-19,Netherlands,Germany 2.0-2.0 Netherlands,Empate,Oficial (torneo)
Germany,2019-03-20,Serbia,Germany 1.0-1.0 Serbia,Empate,Amistoso
Germany,2019-03-24,Netherlands,Netherlands 2.0-3.0 Germany,Victoria,Oficial (torneo)
Germany,2019-06-08,Belarus,Belarus 0.0-2.0 Germany,Victoria,Oficial (torneo)
Germany,2019-06-11,Estonia,Germany 8.0-0.0 Estonia,Victoria,Oficial (torneo)
Germany,2019-09-06,Netherlands,Germany 2.0-4.0 Netherlands,Derrota,Oficial (torneo)
Germany,2019-09-09,Northern Ireland,Northern Ireland 0.0-2.0 Germany,Victoria,Oficial (torneo)
Germany,2019-10-09,Argentina,Germany 2.0-2.0 Argentina,Empate,Amistoso
Germany,2019-10-13,Estonia,Estonia 0.0-3.0 Germany,Victoria,Oficial (torneo)
Germany,2019-11-16,Belarus,Germany 4.0-0.0 Belarus,Victoria,Oficial (torneo)
Germany,2019-11-19,Northern Ireland,Germany 6.0-1.0 Northern Ireland,Victoria,Oficial (torneo)
Germany,2020-09-03,Spain,Germany 1.0-1.0 Spain,Empate,Oficial (torneo)
Germany,2020-09-06,Switzerland,Switzerland 1.0-1.0 Germany,Empate,Oficial (torneo)
Germany,2020-10-07,Turkey,Germany 3.0-3.0 Turkey,Empate,Amistoso
Germany,2020-10-10,Ukraine,Ukraine 1.0-2.0 Germany,Victoria,Oficial (torneo)
Germany,2020-10-13,Switzerland,Germany 3.0-3.0 Switzerland,Empate,Oficial (torneo)
Germany,2020-11-11,Czech Republic,Germany 1.0-0.0 Czech Republic,Victoria,Amistoso
Germany,2020-11-14,Ukraine,Germany 3.0-1.0 Ukraine,Victoria,Oficial (torneo)
Germany,2020-11-17,Spain,Spain 6.0-0.0 Germany,Derrota,Oficial (torneo)
Germany,2021-03-25,Iceland,Germany 3.0-0.0 Iceland,Victoria,Oficial (torneo)
Germany,2021-03-28,Romania,Romania 0.0-1.0 Germany,Victoria,Oficial (torneo)
Germany,2021-03-31,North Macedonia,Germany 1.0-2.0 North Macedonia,Derrota,Oficial (torneo)
Germany,2021-06-02,Denmark,Germany 1.0-1.0 Denmark,Empate,Amistoso
Germany,2021-06-07,Latvia,Germany 7.0-1.0 Latvia,Victoria,Amistoso
Germany,2021-06-15,France,Germany 0.0-1.0 France,Derrota,Oficial (torneo)
Germany,2021-06-19,Portugal,Germany 4.0-2.0 Portugal,Victoria,Oficial (torneo)
Germany,2021-06-23,Hungary,Germany 2.0-2.0 Hungary,Empate,Oficial (torneo)
Germany,2021-06-29,England,England 2.0-0.0 Germany,Derrota,Oficial (torneo)
Germany,2021-09-02,Liechtenstein,Liechtenstein 0.0-2.0 Germany,Victoria,Oficial (torneo)
Germany,2021-09-05,Armenia,Germany 6.0-0.0 Armenia,Victoria,Oficial (torneo)
Germany,2021-09-08,Iceland,Iceland 0.0-4.0 Germany,Victoria,Oficial (torneo)
Germany,2021-10-08,Romania,Germany 2.0-1.0 Romania,Victoria,Oficial (torneo)
Germany,2021-10-11,North Macedonia,North Macedonia 0.0-4.0 Germany,Victoria,Oficial (torneo)
Germany,2021-11-11,Liechtenstein,Germany 9.0-0.0 Liechtenstein,Victoria,Oficial (torneo)
Germany,2021-11-14,Armenia,Armenia 1.0-4.0 Germany,Victoria,Oficial (torneo)
Germany,2022-03-26,Israel,Germany 2.0-0.0 Israel,Victoria,Amistoso
Germany,2022-03-29,Netherlands,Netherlands 1.0-1.0 Germany,Empate,Amistoso
Germany,2022-06-04,Italy,Italy 1.0-1.0 Germany,Empate,Oficial (torneo)
Germany,2022-06-07,England,Germany 1.0-1.0 England,Empate,Oficial (torneo)
Germany,2022-06-11,Hungary,Hungary 1.0-1.0 Germany,Empate,Oficial (torneo)
Germany,2022-06-14,Italy,Germany 5.0-2.0 Italy,Victoria,Oficial (torneo)
Germany,2022-09-23,Hungary,Germany 0.0-1.0 Hungary,Derrota,Oficial (torneo)
Germany,2022-09-26,England,England 3.0-3.0 Germany,Empate,Oficial (torneo)
Germany,2022-11-16,Oman,Oman 0.0-1.0 Germany,Victoria,Amistoso
Germany,2022-11-23,Japan,Germany 1.0-2.0 Japan,Derrota,Oficial (torneo)
Germany,2022-11-27,Spain,Spain 1.0-1.0 Germany,Empate,Oficial (torneo)
Germany,2022-12-01,Costa Rica,Costa Rica 2.0-4.0 Germany,Victoria,Oficial (torneo)
Germany,2023-03-25,Peru,Germany 2.0-0.0 Peru,Victoria,Amistoso
Germany,2023-03-28,Belgium,Germany 2.0-3.0 Belgium,Derrota,Amistoso
Germany,2023-06-12,Ukraine,Germany 3.0-3.0 Ukraine,Empate,Amistoso
Germany,2023-06-16,Poland,Poland 1.0-0.0 Germany,Derrota,Amistoso
Germany,2023-06-20,Colombia,Germany 0.0-2.0 Colombia,Derrota,Amistoso
Germany,2023-09-09,Japan,Germany 1.0-4.0 Japan,Derrota,Amistoso
Germany,2023-09-12,France,Germany 2.0-1.0 France,Victoria,Amistoso
Germany,2023-10-14,United States,United States 1.0-3.0 Germany,Victoria,Amistoso
Germany,2023-10-17,Mexico,Mexico 2.0-2.0 Germany,Empate,Amistoso
Germany,2023-11-18,Turkey,Germany 2.0-3.0 Turkey,Derrota,Amistoso
Germany,2023-11-21,Austria,Austria 2.0-0.0 Germany,Derrota,Amistoso
Germany,2024-03-23,France,France 0.0-2.0 Germany,Victoria,Amistoso
Germany,2024-03-26,Netherlands,Germany 2.0-1.0 Netherlands,Victoria,Amistoso
Germany,2024-06-03,Ukraine,Germany 0.0-0.0 Ukraine,Empate,Amistoso
Germany,2024-06-07,Greece,Germany 2.0-1.0 Greece,Victoria,Amistoso
Germany,2024-06-14,Scotland,Germany 5.0-1.0 Scotland,Victoria,Oficial (torneo)
Germany,2024-06-19,Hungary,Germany 2.0-0.0 Hungary,Victoria,Oficial (torneo)
Germany,2024-06-23,Switzerland,Germany 1.0-1.0 Switzerland,Empate,Oficial (torneo)
Germany,2024-06-29,Denmark,Germany 2.0-0.0 Denmark,Victoria,Oficial (torneo)
Germany,2024-07-05,Spain,Germany 1.0-2.0 Spain,Derrota,Oficial (torneo)
Germany,2024-09-07,Hungary,Germany 5.0-0.0 Hungary,Victoria,Oficial (torneo)
Germany,2024-09-10,Netherlands,Netherlands 2.0-2.0 Germany,Empate,Oficial (torneo)
Germany,2024-10-11,Bosnia and Herzegovina,Bosnia and Herzegovina 1.0-2.0 Germany,Victoria,Oficial (torneo)
Germany,2024-10-14,Netherlands,Germany 1.0-0.0 Netherlands,Victoria,Oficial (torneo)
Germany,2024-11-16,Bosnia and Herzegovina,Germany 7.0-0.0 Bosnia and Herzegovina,Victoria,Oficial (torneo)
Germany,2024-11-19,Hungary,Hungary 1.0-1.0 Germany,Empate,Oficial (torneo)
Germany,2025-03-20,Italy,Italy 1.0-2.0 Germany,Victoria,Oficial (torneo)
Germany,2025-03-23,Italy,Germany 3.0-3.0 Italy,Empate,Oficial (torneo)
Germany,2025-06-04,Portugal,Germany 1.0-2.0 Portugal,Derrota,Oficial (torneo)
Germany,2025-06-08,France,Germany 0.0-2.0 France,Derrota,Oficial (torneo)
Germany,2025-09-04,Slovakia,Slovakia 2.0-0.0 Germany,Derrota,Oficial (torneo)
Germany,2025-09-07,Northern Ireland,Germany 3.0-1.0 Northern Ireland,Victoria,Oficial (torneo)
Germany,2025-10-10,Luxembourg,Germany 4.0-0.0 Luxembourg,Victoria,Oficial (torneo)
Germany,2025-10-13,Northern Ireland,Northern Ireland 0.0-1.0 Germany,Victoria,Oficial (torneo)
Germany,2025-11-14,Luxembourg,Luxembourg 0.0-2.0 Germany,Victoria,Oficial (torneo)
Germany,2025-11-17,Slovakia,Germany 6.0-0.0 Slovakia,Victoria,Oficial (torneo)
Germany,2026-03-27,Switzerland,Switzerland 3.0-4.0 Germany,Victoria,Amistoso
Germany,2026-03-30,Ghana,Germany 2.0-1.0 Ghana,Victoria,Amistoso
Germany,2026-05-31,Finland,Germany 4.0-0.0 Finland,Victoria,Amistoso
Germany,2026-06-06,United States,United States 1.0-2.0 Germany,Victoria,Amistoso
Ghana,2016-03-24,Mozambique,Ghana 3.0-1.0 Mozambique,Victoria,Eliminatoria
Ghana,2016-03-27,Mozambique,Mozambique 0.0-0.0 Ghana,Empate,Eliminatoria
Ghana,2016-06-05,Mauritius,Mauritius 0.0-2.0 Ghana,Victoria,Eliminatoria
Ghana,2016-09-03,Rwanda,Ghana 1.0-1.0 Rwanda,Empate,Eliminatoria
Ghana,2016-09-06,Russia,Russia 1.0-0.0 Ghana,Derrota,Amistoso
Ghana,2016-10-07,Uganda,Ghana 0.0-0.0 Uganda,Empate,Oficial (torneo)
Ghana,2016-10-11,South Africa,South Africa 1.0-1.0 Ghana,Empate,Amistoso
Ghana,2016-11-13,Egypt,Egypt 2.0-0.0 Ghana,Derrota,Oficial (torneo)
Ghana,2017-01-17,Uganda,Ghana 1.0-0.0 Uganda,Victoria,Otro / revisar
Ghana,2017-01-21,Mali,Ghana 1.0-0.0 Mali,Victoria,Otro / revisar
Ghana,2017-01-25,Egypt,Egypt 1.0-0.0 Ghana,Derrota,Otro / revisar
Ghana,2017-01-29,DR Congo,DR Congo 1.0-2.0 Ghana,Victoria,Otro / revisar
Ghana,2017-02-02,Cameroon,Cameroon 2.0-0.0 Ghana,Derrota,Otro / revisar
Ghana,2017-02-04,Burkina Faso,Burkina Faso 1.0-0.0 Ghana,Derrota,Otro / revisar
Ghana,2017-05-25,Benin,Ghana 1.0-1.0 Benin,Empate,Amistoso
Ghana,2017-06-11,Ethiopia,Ghana 5.0-0.0 Ethiopia,Victoria,Eliminatoria
Ghana,2017-07-01,United States,United States 2.0-1.0 Ghana,Derrota,Amistoso
Ghana,2017-09-01,Congo,Ghana 1.0-1.0 Congo,Empate,Oficial (torneo)
Ghana,2017-09-05,Congo,Congo 1.0-5.0 Ghana,Victoria,Oficial (torneo)
Ghana,2017-10-07,Uganda,Uganda 0.0-0.0 Ghana,Empate,Oficial (torneo)
Ghana,2017-10-10,Saudi Arabia,Saudi Arabia 0.0-3.0 Ghana,Victoria,Amistoso
Ghana,2017-11-12,Egypt,Ghana 1.0-1.0 Egypt,Empate,Oficial (torneo)
Ghana,2018-05-30,Japan,Japan 0.0-2.0 Ghana,Victoria,Amistoso
Ghana,2018-06-07,Iceland,Iceland 2.0-2.0 Ghana,Empate,Amistoso
Ghana,2018-09-08,Kenya,Kenya 1.0-0.0 Ghana,Derrota,Eliminatoria
Ghana,2018-11-18,Ethiopia,Ethiopia 0.0-2.0 Ghana,Victoria,Eliminatoria
Ghana,2019-03-23,Kenya,Ghana 1.0-0.0 Kenya,Victoria,Eliminatoria
Ghana,2019-03-26,Mauritania,Ghana 3.0-1.0 Mauritania,Victoria,Amistoso
Ghana,2019-06-15,South Africa,Ghana 0.0-0.0 South Africa,Empate,Amistoso
Ghana,2019-06-25,Benin,Ghana 2.0-2.0 Benin,Empate,Otro / revisar
Ghana,2019-06-29,Cameroon,Cameroon 0.0-0.0 Ghana,Empate,Otro / revisar
Ghana,2019-07-02,Guinea-Bissau,Guinea-Bissau 0.0-2.0 Ghana,Victoria,Otro / revisar
Ghana,2019-07-08,Tunisia,Ghana 1.0-1.0 Tunisia,Empate,Otro / revisar
Ghana,2019-11-14,South Africa,Ghana 2.0-0.0 South Africa,Victoria,Eliminatoria
Ghana,2019-11-18,São Tomé and Príncipe,São Tomé and Príncipe 0.0-1.0 Ghana,Victoria,Eliminatoria
Ghana,2020-10-09,Mali,Mali 3.0-0.0 Ghana,Derrota,Amistoso
Ghana,2020-10-12,Qatar,Ghana 5.0-1.0 Qatar,Victoria,Amistoso
Ghana,2020-11-12,Sudan,Ghana 2.0-0.0 Sudan,Victoria,Eliminatoria
Ghana,2020-11-17,Sudan,Sudan 1.0-0.0 Ghana,Derrota,Eliminatoria
Ghana,2021-03-25,South Africa,South Africa 1.0-1.0 Ghana,Empate,Eliminatoria
Ghana,2021-03-28,São Tomé and Príncipe,Ghana 3.0-1.0 São Tomé and Príncipe,Victoria,Eliminatoria
Ghana,2021-06-08,Morocco,Morocco 1.0-0.0 Ghana,Derrota,Amistoso
Ghana,2021-06-12,Ivory Coast,Ghana 0.0-0.0 Ivory Coast,Empate,Amistoso
Ghana,2021-09-03,Ethiopia,Ghana 1.0-0.0 Ethiopia,Victoria,Oficial (torneo)
Ghana,2021-09-06,South Africa,South Africa 1.0-0.0 Ghana,Derrota,Oficial (torneo)
Ghana,2021-10-09,Zimbabwe,Ghana 3.0-1.0 Zimbabwe,Victoria,Oficial (torneo)
Ghana,2021-10-12,Zimbabwe,Zimbabwe 0.0-1.0 Ghana,Victoria,Oficial (torneo)
Ghana,2021-11-11,Ethiopia,Ethiopia 1.0-1.0 Ghana,Empate,Oficial (torneo)
Ghana,2021-11-14,South Africa,Ghana 1.0-0.0 South Africa,Victoria,Oficial (torneo)
Ghana,2022-01-05,Algeria,Algeria 3.0-0.0 Ghana,Derrota,Amistoso
Ghana,2022-01-10,Morocco,Morocco 1.0-0.0 Ghana,Derrota,Otro / revisar
Ghana,2022-01-14,Gabon,Gabon 1.0-1.0 Ghana,Empate,Otro / revisar
Ghana,2022-01-18,Comoros,Ghana 2.0-3.0 Comoros,Derrota,Otro / revisar
Ghana,2022-03-25,Nigeria,Ghana 0.0-0.0 Nigeria,Empate,Oficial (torneo)
Ghana,2022-03-29,Nigeria,Nigeria 1.0-1.0 Ghana,Empate,Oficial (torneo)
Ghana,2022-06-01,Madagascar,Ghana 3.0-0.0 Madagascar,Victoria,Eliminatoria
Ghana,2022-06-05,Central African Republic,Central African Republic 1.0-1.0 Ghana,Empate,Eliminatoria
Ghana,2022-06-10,Japan,Japan 4.0-1.0 Ghana,Derrota,Otro / revisar
Ghana,2022-06-14,Chile,Chile 0.0-0.0 Ghana,Empate,Otro / revisar
Ghana,2022-09-23,Brazil,Brazil 3.0-0.0 Ghana,Derrota,Amistoso
Ghana,2022-09-27,Nicaragua,Ghana 1.0-0.0 Nicaragua,Victoria,Amistoso
Ghana,2022-11-17,Switzerland,Switzerland 0.0-2.0 Ghana,Victoria,Amistoso
Ghana,2022-11-24,Portugal,Portugal 3.0-2.0 Ghana,Derrota,Oficial (torneo)
Ghana,2022-11-28,South Korea,South Korea 2.0-3.0 Ghana,Victoria,Oficial (torneo)
Ghana,2022-12-02,Uruguay,Ghana 0.0-2.0 Uruguay,Derrota,Oficial (torneo)
Ghana,2023-03-23,Angola,Ghana 1.0-0.0 Angola,Victoria,Eliminatoria
Ghana,2023-03-27,Angola,Angola 1.0-1.0 Ghana,Empate,Eliminatoria
Ghana,2023-06-18,Madagascar,Madagascar 0.0-0.0 Ghana,Empate,Eliminatoria
Ghana,2023-09-07,Central African Republic,Ghana 2.0-1.0 Central African Republic,Victoria,Eliminatoria
Ghana,2023-09-12,Liberia,Ghana 3.0-1.0 Liberia,Victoria,Amistoso
Ghana,2023-10-14,Mexico,Mexico 2.0-0.0 Ghana,Derrota,Amistoso
Ghana,2023-10-17,United States,United States 4.0-0.0 Ghana,Derrota,Amistoso
Ghana,2023-11-17,Madagascar,Ghana 1.0-0.0 Madagascar,Victoria,Oficial (torneo)
Ghana,2023-11-21,Comoros,Comoros 1.0-0.0 Ghana,Derrota,Oficial (torneo)
Ghana,2024-01-08,Namibia,Ghana 0.0-0.0 Namibia,Empate,Amistoso
Ghana,2024-01-14,Cape Verde,Ghana 1.0-2.0 Cape Verde,Derrota,Otro / revisar
Ghana,2024-01-18,Egypt,Egypt 2.0-2.0 Ghana,Empate,Otro / revisar
Ghana,2024-01-22,Mozambique,Mozambique 2.0-2.0 Ghana,Empate,Otro / revisar
Ghana,2024-03-22,Nigeria,Nigeria 2.0-1.0 Ghana,Derrota,Amistoso
Ghana,2024-06-06,Mali,Mali 1.0-2.0 Ghana,Victoria,Oficial (torneo)
Ghana,2024-06-10,Central African Republic,Ghana 4.0-3.0 Central African Republic,Victoria,Oficial (torneo)
Ghana,2024-09-05,Angola,Ghana 0.0-1.0 Angola,Derrota,Eliminatoria
Ghana,2024-09-09,Niger,Niger 1.0-1.0 Ghana,Empate,Eliminatoria
Ghana,2024-10-10,Sudan,Ghana 0.0-0.0 Sudan,Empate,Eliminatoria
Ghana,2024-10-15,Sudan,Sudan 2.0-0.0 Ghana,Derrota,Eliminatoria
Ghana,2024-11-15,Angola,Angola 1.0-1.0 Ghana,Empate,Eliminatoria
Ghana,2024-11-18,Niger,Ghana 1.0-2.0 Niger,Derrota,Eliminatoria
Ghana,2025-03-21,Chad,Ghana 5.0-0.0 Chad,Victoria,Oficial (torneo)
Ghana,2025-03-24,Madagascar,Madagascar 0.0-3.0 Ghana,Victoria,Oficial (torneo)
Ghana,2025-05-28,Nigeria,Nigeria 2.0-1.0 Ghana,Derrota,Otro / revisar
Ghana,2025-05-31,Trinidad and Tobago,Trinidad and Tobago 0.0-4.0 Ghana,Victoria,Otro / revisar
Ghana,2025-09-04,Chad,Chad 1.0-1.0 Ghana,Empate,Oficial (torneo)
Ghana,2025-09-08,Mali,Ghana 1.0-0.0 Mali,Victoria,Oficial (torneo)
Ghana,2025-10-08,Central African Republic,Central African Republic 0.0-5.0 Ghana,Victoria,Oficial (torneo)
Ghana,2025-10-12,Comoros,Ghana 1.0-0.0 Comoros,Victoria,Oficial (torneo)
Ghana,2025-11-14,Japan,Japan 2.0-0.0 Ghana,Derrota,Otro / revisar
Ghana,2025-11-18,South Korea,South Korea 1.0-0.0 Ghana,Derrota,Amistoso
Ghana,2026-03-27,Austria,Austria 5.0-1.0 Ghana,Derrota,Amistoso
Ghana,2026-03-30,Germany,Germany 2.0-1.0 Ghana,Derrota,Amistoso
Ghana,2026-05-22,Mexico,Mexico 2.0-0.0 Ghana,Derrota,Amistoso
Ghana,2026-06-02,Wales,Wales 1.0-1.0 Ghana,Empate,Amistoso
Haiti,2016-01-08,Trinidad and Tobago,Trinidad and Tobago 0.0-1.0 Haiti,Victoria,Eliminatoria
Haiti,2016-03-25,Panama,Haiti 0.0-0.0 Panama,Empate,Oficial (torneo)
Haiti,2016-03-29,Panama,Panama 1.0-0.0 Haiti,Derrota,Oficial (torneo)
Haiti,2016-06-04,Peru,Haiti 0.0-1.0 Peru,Derrota,Otro / revisar
Haiti,2016-06-08,Brazil,Brazil 7.0-1.0 Haiti,Derrota,Otro / revisar
Haiti,2016-06-12,Ecuador,Ecuador 4.0-0.0 Haiti,Derrota,Otro / revisar
Haiti,2016-09-02,Costa Rica,Haiti 0.0-1.0 Costa Rica,Derrota,Oficial (torneo)
Haiti,2016-09-06,Jamaica,Jamaica 0.0-2.0 Haiti,Victoria,Oficial (torneo)
Haiti,2016-11-09,French Guiana,Haiti 2.0-5.0 French Guiana,Derrota,Eliminatoria
Haiti,2016-11-13,Saint Kitts and Nevis,Saint Kitts and Nevis 0.0-2.0 Haiti,Victoria,Eliminatoria
Haiti,2017-01-06,Suriname,Suriname 2.0-4.0 Haiti,Victoria,Eliminatoria
Haiti,2017-01-08,Trinidad and Tobago,Trinidad and Tobago 3.0-4.0 Haiti,Victoria,Eliminatoria
Haiti,2017-10-10,Japan,Japan 3.0-3.0 Haiti,Empate,Otro / revisar
Haiti,2018-05-29,Argentina,Argentina 4.0-0.0 Haiti,Derrota,Amistoso
Haiti,2018-09-10,Sint Maarten,Haiti 13.0-0.0 Sint Maarten,Victoria,Oficial (torneo)
Haiti,2018-10-16,Saint Lucia,Saint Lucia 1.0-2.0 Haiti,Victoria,Oficial (torneo)
Haiti,2018-11-17,Nicaragua,Nicaragua 0.0-2.0 Haiti,Victoria,Oficial (torneo)
Haiti,2018-11-20,El Salvador,El Salvador 1.0-0.0 Haiti,Derrota,Amistoso
Haiti,2019-03-24,Cuba,Haiti 2.0-1.0 Cuba,Victoria,Oficial (torneo)
Haiti,2019-06-02,El Salvador,El Salvador 1.0-0.0 Haiti,Derrota,Amistoso
Haiti,2019-06-06,Chile,Chile 2.0-1.0 Haiti,Derrota,Amistoso
Haiti,2019-06-16,Bermuda,Haiti 2.0-1.0 Bermuda,Victoria,Oficial (torneo)
Haiti,2019-06-20,Nicaragua,Nicaragua 0.0-2.0 Haiti,Victoria,Oficial (torneo)
Haiti,2019-06-24,Costa Rica,Haiti 2.0-1.0 Costa Rica,Victoria,Oficial (torneo)
Haiti,2019-06-29,Canada,Haiti 3.0-2.0 Canada,Victoria,Oficial (torneo)
Haiti,2019-07-02,Mexico,Haiti 0.0-1.0 Mexico,Derrota,Oficial (torneo)
Haiti,2019-09-07,Curaçao,Curaçao 1.0-0.0 Haiti,Derrota,Oficial (torneo)
Haiti,2019-09-10,Curaçao,Haiti 1.0-1.0 Curaçao,Empate,Oficial (torneo)
Haiti,2019-10-10,Costa Rica,Haiti 1.0-1.0 Costa Rica,Empate,Oficial (torneo)
Haiti,2019-10-15,Bolivia,Bolivia 3.0-1.0 Haiti,Derrota,Amistoso
Haiti,2019-11-17,Costa Rica,Costa Rica 1.0-1.0 Haiti,Empate,Oficial (torneo)
Haiti,2021-03-25,Belize,Haiti 2.0-0.0 Belize,Victoria,Oficial (torneo)
Haiti,2021-06-05,Turks and Caicos Islands,Turks and Caicos Islands 0.0-10.0 Haiti,Victoria,Oficial (torneo)
Haiti,2021-06-08,Nicaragua,Haiti 1.0-0.0 Nicaragua,Victoria,Oficial (torneo)
Haiti,2021-06-12,Canada,Haiti 0.0-1.0 Canada,Derrota,Oficial (torneo)
Haiti,2021-06-15,Canada,Canada 3.0-0.0 Haiti,Derrota,Oficial (torneo)
Haiti,2021-07-02,Saint Vincent and the Grenadines,Haiti 6.0-1.0 Saint Vincent and the Grenadines,Victoria,Oficial (torneo)
Haiti,2021-07-06,Bermuda,Haiti 4.0-1.0 Bermuda,Victoria,Oficial (torneo)
Haiti,2021-07-11,United States,United States 1.0-0.0 Haiti,Derrota,Oficial (torneo)
Haiti,2021-07-15,Canada,Haiti 1.0-4.0 Canada,Derrota,Oficial (torneo)
Haiti,2021-07-18,Martinique,Martinique 1.0-2.0 Haiti,Victoria,Oficial (torneo)
Haiti,2021-09-01,Bahrain,Bahrain 6.0-1.0 Haiti,Derrota,Amistoso
Haiti,2021-09-04,Jordan,Haiti 2.0-0.0 Jordan,Victoria,Amistoso
Haiti,2022-03-27,Guatemala,Guatemala 2.0-1.0 Haiti,Derrota,Amistoso
Haiti,2022-06-04,Bermuda,Bermuda 0.0-0.0 Haiti,Empate,Oficial (torneo)
Haiti,2022-06-07,Montserrat,Haiti 3.0-2.0 Montserrat,Victoria,Oficial (torneo)
Haiti,2022-06-11,Guyana,Guyana 2.0-6.0 Haiti,Victoria,Oficial (torneo)
Haiti,2022-06-14,Guyana,Haiti 6.0-0.0 Guyana,Victoria,Oficial (torneo)
Haiti,2023-03-25,Montserrat,Montserrat 0.0-4.0 Haiti,Victoria,Oficial (torneo)
Haiti,2023-03-28,Bermuda,Haiti 3.0-1.0 Bermuda,Victoria,Oficial (torneo)
Haiti,2023-06-20,Trinidad and Tobago,Haiti 0.0-0.0 Trinidad and Tobago,Empate,Amistoso
Haiti,2023-06-25,Qatar,Haiti 2.0-1.0 Qatar,Victoria,Oficial (torneo)
Haiti,2023-06-29,Mexico,Haiti 1.0-3.0 Mexico,Derrota,Oficial (torneo)
Haiti,2023-07-02,Honduras,Honduras 2.0-1.0 Haiti,Derrota,Oficial (torneo)
Haiti,2023-09-08,Cuba,Haiti 0.0-0.0 Cuba,Empate,Oficial (torneo)
Haiti,2023-09-12,Jamaica,Jamaica 2.0-2.0 Haiti,Empate,Oficial (torneo)
Haiti,2023-10-12,Suriname,Suriname 1.0-1.0 Haiti,Empate,Oficial (torneo)
Haiti,2023-10-15,Jamaica,Haiti 2.0-3.0 Jamaica,Derrota,Oficial (torneo)
Haiti,2024-06-06,Saint Lucia,Haiti 2.0-1.0 Saint Lucia,Victoria,Oficial (torneo)
Haiti,2024-06-09,Barbados,Barbados 1.0-3.0 Haiti,Victoria,Oficial (torneo)
Haiti,2024-09-06,Puerto Rico,Puerto Rico 1.0-4.0 Haiti,Victoria,Oficial (torneo)
Haiti,2024-09-09,Sint Maarten,Haiti 6.0-0.0 Sint Maarten,Victoria,Oficial (torneo)
Haiti,2024-10-11,Aruba,Aruba 1.0-3.0 Haiti,Victoria,Oficial (torneo)
Haiti,2024-10-14,Aruba,Aruba 3.0-5.0 Haiti,Victoria,Oficial (torneo)
Haiti,2024-11-15,Sint Maarten,Sint Maarten 0.0-8.0 Haiti,Victoria,Oficial (torneo)
Haiti,2024-11-18,Puerto Rico,Puerto Rico 0.0-3.0 Haiti,Victoria,Oficial (torneo)
Haiti,2025-03-22,Azerbaijan,Azerbaijan 0.0-3.0 Haiti,Victoria,Amistoso
Haiti,2025-06-07,Aruba,Aruba 0.0-5.0 Haiti,Victoria,Oficial (torneo)
Haiti,2025-06-10,Curaçao,Haiti 1.0-5.0 Curaçao,Derrota,Oficial (torneo)
Haiti,2025-06-15,Saudi Arabia,Haiti 0.0-1.0 Saudi Arabia,Derrota,Oficial (torneo)
Haiti,2025-06-19,Trinidad and Tobago,Trinidad and Tobago 1.0-1.0 Haiti,Empate,Oficial (torneo)
Haiti,2025-06-22,United States,United States 2.0-1.0 Haiti,Derrota,Oficial (torneo)
Haiti,2025-09-05,Honduras,Haiti 0.0-0.0 Honduras,Empate,Oficial (torneo)
Haiti,2025-09-09,Costa Rica,Costa Rica 3.0-3.0 Haiti,Empate,Oficial (torneo)
Haiti,2025-10-09,Nicaragua,Nicaragua 0.0-3.0 Haiti,Victoria,Oficial (torneo)
Haiti,2025-10-13,Honduras,Honduras 3.0-0.0 Haiti,Derrota,Oficial (torneo)
Haiti,2025-11-13,Costa Rica,Haiti 1.0-0.0 Costa Rica,Victoria,Oficial (torneo)
Haiti,2025-11-18,Nicaragua,Haiti 2.0-0.0 Nicaragua,Victoria,Oficial (torneo)
Haiti,2026-03-28,Tunisia,Haiti 0.0-1.0 Tunisia,Derrota,Amistoso
Haiti,2026-03-31,Iceland,Haiti 1.0-1.0 Iceland,Empate,Amistoso
Haiti,2026-06-02,New Zealand,Haiti 4.0-0.0 New Zealand,Victoria,Amistoso
Haiti,2026-06-05,Peru,Haiti 1.0-2.0 Peru,Derrota,Amistoso
Iran,2016-03-24,India,Iran 4.0-0.0 India,Victoria,Oficial (torneo)
Iran,2016-03-29,Oman,Iran 2.0-0.0 Oman,Victoria,Oficial (torneo)
Iran,2016-06-02,North Macedonia,North Macedonia 1.0-3.0 Iran,Victoria,Amistoso
Iran,2016-06-07,Kyrgyzstan,Iran 6.0-0.0 Kyrgyzstan,Victoria,Amistoso
Iran,2016-09-01,Qatar,Iran 2.0-0.0 Qatar,Victoria,Oficial (torneo)
Iran,2016-09-06,China,China 0.0-0.0 Iran,Empate,Oficial (torneo)
Iran,2016-10-06,Uzbekistan,Uzbekistan 0.0-1.0 Iran,Victoria,Oficial (torneo)
Iran,2016-10-11,South Korea,Iran 1.0-0.0 South Korea,Victoria,Oficial (torneo)
Iran,2016-11-10,Papua New Guinea,Iran 8.0-1.0 Papua New Guinea,Victoria,Amistoso
Iran,2016-11-15,Syria,Syria 0.0-0.0 Iran,Empate,Oficial (torneo)
Iran,2017-03-18,Iraq,Iran 0.0-1.0 Iraq,Derrota,Amistoso
Iran,2017-03-23,Qatar,Qatar 0.0-1.0 Iran,Victoria,Oficial (torneo)
Iran,2017-03-28,China,Iran 1.0-0.0 China,Victoria,Oficial (torneo)
Iran,2017-06-04,Montenegro,Montenegro 1.0-2.0 Iran,Victoria,Amistoso
Iran,2017-06-12,Uzbekistan,Iran 2.0-0.0 Uzbekistan,Victoria,Oficial (torneo)
Iran,2017-08-31,South Korea,South Korea 0.0-0.0 Iran,Empate,Oficial (torneo)
Iran,2017-09-05,Syria,Iran 2.0-2.0 Syria,Empate,Oficial (torneo)
Iran,2017-10-05,Togo,Iran 2.0-0.0 Togo,Victoria,Amistoso
Iran,2017-10-10,Russia,Russia 1.0-1.0 Iran,Empate,Amistoso
Iran,2017-11-09,Panama,Iran 2.0-1.0 Panama,Victoria,Amistoso
Iran,2017-11-13,Venezuela,Iran 1.0-0.0 Venezuela,Victoria,Amistoso
Iran,2018-03-17,Sierra Leone,Iran 4.0-0.0 Sierra Leone,Victoria,Amistoso
Iran,2018-03-23,Tunisia,Tunisia 1.0-0.0 Iran,Derrota,Amistoso
Iran,2018-03-27,Algeria,Algeria 1.0-2.0 Iran,Victoria,Amistoso
Iran,2018-05-19,Uzbekistan,Iran 1.0-0.0 Uzbekistan,Victoria,Amistoso
Iran,2018-05-28,Turkey,Turkey 2.0-1.0 Iran,Derrota,Amistoso
Iran,2018-06-08,Lithuania,Lithuania 0.0-1.0 Iran,Victoria,Amistoso
Iran,2018-06-15,Morocco,Morocco 0.0-1.0 Iran,Victoria,Oficial (torneo)
Iran,2018-06-20,Spain,Iran 0.0-1.0 Spain,Derrota,Oficial (torneo)
Iran,2018-06-25,Portugal,Iran 1.0-1.0 Portugal,Empate,Oficial (torneo)
Iran,2018-09-11,Uzbekistan,Uzbekistan 0.0-1.0 Iran,Victoria,Amistoso
Iran,2018-10-16,Bolivia,Iran 2.0-1.0 Bolivia,Victoria,Amistoso
Iran,2018-11-15,Trinidad and Tobago,Iran 1.0-0.0 Trinidad and Tobago,Victoria,Amistoso
Iran,2018-11-20,Venezuela,Iran 1.0-1.0 Venezuela,Empate,Amistoso
Iran,2018-12-24,Palestine,Palestine 1.0-1.0 Iran,Empate,Amistoso
Iran,2018-12-31,Qatar,Qatar 1.0-2.0 Iran,Victoria,Amistoso
Iran,2019-01-07,Yemen,Iran 5.0-0.0 Yemen,Victoria,Oficial (torneo)
Iran,2019-01-12,Vietnam,Vietnam 0.0-2.0 Iran,Victoria,Oficial (torneo)
Iran,2019-01-16,Iraq,Iran 0.0-0.0 Iraq,Empate,Oficial (torneo)
Iran,2019-01-20,Oman,Iran 2.0-0.0 Oman,Victoria,Oficial (torneo)
Iran,2019-01-24,China,China 0.0-3.0 Iran,Victoria,Oficial (torneo)
Iran,2019-01-28,Japan,Iran 0.0-3.0 Japan,Derrota,Oficial (torneo)
Iran,2019-06-06,Syria,Iran 5.0-0.0 Syria,Victoria,Amistoso
Iran,2019-06-11,South Korea,South Korea 1.0-1.0 Iran,Empate,Amistoso
Iran,2019-09-10,Hong Kong,Hong Kong 0.0-2.0 Iran,Victoria,Oficial (torneo)
Iran,2019-10-10,Cambodia,Iran 14.0-0.0 Cambodia,Victoria,Oficial (torneo)
Iran,2019-10-15,Bahrain,Bahrain 1.0-0.0 Iran,Derrota,Oficial (torneo)
Iran,2019-11-14,Iraq,Iraq 2.0-1.0 Iran,Derrota,Oficial (torneo)
Iran,2020-10-08,Uzbekistan,Uzbekistan 1.0-2.0 Iran,Victoria,Amistoso
Iran,2020-11-12,Bosnia and Herzegovina,Bosnia and Herzegovina 0.0-2.0 Iran,Victoria,Amistoso
Iran,2021-03-30,Syria,Iran 3.0-0.0 Syria,Victoria,Amistoso
Iran,2021-06-03,Hong Kong,Iran 3.0-1.0 Hong Kong,Victoria,Oficial (torneo)
Iran,2021-06-07,Bahrain,Bahrain 0.0-3.0 Iran,Victoria,Oficial (torneo)
Iran,2021-06-11,Cambodia,Cambodia 0.0-10.0 Iran,Victoria,Oficial (torneo)
Iran,2021-06-15,Iraq,Iran 1.0-0.0 Iraq,Victoria,Oficial (torneo)
Iran,2021-09-02,Syria,Iran 1.0-0.0 Syria,Victoria,Oficial (torneo)
Iran,2021-09-07,Iraq,Iraq 0.0-3.0 Iran,Victoria,Oficial (torneo)
Iran,2021-10-07,United Arab Emirates,United Arab Emirates 0.0-1.0 Iran,Victoria,Oficial (torneo)
Iran,2021-10-12,South Korea,Iran 1.0-1.0 South Korea,Empate,Oficial (torneo)
Iran,2021-11-11,Lebanon,Lebanon 1.0-2.0 Iran,Victoria,Oficial (torneo)
Iran,2021-11-16,Syria,Syria 0.0-3.0 Iran,Victoria,Oficial (torneo)
Iran,2022-01-27,Iraq,Iran 1.0-0.0 Iraq,Victoria,Oficial (torneo)
Iran,2022-02-01,United Arab Emirates,Iran 1.0-0.0 United Arab Emirates,Victoria,Oficial (torneo)
Iran,2022-03-24,South Korea,South Korea 2.0-0.0 Iran,Derrota,Oficial (torneo)
Iran,2022-03-29,Lebanon,Iran 2.0-0.0 Lebanon,Victoria,Oficial (torneo)
Iran,2022-06-12,Algeria,Iran 1.0-2.0 Algeria,Derrota,Amistoso
Iran,2022-09-23,Uruguay,Iran 1.0-0.0 Uruguay,Victoria,Amistoso
Iran,2022-09-27,Senegal,Iran 1.0-1.0 Senegal,Empate,Amistoso
Iran,2022-11-10,Nicaragua,Iran 1.0-0.0 Nicaragua,Victoria,Amistoso
Iran,2022-11-16,Tunisia,Iran 0.0-2.0 Tunisia,Derrota,Amistoso
Iran,2022-11-21,England,England 6.0-2.0 Iran,Derrota,Oficial (torneo)
Iran,2022-11-25,Wales,Wales 0.0-2.0 Iran,Victoria,Oficial (torneo)
Iran,2022-11-29,United States,Iran 0.0-1.0 United States,Derrota,Oficial (torneo)
Iran,2023-03-23,Russia,Iran 1.0-1.0 Russia,Empate,Amistoso
Iran,2023-03-28,Kenya,Iran 2.0-1.0 Kenya,Victoria,Amistoso
Iran,2023-06-13,Afghanistan,Iran 6.0-1.0 Afghanistan,Victoria,Otro / revisar
Iran,2023-06-16,Kyrgyzstan,Kyrgyzstan 1.0-5.0 Iran,Victoria,Otro / revisar
Iran,2023-06-20,Uzbekistan,Uzbekistan 0.0-1.0 Iran,Victoria,Otro / revisar
Iran,2023-09-07,Bulgaria,Bulgaria 0.0-1.0 Iran,Victoria,Amistoso
Iran,2023-09-12,Angola,Iran 4.0-0.0 Angola,Victoria,Amistoso
Iran,2023-11-16,Hong Kong,Iran 4.0-0.0 Hong Kong,Victoria,Oficial (torneo)
Iran,2023-11-21,Uzbekistan,Uzbekistan 2.0-2.0 Iran,Empate,Oficial (torneo)
Iran,2024-01-05,Burkina Faso,Iran 2.0-1.0 Burkina Faso,Victoria,Amistoso
Iran,2024-01-09,Indonesia,Indonesia 0.0-5.0 Iran,Victoria,Amistoso
Iran,2024-01-14,Palestine,Iran 4.0-1.0 Palestine,Victoria,Oficial (torneo)
Iran,2024-01-19,Hong Kong,Hong Kong 0.0-1.0 Iran,Victoria,Oficial (torneo)
Iran,2024-01-23,United Arab Emirates,Iran 2.0-1.0 United Arab Emirates,Victoria,Oficial (torneo)
Iran,2024-01-31,Syria,Iran 1.0-1.0 Syria,Empate,Oficial (torneo)
Iran,2024-02-03,Japan,Iran 2.0-1.0 Japan,Victoria,Oficial (torneo)
Iran,2024-02-07,Qatar,Qatar 3.0-2.0 Iran,Derrota,Oficial (torneo)
Iran,2024-03-21,Turkmenistan,Iran 5.0-0.0 Turkmenistan,Victoria,Oficial (torneo)
Iran,2024-03-26,Turkmenistan,Turkmenistan 0.0-1.0 Iran,Victoria,Oficial (torneo)
Iran,2024-06-06,Hong Kong,Hong Kong 2.0-4.0 Iran,Victoria,Oficial (torneo)
Iran,2024-06-11,Uzbekistan,Iran 0.0-0.0 Uzbekistan,Empate,Oficial (torneo)
Iran,2024-09-05,Kyrgyzstan,Iran 1.0-0.0 Kyrgyzstan,Victoria,Oficial (torneo)
Iran,2024-09-10,United Arab Emirates,United Arab Emirates 0.0-1.0 Iran,Victoria,Oficial (torneo)
Iran,2024-10-10,Uzbekistan,Uzbekistan 0.0-0.0 Iran,Empate,Oficial (torneo)
Iran,2024-10-15,Qatar,Iran 4.0-1.0 Qatar,Victoria,Oficial (torneo)
Iran,2024-11-14,North Korea,North Korea 2.0-3.0 Iran,Victoria,Oficial (torneo)
Iran,2024-11-19,Kyrgyzstan,Kyrgyzstan 2.0-3.0 Iran,Victoria,Oficial (torneo)
Iran,2025-03-20,United Arab Emirates,Iran 2.0-0.0 United Arab Emirates,Victoria,Oficial (torneo)
Iran,2025-03-25,Uzbekistan,Iran 2.0-2.0 Uzbekistan,Empate,Oficial (torneo)
Iran,2025-06-05,Qatar,Qatar 1.0-0.0 Iran,Derrota,Oficial (torneo)
Iran,2025-06-10,North Korea,Iran 3.0-0.0 North Korea,Victoria,Oficial (torneo)
Iran,2025-10-10,Russia,Russia 2.0-1.0 Iran,Derrota,Amistoso
Iran,2025-10-14,Tanzania,Iran 2.0-0.0 Tanzania,Victoria,Amistoso
Iran,2025-11-13,Cape Verde,Iran 0.0-0.0 Cape Verde,Empate,Otro / revisar
Iran,2025-11-18,Uzbekistan,Iran 0.0-0.0 Uzbekistan,Empate,Otro / revisar
Iran,2026-03-27,Nigeria,Iran 1.0-2.0 Nigeria,Derrota,Amistoso
Iran,2026-03-31,Costa Rica,Costa Rica 0.0-5.0 Iran,Victoria,Amistoso
Iran,2026-05-29,Gambia,Iran 3.0-1.0 Gambia,Victoria,Amistoso
Iran,2026-06-04,Mali,Iran 2.0-0.0 Mali,Victoria,Amistoso
Iraq,2016-03-18,Syria,Iraq 0.0-1.0 Syria,Derrota,Amistoso
Iraq,2016-03-24,Thailand,Iraq 2.0-2.0 Thailand,Empate,Oficial (torneo)
Iraq,2016-03-29,Vietnam,Iraq 1.0-0.0 Vietnam,Victoria,Oficial (torneo)
Iraq,2016-07-24,Uzbekistan,Uzbekistan 2.0-1.0 Iraq,Derrota,Amistoso
Iraq,2016-08-08,Qatar,Qatar 2.0-1.0 Iraq,Derrota,Amistoso
Iraq,2016-08-21,North Korea,Iraq 1.0-1.0 North Korea,Empate,Amistoso
Iraq,2016-09-01,Australia,Australia 2.0-0.0 Iraq,Derrota,Oficial (torneo)
Iraq,2016-09-06,Saudi Arabia,Iraq 1.0-2.0 Saudi Arabia,Derrota,Oficial (torneo)
Iraq,2016-10-06,Japan,Japan 2.0-1.0 Iraq,Derrota,Oficial (torneo)
Iraq,2016-10-11,Thailand,Iraq 4.0-0.0 Thailand,Victoria,Oficial (torneo)
Iraq,2016-11-06,Jordan,Jordan 0.0-0.0 Iraq,Empate,Amistoso
Iraq,2016-11-15,United Arab Emirates,United Arab Emirates 2.0-0.0 Iraq,Derrota,Oficial (torneo)
Iraq,2017-03-18,Iran,Iran 0.0-1.0 Iraq,Victoria,Amistoso
Iraq,2017-03-23,Australia,Iraq 1.0-1.0 Australia,Empate,Oficial (torneo)
Iraq,2017-03-28,Saudi Arabia,Saudi Arabia 1.0-0.0 Iraq,Derrota,Oficial (torneo)
Iraq,2017-06-01,Jordan,Iraq 1.0-0.0 Jordan,Victoria,Amistoso
Iraq,2017-06-07,South Korea,Iraq 0.0-0.0 South Korea,Empate,Amistoso
Iraq,2017-06-13,Japan,Iraq 1.0-1.0 Japan,Empate,Oficial (torneo)
Iraq,2017-08-26,Syria,Iraq 1.0-1.0 Syria,Empate,Amistoso
Iraq,2017-08-31,Thailand,Thailand 1.0-2.0 Iraq,Victoria,Oficial (torneo)
Iraq,2017-09-05,United Arab Emirates,Iraq 1.0-0.0 United Arab Emirates,Victoria,Oficial (torneo)
Iraq,2017-10-05,Kenya,Iraq 2.0-1.0 Kenya,Victoria,Amistoso
Iraq,2017-11-13,Syria,Iraq 1.0-1.0 Syria,Empate,Amistoso
Iraq,2017-12-23,Bahrain,Bahrain 1.0-1.0 Iraq,Empate,Otro / revisar
Iraq,2017-12-26,Qatar,Iraq 2.0-1.0 Qatar,Victoria,Otro / revisar
Iraq,2017-12-29,Yemen,Iraq 3.0-0.0 Yemen,Victoria,Otro / revisar
Iraq,2018-01-02,United Arab Emirates,Iraq 0.0-0.0 United Arab Emirates,Empate,Otro / revisar
Iraq,2018-02-28,Saudi Arabia,Iraq 4.0-1.0 Saudi Arabia,Victoria,Amistoso
Iraq,2018-03-21,Qatar,Iraq 2.0-3.0 Qatar,Derrota,Amistoso
Iraq,2018-03-27,Syria,Iraq 1.0-1.0 Syria,Empate,Amistoso
Iraq,2018-05-08,Palestine,Iraq 0.0-0.0 Palestine,Empate,Amistoso
Iraq,2018-08-04,Palestine,Palestine 0.0-3.0 Iraq,Victoria,Amistoso
Iraq,2018-09-10,Kuwait,Kuwait 2.0-2.0 Iraq,Empate,Amistoso
Iraq,2018-10-11,Argentina,Argentina 4.0-0.0 Iraq,Derrota,Amistoso
Iraq,2018-10-15,Saudi Arabia,Saudi Arabia 1.0-1.0 Iraq,Empate,Amistoso
Iraq,2018-11-20,Bolivia,Iraq 0.0-0.0 Bolivia,Empate,Amistoso
Iraq,2018-12-24,China,Iraq 2.0-1.0 China,Victoria,Amistoso
Iraq,2018-12-28,Palestine,Iraq 1.0-0.0 Palestine,Victoria,Amistoso
Iraq,2019-01-08,Vietnam,Iraq 3.0-2.0 Vietnam,Victoria,Oficial (torneo)
Iraq,2019-01-12,Yemen,Yemen 0.0-3.0 Iraq,Victoria,Oficial (torneo)
Iraq,2019-01-16,Iran,Iran 0.0-0.0 Iraq,Empate,Oficial (torneo)
Iraq,2019-01-22,Qatar,Qatar 1.0-0.0 Iraq,Derrota,Oficial (torneo)
Iraq,2019-06-07,Tunisia,Tunisia 2.0-0.0 Iraq,Derrota,Amistoso
Iraq,2019-07-30,Lebanon,Iraq 1.0-0.0 Lebanon,Victoria,Otro / revisar
Iraq,2019-08-02,Palestine,Iraq 2.0-1.0 Palestine,Victoria,Otro / revisar
Iraq,2019-08-08,Syria,Iraq 0.0-0.0 Syria,Empate,Otro / revisar
Iraq,2019-08-11,Yemen,Iraq 2.0-1.0 Yemen,Victoria,Otro / revisar
Iraq,2019-08-14,Bahrain,Iraq 0.0-1.0 Bahrain,Derrota,Otro / revisar
Iraq,2019-09-05,Bahrain,Bahrain 1.0-1.0 Iraq,Empate,Oficial (torneo)
Iraq,2019-09-09,Uzbekistan,Iraq 0.0-0.0 Uzbekistan,Empate,Amistoso
Iraq,2019-10-10,Hong Kong,Iraq 2.0-0.0 Hong Kong,Victoria,Oficial (torneo)
Iraq,2019-10-15,Cambodia,Cambodia 0.0-4.0 Iraq,Victoria,Oficial (torneo)
Iraq,2019-11-14,Iran,Iraq 2.0-1.0 Iran,Victoria,Oficial (torneo)
Iraq,2019-11-19,Bahrain,Iraq 0.0-0.0 Bahrain,Empate,Oficial (torneo)
Iraq,2019-11-26,Qatar,Qatar 1.0-2.0 Iraq,Victoria,Otro / revisar
Iraq,2019-11-29,United Arab Emirates,United Arab Emirates 0.0-2.0 Iraq,Victoria,Otro / revisar
Iraq,2019-12-02,Yemen,Yemen 0.0-0.0 Iraq,Empate,Otro / revisar
Iraq,2019-12-05,Bahrain,Iraq 2.0-2.0 Bahrain,Empate,Otro / revisar
Iraq,2020-11-12,Jordan,Jordan 0.0-0.0 Iraq,Empate,Amistoso
Iraq,2020-11-17,Uzbekistan,Uzbekistan 1.0-2.0 Iraq,Victoria,Amistoso
Iraq,2021-01-12,United Arab Emirates,United Arab Emirates 0.0-0.0 Iraq,Empate,Amistoso
Iraq,2021-01-27,Kuwait,Iraq 2.0-1.0 Kuwait,Victoria,Amistoso
Iraq,2021-03-29,Uzbekistan,Uzbekistan 0.0-1.0 Iraq,Victoria,Amistoso
Iraq,2021-05-24,Tajikistan,Iraq 0.0-0.0 Tajikistan,Empate,Amistoso
Iraq,2021-05-29,Nepal,Iraq 6.0-2.0 Nepal,Victoria,Amistoso
Iraq,2021-06-07,Cambodia,Iraq 4.0-1.0 Cambodia,Victoria,Oficial (torneo)
Iraq,2021-06-11,Hong Kong,Hong Kong 0.0-1.0 Iraq,Victoria,Oficial (torneo)
Iraq,2021-06-15,Iran,Iran 1.0-0.0 Iraq,Derrota,Oficial (torneo)
Iraq,2021-09-02,South Korea,South Korea 0.0-0.0 Iraq,Empate,Oficial (torneo)
Iraq,2021-09-07,Iran,Iraq 0.0-3.0 Iran,Derrota,Oficial (torneo)
Iraq,2021-10-07,Lebanon,Iraq 0.0-0.0 Lebanon,Empate,Oficial (torneo)
Iraq,2021-10-12,United Arab Emirates,United Arab Emirates 2.0-2.0 Iraq,Empate,Oficial (torneo)
Iraq,2021-11-11,Syria,Iraq 1.0-1.0 Syria,Empate,Oficial (torneo)
Iraq,2021-11-16,South Korea,Iraq 0.0-3.0 South Korea,Derrota,Oficial (torneo)
Iraq,2021-11-30,Oman,Iraq 1.0-1.0 Oman,Empate,Otro / revisar
Iraq,2021-12-03,Bahrain,Bahrain 0.0-0.0 Iraq,Empate,Otro / revisar
Iraq,2021-12-06,Qatar,Qatar 3.0-0.0 Iraq,Derrota,Otro / revisar
Iraq,2022-01-21,Uganda,Iraq 1.0-0.0 Uganda,Victoria,Amistoso
Iraq,2022-01-27,Iran,Iran 1.0-0.0 Iraq,Derrota,Oficial (torneo)
Iraq,2022-02-01,Lebanon,Lebanon 1.0-1.0 Iraq,Empate,Oficial (torneo)
Iraq,2022-03-18,Zambia,Iraq 3.0-1.0 Zambia,Victoria,Amistoso
Iraq,2022-03-24,United Arab Emirates,Iraq 1.0-0.0 United Arab Emirates,Victoria,Oficial (torneo)
Iraq,2022-03-29,Syria,Syria 1.0-1.0 Iraq,Empate,Oficial (torneo)
Iraq,2022-09-23,Oman,Iraq 1.0-1.0 Oman,Empate,Otro / revisar
Iraq,2022-09-26,Syria,Iraq 1.0-0.0 Syria,Victoria,Otro / revisar
Iraq,2022-11-09,Mexico,Mexico 4.0-0.0 Iraq,Derrota,Amistoso
Iraq,2022-11-12,Ecuador,Iraq 0.0-0.0 Ecuador,Empate,Amistoso
Iraq,2022-12-30,Kuwait,Iraq 1.0-0.0 Kuwait,Victoria,Amistoso
Iraq,2023-01-06,Oman,Iraq 0.0-0.0 Oman,Empate,Otro / revisar
Iraq,2023-01-09,Saudi Arabia,Iraq 2.0-0.0 Saudi Arabia,Victoria,Otro / revisar
Iraq,2023-01-12,Yemen,Iraq 5.0-0.0 Yemen,Victoria,Otro / revisar
Iraq,2023-01-16,Qatar,Iraq 2.0-1.0 Qatar,Victoria,Otro / revisar
Iraq,2023-01-19,Oman,Iraq 3.0-2.0 Oman,Victoria,Otro / revisar
Iraq,2023-03-26,Russia,Russia 2.0-0.0 Iraq,Derrota,Amistoso
Iraq,2023-06-16,Colombia,Colombia 1.0-0.0 Iraq,Derrota,Amistoso
Iraq,2023-09-07,India,Iraq 2.0-2.0 India,Empate,Otro / revisar
Iraq,2023-09-10,Thailand,Thailand 2.0-2.0 Iraq,Empate,Otro / revisar
Iraq,2023-10-13,Qatar,Iraq 0.0-0.0 Qatar,Empate,Amistoso
Iraq,2023-11-16,Indonesia,Iraq 5.0-1.0 Indonesia,Victoria,Oficial (torneo)
Iraq,2023-11-21,Vietnam,Vietnam 0.0-1.0 Iraq,Victoria,Oficial (torneo)
Iraq,2024-01-06,South Korea,Iraq 0.0-1.0 South Korea,Derrota,Amistoso
Iraq,2024-01-15,Indonesia,Indonesia 1.0-3.0 Iraq,Victoria,Oficial (torneo)
Iraq,2024-01-19,Japan,Iraq 2.0-1.0 Japan,Victoria,Oficial (torneo)
Iraq,2024-01-24,Vietnam,Iraq 3.0-2.0 Vietnam,Victoria,Oficial (torneo)
Iraq,2024-01-29,Jordan,Iraq 2.0-3.0 Jordan,Derrota,Oficial (torneo)
Iraq,2024-03-21,Philippines,Iraq 1.0-0.0 Philippines,Victoria,Oficial (torneo)
Iraq,2024-03-26,Philippines,Philippines 0.0-5.0 Iraq,Victoria,Oficial (torneo)
Iraq,2024-06-06,Indonesia,Indonesia 0.0-2.0 Iraq,Victoria,Oficial (torneo)
Iraq,2024-06-11,Vietnam,Iraq 3.0-1.0 Vietnam,Victoria,Oficial (torneo)
Iraq,2024-09-05,Oman,Iraq 1.0-0.0 Oman,Victoria,Oficial (torneo)
Iraq,2024-09-10,Kuwait,Kuwait 0.0-0.0 Iraq,Empate,Oficial (torneo)
Iraq,2024-10-10,Palestine,Iraq 1.0-0.0 Palestine,Victoria,Oficial (torneo)
Iraq,2024-10-15,South Korea,South Korea 3.0-2.0 Iraq,Derrota,Oficial (torneo)
Iraq,2024-11-14,Jordan,Iraq 0.0-0.0 Jordan,Empate,Oficial (torneo)
Iraq,2024-11-19,Oman,Oman 0.0-1.0 Iraq,Victoria,Oficial (torneo)
Iraq,2024-12-22,Yemen,Iraq 1.0-0.0 Yemen,Victoria,Otro / revisar
Iraq,2024-12-25,Bahrain,Bahrain 2.0-0.0 Iraq,Derrota,Otro / revisar
Iraq,2024-12-28,Saudi Arabia,Iraq 1.0-3.0 Saudi Arabia,Derrota,Otro / revisar
Iraq,2025-03-20,Kuwait,Iraq 2.0-2.0 Kuwait,Empate,Oficial (torneo)
Iraq,2025-03-25,Palestine,Palestine 2.0-1.0 Iraq,Derrota,Oficial (torneo)
Iraq,2025-06-05,South Korea,Iraq 0.0-2.0 South Korea,Derrota,Oficial (torneo)
Iraq,2025-06-10,Jordan,Jordan 0.0-1.0 Iraq,Victoria,Oficial (torneo)
Iraq,2025-09-04,Hong Kong,Iraq 2.0-1.0 Hong Kong,Victoria,Otro / revisar
Iraq,2025-09-07,Thailand,Thailand 0.0-1.0 Iraq,Victoria,Otro / revisar
Iraq,2025-10-11,Indonesia,Iraq 1.0-0.0 Indonesia,Victoria,Oficial (torneo)
Iraq,2025-10-14,Saudi Arabia,Saudi Arabia 0.0-0.0 Iraq,Empate,Oficial (torneo)
Iraq,2025-11-13,United Arab Emirates,United Arab Emirates 1.0-1.0 Iraq,Empate,Oficial (torneo)
Iraq,2025-11-18,United Arab Emirates,Iraq 2.0-1.0 United Arab Emirates,Victoria,Oficial (torneo)
Iraq,2025-12-03,Bahrain,Iraq 2.0-1.0 Bahrain,Victoria,Otro / revisar
Iraq,2025-12-06,Sudan,Sudan 0.0-2.0 Iraq,Victoria,Otro / revisar
Iraq,2025-12-09,Algeria,Algeria 2.0-0.0 Iraq,Derrota,Otro / revisar
Iraq,2025-12-12,Jordan,Jordan 1.0-0.0 Iraq,Derrota,Otro / revisar
Iraq,2026-03-31,Bolivia,Iraq 2.0-1.0 Bolivia,Victoria,Oficial (torneo)
Iraq,2026-05-29,Andorra,Andorra 0.0-1.0 Iraq,Victoria,Amistoso
Iraq,2026-06-04,Spain,Spain 1.0-1.0 Iraq,Empate,Amistoso
Iraq,2026-06-09,Venezuela,Iraq 0.0-2.0 Venezuela,Derrota,Amistoso
Ivory Coast,2016-03-25,Sudan,Ivory Coast 1.0-0.0 Sudan,Victoria,Eliminatoria
Ivory Coast,2016-03-29,Sudan,Sudan 1.0-1.0 Ivory Coast,Empate,Eliminatoria
Ivory Coast,2016-05-20,Hungary,Hungary 0.0-0.0 Ivory Coast,Empate,Amistoso
Ivory Coast,2016-06-04,Gabon,Ivory Coast 2.0-1.0 Gabon,Victoria,Amistoso
Ivory Coast,2016-09-03,Sierra Leone,Ivory Coast 1.0-1.0 Sierra Leone,Empate,Eliminatoria
Ivory Coast,2016-10-08,Mali,Ivory Coast 3.0-1.0 Mali,Victoria,Oficial (torneo)
Ivory Coast,2016-11-12,Morocco,Morocco 0.0-0.0 Ivory Coast,Empate,Oficial (torneo)
Ivory Coast,2016-11-15,France,France 0.0-0.0 Ivory Coast,Empate,Amistoso
Ivory Coast,2016-12-26,Zimbabwe,Ivory Coast 0.0-0.0 Zimbabwe,Empate,Amistoso
Ivory Coast,2017-01-08,Sweden,Ivory Coast 2.0-1.0 Sweden,Victoria,Amistoso
Ivory Coast,2017-01-11,Uganda,Ivory Coast 3.0-0.0 Uganda,Victoria,Amistoso
Ivory Coast,2017-01-16,Togo,Ivory Coast 0.0-0.0 Togo,Empate,Otro / revisar
Ivory Coast,2017-01-20,DR Congo,Ivory Coast 2.0-2.0 DR Congo,Empate,Otro / revisar
Ivory Coast,2017-01-24,Morocco,Morocco 1.0-0.0 Ivory Coast,Derrota,Otro / revisar
Ivory Coast,2017-03-24,Russia,Russia 0.0-2.0 Ivory Coast,Victoria,Amistoso
Ivory Coast,2017-03-27,Senegal,Ivory Coast 1.0-1.0 Senegal,Empate,Amistoso
Ivory Coast,2017-05-31,Benin,Ivory Coast 1.0-1.0 Benin,Empate,Amistoso
Ivory Coast,2017-06-04,Netherlands,Netherlands 5.0-0.0 Ivory Coast,Derrota,Amistoso
Ivory Coast,2017-06-10,Guinea,Ivory Coast 2.0-3.0 Guinea,Derrota,Eliminatoria
Ivory Coast,2017-09-02,Gabon,Gabon 0.0-3.0 Ivory Coast,Victoria,Oficial (torneo)
Ivory Coast,2017-09-05,Gabon,Ivory Coast 1.0-2.0 Gabon,Derrota,Oficial (torneo)
Ivory Coast,2017-10-06,Mali,Mali 0.0-0.0 Ivory Coast,Empate,Oficial (torneo)
Ivory Coast,2017-11-11,Morocco,Ivory Coast 0.0-2.0 Morocco,Derrota,Oficial (torneo)
Ivory Coast,2018-03-24,Togo,Ivory Coast 2.0-2.0 Togo,Empate,Amistoso
Ivory Coast,2018-03-27,Moldova,Moldova 1.0-2.0 Ivory Coast,Victoria,Amistoso
Ivory Coast,2018-09-09,Rwanda,Rwanda 1.0-2.0 Ivory Coast,Victoria,Eliminatoria
Ivory Coast,2018-10-12,Central African Republic,Ivory Coast 4.0-0.0 Central African Republic,Victoria,Eliminatoria
Ivory Coast,2018-10-16,Central African Republic,Central African Republic 0.0-0.0 Ivory Coast,Empate,Eliminatoria
Ivory Coast,2018-11-18,Guinea,Guinea 1.0-1.0 Ivory Coast,Empate,Eliminatoria
Ivory Coast,2019-03-23,Rwanda,Ivory Coast 3.0-0.0 Rwanda,Victoria,Eliminatoria
Ivory Coast,2019-03-26,Liberia,Ivory Coast 1.0-0.0 Liberia,Victoria,Amistoso
Ivory Coast,2019-06-07,Comoros,Ivory Coast 3.0-1.0 Comoros,Victoria,Amistoso
Ivory Coast,2019-06-15,Uganda,Ivory Coast 0.0-1.0 Uganda,Derrota,Amistoso
Ivory Coast,2019-06-19,Zambia,Ivory Coast 4.0-1.0 Zambia,Victoria,Amistoso
Ivory Coast,2019-06-24,South Africa,Ivory Coast 1.0-0.0 South Africa,Victoria,Otro / revisar
Ivory Coast,2019-06-28,Morocco,Morocco 1.0-0.0 Ivory Coast,Derrota,Otro / revisar
Ivory Coast,2019-07-01,Namibia,Namibia 1.0-4.0 Ivory Coast,Victoria,Otro / revisar
Ivory Coast,2019-07-08,Mali,Mali 0.0-1.0 Ivory Coast,Victoria,Otro / revisar
Ivory Coast,2019-07-11,Algeria,Ivory Coast 1.0-1.0 Algeria,Empate,Otro / revisar
Ivory Coast,2019-09-06,Benin,Ivory Coast 1.0-2.0 Benin,Derrota,Amistoso
Ivory Coast,2019-09-10,Tunisia,Ivory Coast 2.0-1.0 Tunisia,Victoria,Amistoso
Ivory Coast,2019-10-12,DR Congo,Ivory Coast 3.0-1.0 DR Congo,Victoria,Amistoso
Ivory Coast,2019-11-16,Niger,Ivory Coast 1.0-0.0 Niger,Victoria,Eliminatoria
Ivory Coast,2019-11-19,Ethiopia,Ethiopia 2.0-1.0 Ivory Coast,Derrota,Eliminatoria
Ivory Coast,2020-10-08,Belgium,Belgium 1.0-1.0 Ivory Coast,Empate,Amistoso
Ivory Coast,2020-10-13,Japan,Japan 1.0-0.0 Ivory Coast,Derrota,Amistoso
Ivory Coast,2020-11-12,Madagascar,Ivory Coast 2.0-1.0 Madagascar,Victoria,Eliminatoria
Ivory Coast,2020-11-17,Madagascar,Madagascar 1.0-1.0 Ivory Coast,Empate,Eliminatoria
Ivory Coast,2021-03-26,Niger,Niger 0.0-3.0 Ivory Coast,Victoria,Eliminatoria
Ivory Coast,2021-03-30,Ethiopia,Ivory Coast 3.0-1.0 Ethiopia,Victoria,Eliminatoria
Ivory Coast,2021-06-05,Burkina Faso,Ivory Coast 2.0-1.0 Burkina Faso,Victoria,Amistoso
Ivory Coast,2021-06-12,Ghana,Ghana 0.0-0.0 Ivory Coast,Empate,Amistoso
Ivory Coast,2021-09-03,Mozambique,Mozambique 0.0-0.0 Ivory Coast,Empate,Oficial (torneo)
Ivory Coast,2021-09-06,Cameroon,Ivory Coast 2.0-1.0 Cameroon,Victoria,Oficial (torneo)
Ivory Coast,2021-10-08,Malawi,Malawi 0.0-3.0 Ivory Coast,Victoria,Oficial (torneo)
Ivory Coast,2021-10-11,Malawi,Ivory Coast 2.0-1.0 Malawi,Victoria,Oficial (torneo)
Ivory Coast,2021-11-13,Mozambique,Ivory Coast 3.0-0.0 Mozambique,Victoria,Oficial (torneo)
Ivory Coast,2021-11-16,Cameroon,Cameroon 1.0-0.0 Ivory Coast,Derrota,Oficial (torneo)
Ivory Coast,2022-01-12,Equatorial Guinea,Equatorial Guinea 0.0-1.0 Ivory Coast,Victoria,Otro / revisar
Ivory Coast,2022-01-16,Sierra Leone,Ivory Coast 2.0-2.0 Sierra Leone,Empate,Otro / revisar
Ivory Coast,2022-01-20,Algeria,Ivory Coast 3.0-1.0 Algeria,Victoria,Otro / revisar
Ivory Coast,2022-01-26,Egypt,Ivory Coast 0.0-0.0 Egypt,Empate,Otro / revisar
Ivory Coast,2022-03-25,France,France 2.0-1.0 Ivory Coast,Derrota,Amistoso
Ivory Coast,2022-03-29,England,England 3.0-0.0 Ivory Coast,Derrota,Amistoso
Ivory Coast,2022-06-03,Zambia,Ivory Coast 3.0-1.0 Zambia,Victoria,Eliminatoria
Ivory Coast,2022-06-09,Lesotho,Lesotho 0.0-0.0 Ivory Coast,Empate,Eliminatoria
Ivory Coast,2022-09-24,Togo,Ivory Coast 2.0-1.0 Togo,Victoria,Amistoso
Ivory Coast,2022-09-27,Guinea,Ivory Coast 3.0-1.0 Guinea,Victoria,Amistoso
Ivory Coast,2022-11-16,Burundi,Ivory Coast 4.0-0.0 Burundi,Victoria,Amistoso
Ivory Coast,2022-11-19,Burkina Faso,Ivory Coast 1.0-2.0 Burkina Faso,Derrota,Amistoso
Ivory Coast,2023-03-24,Comoros,Ivory Coast 3.0-1.0 Comoros,Victoria,Eliminatoria
Ivory Coast,2023-03-28,Comoros,Comoros 0.0-2.0 Ivory Coast,Victoria,Eliminatoria
Ivory Coast,2023-06-17,Zambia,Zambia 3.0-0.0 Ivory Coast,Derrota,Eliminatoria
Ivory Coast,2023-09-09,Lesotho,Ivory Coast 1.0-0.0 Lesotho,Victoria,Eliminatoria
Ivory Coast,2023-10-14,Morocco,Ivory Coast 1.0-1.0 Morocco,Empate,Amistoso
Ivory Coast,2023-10-17,South Africa,Ivory Coast 1.0-1.0 South Africa,Empate,Amistoso
Ivory Coast,2023-11-17,Seychelles,Ivory Coast 9.0-0.0 Seychelles,Victoria,Oficial (torneo)
Ivory Coast,2023-11-20,Gambia,Gambia 0.0-2.0 Ivory Coast,Victoria,Oficial (torneo)
Ivory Coast,2024-01-06,Sierra Leone,Ivory Coast 5.0-1.0 Sierra Leone,Victoria,Amistoso
Ivory Coast,2024-01-13,Guinea-Bissau,Ivory Coast 2.0-0.0 Guinea-Bissau,Victoria,Otro / revisar
Ivory Coast,2024-01-18,Nigeria,Ivory Coast 0.0-1.0 Nigeria,Derrota,Otro / revisar
Ivory Coast,2024-01-22,Equatorial Guinea,Ivory Coast 0.0-4.0 Equatorial Guinea,Derrota,Otro / revisar
Ivory Coast,2024-01-29,Senegal,Ivory Coast 1.0-1.0 Senegal,Empate,Otro / revisar
Ivory Coast,2024-02-03,Mali,Ivory Coast 2.0-1.0 Mali,Victoria,Otro / revisar
Ivory Coast,2024-02-07,DR Congo,Ivory Coast 1.0-0.0 DR Congo,Victoria,Otro / revisar
Ivory Coast,2024-02-11,Nigeria,Ivory Coast 2.0-1.0 Nigeria,Victoria,Otro / revisar
Ivory Coast,2024-03-23,Benin,Ivory Coast 2.0-2.0 Benin,Empate,Amistoso
Ivory Coast,2024-03-26,Uruguay,Ivory Coast 2.0-1.0 Uruguay,Victoria,Amistoso
Ivory Coast,2024-06-07,Gabon,Ivory Coast 1.0-0.0 Gabon,Victoria,Oficial (torneo)
Ivory Coast,2024-06-11,Kenya,Kenya 0.0-0.0 Ivory Coast,Empate,Oficial (torneo)
Ivory Coast,2024-09-06,Zambia,Ivory Coast 2.0-0.0 Zambia,Victoria,Eliminatoria
Ivory Coast,2024-09-10,Chad,Chad 0.0-2.0 Ivory Coast,Victoria,Eliminatoria
Ivory Coast,2024-10-11,Sierra Leone,Ivory Coast 4.0-1.0 Sierra Leone,Victoria,Eliminatoria
Ivory Coast,2024-10-15,Sierra Leone,Sierra Leone 1.0-0.0 Ivory Coast,Derrota,Eliminatoria
Ivory Coast,2024-11-15,Zambia,Zambia 1.0-0.0 Ivory Coast,Derrota,Eliminatoria
Ivory Coast,2024-11-19,Chad,Ivory Coast 4.0-0.0 Chad,Victoria,Eliminatoria
Ivory Coast,2025-03-21,Burundi,Burundi 0.0-1.0 Ivory Coast,Victoria,Oficial (torneo)
Ivory Coast,2025-03-24,Gambia,Ivory Coast 1.0-0.0 Gambia,Victoria,Oficial (torneo)
Ivory Coast,2025-06-07,New Zealand,Ivory Coast 0.0-1.0 New Zealand,Derrota,Otro / revisar
Ivory Coast,2025-06-10,Canada,Canada 0.0-0.0 Ivory Coast,Empate,Otro / revisar
Ivory Coast,2025-09-05,Burundi,Ivory Coast 1.0-0.0 Burundi,Victoria,Oficial (torneo)
Ivory Coast,2025-09-09,Gabon,Gabon 0.0-0.0 Ivory Coast,Empate,Oficial (torneo)
Ivory Coast,2025-10-10,Seychelles,Seychelles 0.0-7.0 Ivory Coast,Victoria,Oficial (torneo)
Ivory Coast,2025-10-14,Kenya,Ivory Coast 3.0-0.0 Kenya,Victoria,Oficial (torneo)
Ivory Coast,2025-11-14,Saudi Arabia,Saudi Arabia 1.0-0.0 Ivory Coast,Derrota,Amistoso
Ivory Coast,2025-11-18,Oman,Oman 0.0-2.0 Ivory Coast,Victoria,Amistoso
Ivory Coast,2025-12-24,Mozambique,Ivory Coast 1.0-0.0 Mozambique,Victoria,Otro / revisar
Ivory Coast,2025-12-28,Cameroon,Ivory Coast 1.0-1.0 Cameroon,Empate,Otro / revisar
Ivory Coast,2025-12-31,Gabon,Gabon 2.0-3.0 Ivory Coast,Victoria,Otro / revisar
Ivory Coast,2026-01-06,Burkina Faso,Ivory Coast 3.0-0.0 Burkina Faso,Victoria,Otro / revisar
Ivory Coast,2026-01-10,Egypt,Egypt 3.0-2.0 Ivory Coast,Derrota,Otro / revisar
Ivory Coast,2026-03-28,South Korea,Ivory Coast 4.0-0.0 South Korea,Victoria,Amistoso
Ivory Coast,2026-03-31,Scotland,Ivory Coast 1.0-0.0 Scotland,Victoria,Amistoso
Ivory Coast,2026-06-04,France,France 1.0-2.0 Ivory Coast,Victoria,Amistoso
Japan,2016-03-24,Afghanistan,Japan 5.0-0.0 Afghanistan,Victoria,Oficial (torneo)
Japan,2016-03-29,Syria,Japan 5.0-0.0 Syria,Victoria,Oficial (torneo)
Japan,2016-06-03,Bulgaria,Japan 7.0-2.0 Bulgaria,Victoria,Otro / revisar
Japan,2016-06-07,Bosnia and Herzegovina,Japan 1.0-2.0 Bosnia and Herzegovina,Derrota,Otro / revisar
Japan,2016-09-01,United Arab Emirates,Japan 1.0-2.0 United Arab Emirates,Derrota,Oficial (torneo)
Japan,2016-09-06,Thailand,Thailand 0.0-2.0 Japan,Victoria,Oficial (torneo)
Japan,2016-10-06,Iraq,Japan 2.0-1.0 Iraq,Victoria,Oficial (torneo)
Japan,2016-10-11,Australia,Australia 1.0-1.0 Japan,Empate,Oficial (torneo)
Japan,2016-11-11,Oman,Japan 4.0-0.0 Oman,Victoria,Otro / revisar
Japan,2016-11-15,Saudi Arabia,Japan 2.0-1.0 Saudi Arabia,Victoria,Oficial (torneo)
Japan,2017-03-23,United Arab Emirates,United Arab Emirates 0.0-2.0 Japan,Victoria,Oficial (torneo)
Japan,2017-03-28,Thailand,Japan 4.0-0.0 Thailand,Victoria,Oficial (torneo)
Japan,2017-06-07,Syria,Japan 1.0-1.0 Syria,Empate,Otro / revisar
Japan,2017-06-13,Iraq,Iraq 1.0-1.0 Japan,Empate,Oficial (torneo)
Japan,2017-08-31,Australia,Japan 2.0-0.0 Australia,Victoria,Oficial (torneo)
Japan,2017-09-05,Saudi Arabia,Saudi Arabia 1.0-0.0 Japan,Derrota,Oficial (torneo)
Japan,2017-10-06,New Zealand,Japan 2.0-1.0 New Zealand,Victoria,Otro / revisar
Japan,2017-10-10,Haiti,Japan 3.0-3.0 Haiti,Empate,Otro / revisar
Japan,2017-11-10,Brazil,Japan 1.0-3.0 Brazil,Derrota,Amistoso
Japan,2017-11-14,Belgium,Belgium 1.0-0.0 Japan,Derrota,Amistoso
Japan,2017-12-09,North Korea,Japan 1.0-0.0 North Korea,Victoria,Otro / revisar
Japan,2017-12-12,China,Japan 2.0-1.0 China,Victoria,Otro / revisar
Japan,2017-12-16,South Korea,Japan 1.0-4.0 South Korea,Derrota,Otro / revisar
Japan,2018-03-23,Mali,Japan 1.0-1.0 Mali,Empate,Amistoso
Japan,2018-03-27,Ukraine,Ukraine 2.0-1.0 Japan,Derrota,Amistoso
Japan,2018-05-30,Ghana,Japan 0.0-2.0 Ghana,Derrota,Amistoso
Japan,2018-06-08,Switzerland,Switzerland 2.0-0.0 Japan,Derrota,Amistoso
Japan,2018-06-12,Paraguay,Japan 4.0-2.0 Paraguay,Victoria,Amistoso
Japan,2018-06-19,Colombia,Colombia 1.0-2.0 Japan,Victoria,Oficial (torneo)
Japan,2018-06-24,Senegal,Japan 2.0-2.0 Senegal,Empate,Oficial (torneo)
Japan,2018-06-28,Poland,Japan 0.0-1.0 Poland,Derrota,Oficial (torneo)
Japan,2018-07-02,Belgium,Belgium 3.0-2.0 Japan,Derrota,Oficial (torneo)
Japan,2018-09-11,Costa Rica,Japan 3.0-0.0 Costa Rica,Victoria,Otro / revisar
Japan,2018-10-12,Panama,Japan 3.0-0.0 Panama,Victoria,Otro / revisar
Japan,2018-10-16,Uruguay,Japan 4.0-3.0 Uruguay,Victoria,Otro / revisar
Japan,2018-11-16,Venezuela,Japan 1.0-1.0 Venezuela,Empate,Otro / revisar
Japan,2018-11-20,Kyrgyzstan,Japan 4.0-0.0 Kyrgyzstan,Victoria,Otro / revisar
Japan,2019-01-09,Turkmenistan,Japan 3.0-2.0 Turkmenistan,Victoria,Oficial (torneo)
Japan,2019-01-13,Oman,Oman 0.0-1.0 Japan,Victoria,Oficial (torneo)
Japan,2019-01-17,Uzbekistan,Japan 2.0-1.0 Uzbekistan,Victoria,Oficial (torneo)
Japan,2019-01-21,Saudi Arabia,Japan 1.0-0.0 Saudi Arabia,Victoria,Oficial (torneo)
Japan,2019-01-24,Vietnam,Vietnam 0.0-1.0 Japan,Victoria,Oficial (torneo)
Japan,2019-01-28,Iran,Iran 0.0-3.0 Japan,Victoria,Oficial (torneo)
Japan,2019-02-01,Qatar,Japan 1.0-3.0 Qatar,Derrota,Oficial (torneo)
Japan,2019-03-22,Colombia,Japan 0.0-1.0 Colombia,Derrota,Otro / revisar
Japan,2019-03-26,Bolivia,Japan 1.0-0.0 Bolivia,Victoria,Otro / revisar
Japan,2019-06-05,Trinidad and Tobago,Japan 0.0-0.0 Trinidad and Tobago,Empate,Otro / revisar
Japan,2019-06-09,El Salvador,Japan 2.0-0.0 El Salvador,Victoria,Otro / revisar
Japan,2019-06-17,Chile,Japan 0.0-4.0 Chile,Derrota,Otro / revisar
Japan,2019-06-20,Uruguay,Uruguay 2.0-2.0 Japan,Empate,Otro / revisar
Japan,2019-06-24,Ecuador,Ecuador 1.0-1.0 Japan,Empate,Otro / revisar
Japan,2019-09-05,Paraguay,Japan 2.0-0.0 Paraguay,Victoria,Otro / revisar
Japan,2019-09-10,Myanmar,Myanmar 0.0-2.0 Japan,Victoria,Oficial (torneo)
Japan,2019-10-10,Mongolia,Japan 6.0-0.0 Mongolia,Victoria,Oficial (torneo)
Japan,2019-10-15,Tajikistan,Tajikistan 0.0-3.0 Japan,Victoria,Oficial (torneo)
Japan,2019-11-14,Kyrgyzstan,Kyrgyzstan 0.0-2.0 Japan,Victoria,Oficial (torneo)
Japan,2019-11-19,Venezuela,Japan 1.0-4.0 Venezuela,Derrota,Otro / revisar
Japan,2019-12-10,China,China 1.0-2.0 Japan,Victoria,Otro / revisar
Japan,2019-12-14,Hong Kong,Japan 5.0-0.0 Hong Kong,Victoria,Otro / revisar
Japan,2019-12-18,South Korea,South Korea 1.0-0.0 Japan,Derrota,Otro / revisar
Japan,2020-10-09,Cameroon,Japan 0.0-0.0 Cameroon,Empate,Amistoso
Japan,2020-10-13,Ivory Coast,Japan 1.0-0.0 Ivory Coast,Victoria,Amistoso
Japan,2020-11-13,Panama,Japan 1.0-0.0 Panama,Victoria,Amistoso
Japan,2020-11-17,Mexico,Japan 0.0-2.0 Mexico,Derrota,Amistoso
Japan,2021-03-25,South Korea,Japan 3.0-0.0 South Korea,Victoria,Amistoso
Japan,2021-03-30,Mongolia,Japan 14.0-0.0 Mongolia,Victoria,Oficial (torneo)
Japan,2021-05-28,Myanmar,Japan 10.0-0.0 Myanmar,Victoria,Oficial (torneo)
Japan,2021-06-07,Tajikistan,Japan 4.0-1.0 Tajikistan,Victoria,Oficial (torneo)
Japan,2021-06-11,Serbia,Japan 1.0-0.0 Serbia,Victoria,Otro / revisar
Japan,2021-06-15,Kyrgyzstan,Japan 5.0-1.0 Kyrgyzstan,Victoria,Oficial (torneo)
Japan,2021-09-02,Oman,Japan 0.0-1.0 Oman,Derrota,Oficial (torneo)
Japan,2021-09-07,China,China 0.0-1.0 Japan,Victoria,Oficial (torneo)
Japan,2021-10-07,Saudi Arabia,Saudi Arabia 1.0-0.0 Japan,Derrota,Oficial (torneo)
Japan,2021-10-12,Australia,Japan 2.0-1.0 Australia,Victoria,Oficial (torneo)
Japan,2021-11-11,Vietnam,Vietnam 0.0-1.0 Japan,Victoria,Oficial (torneo)
Japan,2021-11-16,Oman,Oman 0.0-1.0 Japan,Victoria,Oficial (torneo)
Japan,2022-01-27,China,Japan 2.0-0.0 China,Victoria,Oficial (torneo)
Japan,2022-02-01,Saudi Arabia,Japan 2.0-0.0 Saudi Arabia,Victoria,Oficial (torneo)
Japan,2022-03-24,Australia,Australia 0.0-2.0 Japan,Victoria,Oficial (torneo)
Japan,2022-03-29,Vietnam,Japan 1.0-1.0 Vietnam,Empate,Oficial (torneo)
Japan,2022-06-02,Paraguay,Japan 4.0-1.0 Paraguay,Victoria,Amistoso
Japan,2022-06-06,Brazil,Japan 0.0-1.0 Brazil,Derrota,Amistoso
Japan,2022-06-10,Ghana,Japan 4.0-1.0 Ghana,Victoria,Otro / revisar
Japan,2022-06-14,Tunisia,Japan 0.0-3.0 Tunisia,Derrota,Otro / revisar
Japan,2022-07-19,Hong Kong,Japan 6.0-0.0 Hong Kong,Victoria,Otro / revisar
Japan,2022-07-24,China,Japan 0.0-0.0 China,Empate,Otro / revisar
Japan,2022-07-27,South Korea,Japan 3.0-0.0 South Korea,Victoria,Otro / revisar
Japan,2022-09-23,United States,Japan 2.0-0.0 United States,Victoria,Otro / revisar
Japan,2022-09-27,Ecuador,Ecuador 0.0-0.0 Japan,Empate,Otro / revisar
Japan,2022-11-17,Canada,Japan 1.0-2.0 Canada,Derrota,Amistoso
Japan,2022-11-23,Germany,Germany 1.0-2.0 Japan,Victoria,Oficial (torneo)
Japan,2022-11-27,Costa Rica,Japan 0.0-1.0 Costa Rica,Derrota,Oficial (torneo)
Japan,2022-12-01,Spain,Japan 2.0-1.0 Spain,Victoria,Oficial (torneo)
Japan,2022-12-05,Croatia,Japan 1.0-1.0 Croatia,Empate,Oficial (torneo)
Japan,2023-03-24,Uruguay,Japan 1.0-1.0 Uruguay,Empate,Amistoso
Japan,2023-03-28,Colombia,Japan 1.0-2.0 Colombia,Derrota,Amistoso
Japan,2023-06-15,El Salvador,Japan 6.0-0.0 El Salvador,Victoria,Amistoso
Japan,2023-06-20,Peru,Japan 4.0-1.0 Peru,Victoria,Amistoso
Japan,2023-09-09,Germany,Germany 1.0-4.0 Japan,Victoria,Amistoso
Japan,2023-09-12,Turkey,Japan 4.0-2.0 Turkey,Victoria,Amistoso
Japan,2023-10-13,Canada,Japan 4.0-1.0 Canada,Victoria,Amistoso
Japan,2023-11-16,Myanmar,Japan 5.0-0.0 Myanmar,Victoria,Oficial (torneo)
Japan,2023-11-21,Syria,Syria 0.0-5.0 Japan,Victoria,Oficial (torneo)
Japan,2024-01-01,Thailand,Japan 5.0-0.0 Thailand,Victoria,Amistoso
Japan,2024-01-09,Jordan,Japan 6.0-1.0 Jordan,Victoria,Amistoso
Japan,2024-01-14,Vietnam,Japan 4.0-2.0 Vietnam,Victoria,Oficial (torneo)
Japan,2024-01-19,Iraq,Iraq 2.0-1.0 Japan,Derrota,Oficial (torneo)
Japan,2024-01-24,Indonesia,Japan 3.0-1.0 Indonesia,Victoria,Oficial (torneo)
Japan,2024-01-31,Bahrain,Bahrain 1.0-3.0 Japan,Victoria,Oficial (torneo)
Japan,2024-02-03,Iran,Iran 2.0-1.0 Japan,Derrota,Oficial (torneo)
Japan,2024-03-21,North Korea,Japan 1.0-0.0 North Korea,Victoria,Oficial (torneo)
Japan,2024-06-06,Myanmar,Myanmar 0.0-5.0 Japan,Victoria,Oficial (torneo)
Japan,2024-06-11,Syria,Japan 5.0-0.0 Syria,Victoria,Oficial (torneo)
Japan,2024-09-05,China,Japan 7.0-0.0 China,Victoria,Oficial (torneo)
Japan,2024-09-10,Bahrain,Bahrain 0.0-5.0 Japan,Victoria,Oficial (torneo)
Japan,2024-10-10,Saudi Arabia,Saudi Arabia 0.0-2.0 Japan,Victoria,Oficial (torneo)
Japan,2024-10-15,Australia,Japan 1.0-1.0 Australia,Empate,Oficial (torneo)
Japan,2024-11-15,Indonesia,Indonesia 0.0-4.0 Japan,Victoria,Oficial (torneo)
Japan,2024-11-19,China,China 1.0-3.0 Japan,Victoria,Oficial (torneo)
Japan,2025-03-20,Bahrain,Japan 2.0-0.0 Bahrain,Victoria,Oficial (torneo)
Japan,2025-03-25,Saudi Arabia,Japan 0.0-0.0 Saudi Arabia,Empate,Oficial (torneo)
Japan,2025-06-05,Australia,Australia 1.0-0.0 Japan,Derrota,Oficial (torneo)
Japan,2025-06-10,Indonesia,Japan 6.0-0.0 Indonesia,Victoria,Oficial (torneo)
Japan,2025-09-06,Mexico,Mexico 0.0-0.0 Japan,Empate,Amistoso
Japan,2025-09-09,United States,United States 2.0-0.0 Japan,Derrota,Amistoso
Japan,2025-10-10,Paraguay,Japan 2.0-2.0 Paraguay,Empate,Otro / revisar
Japan,2025-10-14,Brazil,Japan 3.0-2.0 Brazil,Victoria,Otro / revisar
Japan,2025-11-14,Ghana,Japan 2.0-0.0 Ghana,Victoria,Otro / revisar
Japan,2025-11-18,Bolivia,Japan 3.0-0.0 Bolivia,Victoria,Otro / revisar
Japan,2026-03-28,Scotland,Scotland 0.0-1.0 Japan,Victoria,Amistoso
Japan,2026-03-31,England,England 0.0-1.0 Japan,Victoria,Amistoso
Japan,2026-05-31,Iceland,Japan 1.0-0.0 Iceland,Victoria,Amistoso
Jordan,2016-01-27,Egypt,Egypt 0.0-1.0 Jordan,Victoria,Amistoso
Jordan,2016-03-24,Bangladesh,Jordan 8.0-0.0 Bangladesh,Victoria,Oficial (torneo)
Jordan,2016-03-29,Australia,Australia 5.0-1.0 Jordan,Derrota,Oficial (torneo)
Jordan,2016-06-03,United Arab Emirates,United Arab Emirates 1.0-3.0 Jordan,Victoria,Otro / revisar
Jordan,2016-06-05,Thailand,Thailand 2.0-0.0 Jordan,Derrota,Otro / revisar
Jordan,2016-08-18,Qatar,Jordan 2.0-3.0 Qatar,Derrota,Amistoso
Jordan,2016-08-31,Lebanon,Lebanon 1.0-1.0 Jordan,Empate,Amistoso
Jordan,2016-09-04,Bahrain,Bahrain 0.0-0.0 Jordan,Empate,Amistoso
Jordan,2016-10-07,Oman,Oman 1.0-1.0 Jordan,Empate,Amistoso
Jordan,2016-11-06,Iraq,Jordan 0.0-0.0 Iraq,Empate,Amistoso
Jordan,2016-11-10,Uzbekistan,Uzbekistan 1.0-0.0 Jordan,Derrota,Amistoso
Jordan,2016-11-15,Lebanon,Jordan 0.0-0.0 Lebanon,Empate,Amistoso
Jordan,2017-01-25,Georgia,Jordan 1.0-0.0 Georgia,Victoria,Amistoso
Jordan,2017-03-23,Hong Kong,Jordan 4.0-0.0 Hong Kong,Victoria,Amistoso
Jordan,2017-03-28,Cambodia,Jordan 7.0-0.0 Cambodia,Victoria,Oficial (torneo)
Jordan,2017-06-01,Iraq,Iraq 1.0-0.0 Jordan,Derrota,Amistoso
Jordan,2017-06-07,Hong Kong,Hong Kong 0.0-0.0 Jordan,Empate,Amistoso
Jordan,2017-06-13,Vietnam,Vietnam 0.0-0.0 Jordan,Empate,Oficial (torneo)
Jordan,2017-08-29,Bahrain,Bahrain 0.0-0.0 Jordan,Empate,Amistoso
Jordan,2017-09-05,Afghanistan,Jordan 4.0-1.0 Afghanistan,Victoria,Oficial (torneo)
Jordan,2017-10-10,Afghanistan,Afghanistan 3.0-3.0 Jordan,Empate,Oficial (torneo)
Jordan,2017-11-14,Cambodia,Cambodia 0.0-1.0 Jordan,Victoria,Oficial (torneo)
Jordan,2017-12-25,Libya,Jordan 1.0-1.0 Libya,Empate,Amistoso
Jordan,2018-01-11,Finland,Jordan 1.0-2.0 Finland,Derrota,Amistoso
Jordan,2018-03-21,Kuwait,Jordan 1.0-0.0 Kuwait,Victoria,Amistoso
Jordan,2018-03-27,Vietnam,Jordan 1.0-1.0 Vietnam,Empate,Oficial (torneo)
Jordan,2018-05-20,Cyprus,Jordan 3.0-0.0 Cyprus,Victoria,Amistoso
Jordan,2018-09-06,Lebanon,Jordan 0.0-1.0 Lebanon,Derrota,Amistoso
Jordan,2018-09-11,Oman,Jordan 0.0-0.0 Oman,Empate,Amistoso
Jordan,2018-10-10,Albania,Albania 0.0-0.0 Jordan,Empate,Amistoso
Jordan,2018-10-15,Croatia,Croatia 2.0-1.0 Jordan,Derrota,Amistoso
Jordan,2018-11-17,India,Jordan 2.0-1.0 India,Victoria,Amistoso
Jordan,2018-11-20,Saudi Arabia,Jordan 1.0-1.0 Saudi Arabia,Empate,Amistoso
Jordan,2018-12-20,Kyrgyzstan,Jordan 0.0-1.0 Kyrgyzstan,Derrota,Amistoso
Jordan,2018-12-23,Qatar,Qatar 2.0-0.0 Jordan,Derrota,Amistoso
Jordan,2018-12-28,China,China 1.0-1.0 Jordan,Empate,Amistoso
Jordan,2019-01-06,Australia,Australia 0.0-1.0 Jordan,Victoria,Oficial (torneo)
Jordan,2019-01-10,Syria,Jordan 2.0-0.0 Syria,Victoria,Oficial (torneo)
Jordan,2019-01-15,Palestine,Palestine 0.0-0.0 Jordan,Empate,Oficial (torneo)
Jordan,2019-01-20,Vietnam,Jordan 1.0-1.0 Vietnam,Empate,Oficial (torneo)
Jordan,2019-06-06,Slovakia,Slovakia 5.0-1.0 Jordan,Derrota,Amistoso
Jordan,2019-06-11,Indonesia,Jordan 4.0-1.0 Indonesia,Victoria,Amistoso
Jordan,2019-08-04,Bahrain,Jordan 0.0-1.0 Bahrain,Derrota,Otro / revisar
Jordan,2019-08-07,Kuwait,Kuwait 1.0-1.0 Jordan,Empate,Otro / revisar
Jordan,2019-08-10,Saudi Arabia,Jordan 3.0-0.0 Saudi Arabia,Victoria,Otro / revisar
Jordan,2019-08-30,Malaysia,Malaysia 0.0-1.0 Jordan,Victoria,Amistoso
Jordan,2019-09-05,Taiwan,Taiwan 1.0-2.0 Jordan,Victoria,Oficial (torneo)
Jordan,2019-09-10,Paraguay,Jordan 2.0-4.0 Paraguay,Derrota,Amistoso
Jordan,2019-10-05,Singapore,Jordan 0.0-0.0 Singapore,Empate,Amistoso
Jordan,2019-10-10,Kuwait,Jordan 0.0-0.0 Kuwait,Empate,Oficial (torneo)
Jordan,2019-10-15,Nepal,Jordan 3.0-0.0 Nepal,Victoria,Oficial (torneo)
Jordan,2019-11-14,Australia,Jordan 0.0-1.0 Australia,Derrota,Oficial (torneo)
Jordan,2019-11-19,Taiwan,Jordan 5.0-0.0 Taiwan,Victoria,Oficial (torneo)
Jordan,2020-11-12,Iraq,Jordan 0.0-0.0 Iraq,Empate,Amistoso
Jordan,2020-11-16,Syria,Jordan 1.0-0.0 Syria,Victoria,Amistoso
Jordan,2021-02-01,Tajikistan,Jordan 2.0-0.0 Tajikistan,Victoria,Amistoso
Jordan,2021-02-05,Tajikistan,Jordan 0.0-1.0 Tajikistan,Derrota,Amistoso
Jordan,2021-02-15,Uzbekistan,Jordan 0.0-2.0 Uzbekistan,Derrota,Amistoso
Jordan,2021-03-20,Oman,Oman 0.0-0.0 Jordan,Empate,Amistoso
Jordan,2021-03-24,Lebanon,Jordan 1.0-0.0 Lebanon,Victoria,Amistoso
Jordan,2021-03-30,Bahrain,Bahrain 1.0-2.0 Jordan,Victoria,Amistoso
Jordan,2021-05-24,United Arab Emirates,United Arab Emirates 5.0-1.0 Jordan,Derrota,Amistoso
Jordan,2021-05-31,Vietnam,Jordan 1.0-1.0 Vietnam,Empate,Amistoso
Jordan,2021-06-07,Nepal,Nepal 0.0-3.0 Jordan,Victoria,Oficial (torneo)
Jordan,2021-06-11,Kuwait,Kuwait 0.0-0.0 Jordan,Empate,Oficial (torneo)
Jordan,2021-06-15,Australia,Australia 1.0-0.0 Jordan,Derrota,Oficial (torneo)
Jordan,2021-09-04,Haiti,Haiti 2.0-0.0 Jordan,Derrota,Amistoso
Jordan,2021-09-07,Bahrain,Bahrain 1.0-2.0 Jordan,Victoria,Amistoso
Jordan,2021-10-06,Malaysia,Jordan 4.0-0.0 Malaysia,Victoria,Amistoso
Jordan,2021-10-12,Uzbekistan,Jordan 3.0-0.0 Uzbekistan,Victoria,Amistoso
Jordan,2021-11-10,Kosovo,Kosovo 0.0-2.0 Jordan,Victoria,Amistoso
Jordan,2021-11-16,Belarus,Belarus 1.0-0.0 Jordan,Derrota,Amistoso
Jordan,2021-12-01,Saudi Arabia,Saudi Arabia 0.0-1.0 Jordan,Victoria,Otro / revisar
Jordan,2021-12-04,Morocco,Jordan 0.0-4.0 Morocco,Derrota,Otro / revisar
Jordan,2021-12-07,Palestine,Jordan 5.0-1.0 Palestine,Victoria,Otro / revisar
Jordan,2021-12-11,Egypt,Egypt 3.0-1.0 Jordan,Derrota,Otro / revisar
Jordan,2022-01-28,New Zealand,Jordan 3.0-1.0 New Zealand,Victoria,Amistoso
Jordan,2022-05-28,India,India 0.0-2.0 Jordan,Victoria,Amistoso
Jordan,2022-06-01,Australia,Australia 2.0-1.0 Jordan,Derrota,Amistoso
Jordan,2022-06-08,Nepal,Jordan 2.0-0.0 Nepal,Victoria,Oficial (torneo)
Jordan,2022-06-11,Indonesia,Indonesia 0.0-1.0 Jordan,Victoria,Oficial (torneo)
Jordan,2022-06-14,Kuwait,Kuwait 0.0-3.0 Jordan,Victoria,Oficial (torneo)
Jordan,2022-09-23,Syria,Jordan 2.0-0.0 Syria,Victoria,Otro / revisar
Jordan,2022-09-26,Oman,Jordan 1.0-0.0 Oman,Victoria,Otro / revisar
Jordan,2022-11-17,Spain,Jordan 1.0-3.0 Spain,Derrota,Amistoso
Jordan,2023-03-28,Philippines,Jordan 4.0-0.0 Philippines,Victoria,Amistoso
Jordan,2023-06-16,Serbia,Serbia 3.0-2.0 Jordan,Derrota,Amistoso
Jordan,2023-06-19,Jamaica,Jamaica 1.0-2.0 Jordan,Victoria,Amistoso
Jordan,2023-09-07,Norway,Norway 6.0-0.0 Jordan,Derrota,Amistoso
Jordan,2023-09-12,Azerbaijan,Azerbaijan 2.0-1.0 Jordan,Derrota,Amistoso
Jordan,2023-11-16,Tajikistan,Tajikistan 1.0-1.0 Jordan,Empate,Oficial (torneo)
Jordan,2023-11-21,Saudi Arabia,Jordan 0.0-2.0 Saudi Arabia,Derrota,Oficial (torneo)
Jordan,2024-01-05,Qatar,Qatar 1.0-2.0 Jordan,Victoria,Amistoso
Jordan,2024-01-09,Japan,Japan 6.0-1.0 Jordan,Derrota,Amistoso
Jordan,2024-01-15,Malaysia,Malaysia 0.0-4.0 Jordan,Victoria,Oficial (torneo)
Jordan,2024-01-20,South Korea,Jordan 2.0-2.0 South Korea,Empate,Oficial (torneo)
Jordan,2024-01-25,Bahrain,Jordan 0.0-1.0 Bahrain,Derrota,Oficial (torneo)
Jordan,2024-01-29,Iraq,Iraq 2.0-3.0 Jordan,Victoria,Oficial (torneo)
Jordan,2024-02-02,Tajikistan,Tajikistan 0.0-1.0 Jordan,Victoria,Oficial (torneo)
Jordan,2024-02-06,South Korea,Jordan 2.0-0.0 South Korea,Victoria,Oficial (torneo)
Jordan,2024-02-10,Qatar,Qatar 3.0-1.0 Jordan,Derrota,Oficial (torneo)
Jordan,2024-03-21,Pakistan,Pakistan 0.0-3.0 Jordan,Victoria,Oficial (torneo)
Jordan,2024-03-26,Pakistan,Jordan 7.0-0.0 Pakistan,Victoria,Oficial (torneo)
Jordan,2024-06-06,Tajikistan,Jordan 3.0-0.0 Tajikistan,Victoria,Oficial (torneo)
Jordan,2024-06-11,Saudi Arabia,Saudi Arabia 1.0-2.0 Jordan,Victoria,Oficial (torneo)
Jordan,2024-07-27,North Korea,Jordan 0.0-0.0 North Korea,Empate,Amistoso
Jordan,2024-08-29,North Korea,Jordan 2.0-1.0 North Korea,Victoria,Amistoso
Jordan,2024-09-05,Kuwait,Jordan 1.0-1.0 Kuwait,Empate,Oficial (torneo)
Jordan,2024-09-10,Palestine,Palestine 1.0-3.0 Jordan,Victoria,Oficial (torneo)
Jordan,2024-10-10,South Korea,Jordan 0.0-2.0 South Korea,Derrota,Oficial (torneo)
Jordan,2024-10-15,Oman,Jordan 4.0-0.0 Oman,Victoria,Oficial (torneo)
Jordan,2024-11-14,Iraq,Iraq 0.0-0.0 Jordan,Empate,Oficial (torneo)
Jordan,2024-11-19,Kuwait,Kuwait 1.0-1.0 Jordan,Empate,Oficial (torneo)
Jordan,2025-01-22,Uzbekistan,Uzbekistan 0.0-0.0 Jordan,Empate,Amistoso
Jordan,2025-03-14,North Korea,Jordan 1.0-1.0 North Korea,Empate,Amistoso
Jordan,2025-03-20,Palestine,Jordan 3.0-1.0 Palestine,Victoria,Oficial (torneo)
Jordan,2025-03-25,South Korea,South Korea 1.0-1.0 Jordan,Empate,Oficial (torneo)
Jordan,2025-05-30,Saudi Arabia,Saudi Arabia 2.0-0.0 Jordan,Derrota,Amistoso
Jordan,2025-06-05,Oman,Oman 0.0-3.0 Jordan,Victoria,Oficial (torneo)
Jordan,2025-06-10,Iraq,Jordan 0.0-1.0 Iraq,Derrota,Oficial (torneo)
Jordan,2025-09-04,Russia,Russia 0.0-0.0 Jordan,Empate,Amistoso
Jordan,2025-09-09,Dominican Republic,Jordan 3.0-0.0 Dominican Republic,Victoria,Amistoso
Jordan,2025-10-10,Bolivia,Jordan 0.0-1.0 Bolivia,Derrota,Amistoso
Jordan,2025-10-14,Albania,Albania 4.0-2.0 Jordan,Derrota,Amistoso
Jordan,2025-11-14,Tunisia,Tunisia 3.0-2.0 Jordan,Derrota,Amistoso
Jordan,2025-11-18,Mali,Mali 3.0-2.0 Jordan,Derrota,Amistoso
Jordan,2025-12-03,United Arab Emirates,Jordan 2.0-1.0 United Arab Emirates,Victoria,Otro / revisar
Jordan,2025-12-06,Kuwait,Kuwait 1.0-3.0 Jordan,Victoria,Otro / revisar
Jordan,2025-12-09,Egypt,Egypt 0.0-3.0 Jordan,Victoria,Otro / revisar
Jordan,2025-12-12,Iraq,Jordan 1.0-0.0 Iraq,Victoria,Otro / revisar
Jordan,2025-12-15,Saudi Arabia,Saudi Arabia 0.0-1.0 Jordan,Victoria,Otro / revisar
Jordan,2025-12-18,Morocco,Jordan 2.0-3.0 Morocco,Derrota,Otro / revisar
Jordan,2026-03-27,Costa Rica,Costa Rica 2.0-2.0 Jordan,Empate,Amistoso
Jordan,2026-03-31,Nigeria,Jordan 2.0-2.0 Nigeria,Empate,Amistoso
Jordan,2026-05-31,Switzerland,Switzerland 4.0-1.0 Jordan,Derrota,Amistoso
Jordan,2026-06-07,Colombia,Jordan 0.0-2.0 Colombia,Derrota,Amistoso
Mexico,2016-03-25,Canada,Canada 0.0-3.0 Mexico,Victoria,Oficial (torneo)
Mexico,2016-03-29,Canada,Mexico 2.0-0.0 Canada,Victoria,Oficial (torneo)
Mexico,2016-05-28,Paraguay,Mexico 1.0-0.0 Paraguay,Victoria,Amistoso
Mexico,2016-06-05,Uruguay,Mexico 3.0-1.0 Uruguay,Victoria,Otro / revisar
Mexico,2016-06-09,Jamaica,Mexico 2.0-0.0 Jamaica,Victoria,Otro / revisar
Mexico,2016-06-13,Venezuela,Mexico 1.0-1.0 Venezuela,Empate,Otro / revisar
Mexico,2016-06-18,Chile,Mexico 0.0-7.0 Chile,Derrota,Otro / revisar
Mexico,2016-09-02,El Salvador,El Salvador 1.0-3.0 Mexico,Victoria,Oficial (torneo)
Mexico,2016-09-06,Honduras,Mexico 0.0-0.0 Honduras,Empate,Oficial (torneo)
Mexico,2016-10-08,New Zealand,Mexico 2.0-1.0 New Zealand,Victoria,Amistoso
Mexico,2016-10-11,Panama,Mexico 1.0-0.0 Panama,Victoria,Amistoso
Mexico,2016-11-11,United States,United States 1.0-2.0 Mexico,Victoria,Oficial (torneo)
Mexico,2016-11-15,Panama,Panama 0.0-0.0 Mexico,Empate,Oficial (torneo)
Mexico,2017-02-08,Iceland,Mexico 1.0-0.0 Iceland,Victoria,Amistoso
Mexico,2017-03-24,Costa Rica,Mexico 2.0-0.0 Costa Rica,Victoria,Oficial (torneo)
Mexico,2017-03-28,Trinidad and Tobago,Trinidad and Tobago 0.0-1.0 Mexico,Victoria,Oficial (torneo)
Mexico,2017-05-28,Croatia,Mexico 1.0-2.0 Croatia,Derrota,Amistoso
Mexico,2017-06-01,Republic of Ireland,Mexico 3.0-1.0 Republic of Ireland,Victoria,Amistoso
Mexico,2017-06-08,Honduras,Mexico 3.0-0.0 Honduras,Victoria,Oficial (torneo)
Mexico,2017-06-11,United States,Mexico 1.0-1.0 United States,Empate,Oficial (torneo)
Mexico,2017-06-18,Portugal,Portugal 2.0-2.0 Mexico,Empate,Otro / revisar
Mexico,2017-06-21,New Zealand,Mexico 2.0-1.0 New Zealand,Victoria,Otro / revisar
Mexico,2017-06-24,Russia,Russia 1.0-2.0 Mexico,Victoria,Otro / revisar
Mexico,2017-06-29,Germany,Germany 4.0-1.0 Mexico,Derrota,Otro / revisar
Mexico,2017-07-01,Paraguay,Mexico 2.0-1.0 Paraguay,Victoria,Amistoso
Mexico,2017-07-02,Portugal,Portugal 2.0-1.0 Mexico,Derrota,Otro / revisar
Mexico,2017-07-09,El Salvador,Mexico 3.0-1.0 El Salvador,Victoria,Oficial (torneo)
Mexico,2017-07-13,Jamaica,Mexico 0.0-0.0 Jamaica,Empate,Oficial (torneo)
Mexico,2017-07-16,Curaçao,Curaçao 0.0-2.0 Mexico,Victoria,Oficial (torneo)
Mexico,2017-07-20,Honduras,Mexico 1.0-0.0 Honduras,Victoria,Oficial (torneo)
Mexico,2017-07-23,Jamaica,Mexico 0.0-1.0 Jamaica,Derrota,Oficial (torneo)
Mexico,2017-09-01,Panama,Mexico 1.0-0.0 Panama,Victoria,Oficial (torneo)
Mexico,2017-09-05,Costa Rica,Costa Rica 1.0-1.0 Mexico,Empate,Oficial (torneo)
Mexico,2017-10-06,Trinidad and Tobago,Mexico 3.0-1.0 Trinidad and Tobago,Victoria,Oficial (torneo)
Mexico,2017-10-10,Honduras,Honduras 3.0-2.0 Mexico,Derrota,Oficial (torneo)
Mexico,2017-11-10,Belgium,Belgium 3.0-3.0 Mexico,Empate,Amistoso
Mexico,2017-11-13,Poland,Poland 0.0-1.0 Mexico,Victoria,Amistoso
Mexico,2018-01-31,Bosnia and Herzegovina,Mexico 1.0-0.0 Bosnia and Herzegovina,Victoria,Amistoso
Mexico,2018-03-23,Iceland,Mexico 3.0-0.0 Iceland,Victoria,Amistoso
Mexico,2018-03-27,Croatia,Mexico 0.0-1.0 Croatia,Derrota,Amistoso
Mexico,2018-05-28,Wales,Mexico 0.0-0.0 Wales,Empate,Amistoso
Mexico,2018-06-02,Scotland,Mexico 1.0-0.0 Scotland,Victoria,Amistoso
Mexico,2018-06-09,Denmark,Denmark 2.0-0.0 Mexico,Derrota,Amistoso
Mexico,2018-06-17,Germany,Germany 0.0-1.0 Mexico,Victoria,Oficial (torneo)
Mexico,2018-06-23,South Korea,South Korea 1.0-2.0 Mexico,Victoria,Oficial (torneo)
Mexico,2018-06-27,Sweden,Mexico 0.0-3.0 Sweden,Derrota,Oficial (torneo)
Mexico,2018-07-02,Brazil,Brazil 2.0-0.0 Mexico,Derrota,Oficial (torneo)
Mexico,2018-09-07,Uruguay,Mexico 1.0-4.0 Uruguay,Derrota,Amistoso
Mexico,2018-09-11,United States,United States 1.0-0.0 Mexico,Derrota,Amistoso
Mexico,2018-10-11,Costa Rica,Mexico 3.0-2.0 Costa Rica,Victoria,Amistoso
Mexico,2018-10-16,Chile,Mexico 0.0-1.0 Chile,Derrota,Amistoso
Mexico,2018-11-16,Argentina,Argentina 2.0-0.0 Mexico,Derrota,Amistoso
Mexico,2018-11-20,Argentina,Argentina 2.0-0.0 Mexico,Derrota,Amistoso
Mexico,2019-03-22,Chile,Mexico 3.0-1.0 Chile,Victoria,Amistoso
Mexico,2019-03-26,Paraguay,Paraguay 2.0-4.0 Mexico,Victoria,Amistoso
Mexico,2019-06-05,Venezuela,Mexico 3.0-1.0 Venezuela,Victoria,Amistoso
Mexico,2019-06-09,Ecuador,Mexico 3.0-2.0 Ecuador,Victoria,Amistoso
Mexico,2019-06-15,Cuba,Mexico 7.0-0.0 Cuba,Victoria,Oficial (torneo)
Mexico,2019-06-19,Canada,Mexico 3.0-1.0 Canada,Victoria,Oficial (torneo)
Mexico,2019-06-23,Martinique,Martinique 2.0-3.0 Mexico,Victoria,Oficial (torneo)
Mexico,2019-06-29,Costa Rica,Mexico 1.0-1.0 Costa Rica,Empate,Oficial (torneo)
Mexico,2019-07-02,Haiti,Haiti 0.0-1.0 Mexico,Victoria,Oficial (torneo)
Mexico,2019-07-07,United States,United States 0.0-1.0 Mexico,Victoria,Oficial (torneo)
Mexico,2019-09-06,United States,United States 0.0-3.0 Mexico,Victoria,Amistoso
Mexico,2019-09-10,Argentina,Argentina 4.0-0.0 Mexico,Derrota,Amistoso
Mexico,2019-10-02,Trinidad and Tobago,Mexico 2.0-0.0 Trinidad and Tobago,Victoria,Amistoso
Mexico,2019-10-11,Bermuda,Bermuda 1.0-5.0 Mexico,Victoria,Oficial (torneo)
Mexico,2019-10-15,Panama,Mexico 3.0-1.0 Panama,Victoria,Oficial (torneo)
Mexico,2019-11-15,Panama,Panama 0.0-3.0 Mexico,Victoria,Oficial (torneo)
Mexico,2019-11-19,Bermuda,Mexico 2.0-1.0 Bermuda,Victoria,Oficial (torneo)
Mexico,2020-10-07,Netherlands,Netherlands 0.0-1.0 Mexico,Victoria,Amistoso
Mexico,2020-10-13,Algeria,Mexico 2.0-2.0 Algeria,Empate,Amistoso
Mexico,2020-11-14,South Korea,Mexico 3.0-2.0 South Korea,Victoria,Amistoso
Mexico,2020-11-17,Japan,Japan 0.0-2.0 Mexico,Victoria,Amistoso
Mexico,2021-03-27,Wales,Wales 1.0-0.0 Mexico,Derrota,Amistoso
Mexico,2021-03-30,Costa Rica,Costa Rica 0.0-1.0 Mexico,Victoria,Amistoso
Mexico,2021-05-29,Iceland,Mexico 2.0-1.0 Iceland,Victoria,Amistoso
Mexico,2021-06-03,Costa Rica,Mexico 0.0-0.0 Costa Rica,Empate,Oficial (torneo)
Mexico,2021-06-06,United States,United States 3.0-2.0 Mexico,Derrota,Oficial (torneo)
Mexico,2021-06-12,Honduras,Mexico 0.0-0.0 Honduras,Empate,Amistoso
Mexico,2021-06-30,Panama,Mexico 3.0-0.0 Panama,Victoria,Amistoso
Mexico,2021-07-03,Nigeria,Mexico 4.0-0.0 Nigeria,Victoria,Amistoso
Mexico,2021-07-10,Trinidad and Tobago,Mexico 0.0-0.0 Trinidad and Tobago,Empate,Oficial (torneo)
Mexico,2021-07-14,Guatemala,Guatemala 0.0-3.0 Mexico,Victoria,Oficial (torneo)
Mexico,2021-07-18,El Salvador,Mexico 1.0-0.0 El Salvador,Victoria,Oficial (torneo)
Mexico,2021-07-24,Honduras,Mexico 3.0-0.0 Honduras,Victoria,Oficial (torneo)
Mexico,2021-07-29,Canada,Mexico 2.0-1.0 Canada,Victoria,Oficial (torneo)
Mexico,2021-08-01,United States,United States 1.0-0.0 Mexico,Derrota,Oficial (torneo)
Mexico,2021-09-02,Jamaica,Mexico 2.0-1.0 Jamaica,Victoria,Oficial (torneo)
Mexico,2021-09-05,Costa Rica,Costa Rica 0.0-1.0 Mexico,Victoria,Oficial (torneo)
Mexico,2021-09-08,Panama,Panama 1.0-1.0 Mexico,Empate,Oficial (torneo)
Mexico,2021-10-07,Canada,Mexico 1.0-1.0 Canada,Empate,Oficial (torneo)
Mexico,2021-10-10,Honduras,Mexico 3.0-0.0 Honduras,Victoria,Oficial (torneo)
Mexico,2021-10-13,El Salvador,El Salvador 0.0-2.0 Mexico,Victoria,Oficial (torneo)
Mexico,2021-10-27,Ecuador,Mexico 2.0-3.0 Ecuador,Derrota,Amistoso
Mexico,2021-11-12,United States,United States 2.0-0.0 Mexico,Derrota,Oficial (torneo)
Mexico,2021-11-16,Canada,Canada 2.0-1.0 Mexico,Derrota,Oficial (torneo)
Mexico,2021-12-08,Chile,Mexico 2.0-2.0 Chile,Empate,Amistoso
Mexico,2022-01-27,Jamaica,Jamaica 1.0-2.0 Mexico,Victoria,Oficial (torneo)
Mexico,2022-01-30,Costa Rica,Mexico 0.0-0.0 Costa Rica,Empate,Oficial (torneo)
Mexico,2022-02-02,Panama,Mexico 1.0-0.0 Panama,Victoria,Oficial (torneo)
Mexico,2022-03-24,United States,Mexico 0.0-0.0 United States,Empate,Oficial (torneo)
Mexico,2022-03-27,Honduras,Honduras 0.0-1.0 Mexico,Victoria,Oficial (torneo)
Mexico,2022-03-30,El Salvador,Mexico 2.0-0.0 El Salvador,Victoria,Oficial (torneo)
Mexico,2022-04-27,Guatemala,Mexico 0.0-0.0 Guatemala,Empate,Amistoso
Mexico,2022-05-28,Nigeria,Mexico 2.0-1.0 Nigeria,Victoria,Amistoso
Mexico,2022-06-02,Uruguay,Mexico 0.0-3.0 Uruguay,Derrota,Amistoso
Mexico,2022-06-05,Ecuador,Mexico 0.0-0.0 Ecuador,Empate,Amistoso
Mexico,2022-06-11,Suriname,Mexico 3.0-0.0 Suriname,Victoria,Oficial (torneo)
Mexico,2022-06-14,Jamaica,Jamaica 1.0-1.0 Mexico,Empate,Oficial (torneo)
Mexico,2022-08-31,Paraguay,Mexico 0.0-1.0 Paraguay,Derrota,Amistoso
Mexico,2022-09-24,Peru,Mexico 1.0-0.0 Peru,Victoria,Amistoso
Mexico,2022-09-27,Colombia,Mexico 2.0-3.0 Colombia,Derrota,Amistoso
Mexico,2022-11-09,Iraq,Mexico 4.0-0.0 Iraq,Victoria,Amistoso
Mexico,2022-11-16,Sweden,Mexico 1.0-2.0 Sweden,Derrota,Amistoso
Mexico,2022-11-22,Poland,Mexico 0.0-0.0 Poland,Empate,Oficial (torneo)
Mexico,2022-11-26,Argentina,Argentina 2.0-0.0 Mexico,Derrota,Oficial (torneo)
Mexico,2022-11-30,Saudi Arabia,Saudi Arabia 1.0-2.0 Mexico,Victoria,Oficial (torneo)
Mexico,2023-03-23,Suriname,Suriname 0.0-2.0 Mexico,Victoria,Oficial (torneo)
Mexico,2023-03-26,Jamaica,Mexico 2.0-2.0 Jamaica,Empate,Oficial (torneo)
Mexico,2023-04-19,United States,United States 1.0-1.0 Mexico,Empate,Amistoso
Mexico,2023-06-07,Guatemala,Mexico 2.0-0.0 Guatemala,Victoria,Amistoso
Mexico,2023-06-10,Cameroon,Mexico 2.0-2.0 Cameroon,Empate,Amistoso
Mexico,2023-06-15,United States,United States 3.0-0.0 Mexico,Derrota,Oficial (torneo)
Mexico,2023-06-18,Panama,Panama 0.0-1.0 Mexico,Victoria,Oficial (torneo)
Mexico,2023-06-25,Honduras,Mexico 4.0-0.0 Honduras,Victoria,Oficial (torneo)
Mexico,2023-06-29,Haiti,Haiti 1.0-3.0 Mexico,Victoria,Oficial (torneo)
Mexico,2023-07-02,Qatar,Mexico 0.0-1.0 Qatar,Derrota,Oficial (torneo)
Mexico,2023-07-08,Costa Rica,Mexico 2.0-0.0 Costa Rica,Victoria,Oficial (torneo)
Mexico,2023-07-12,Jamaica,Jamaica 0.0-3.0 Mexico,Victoria,Oficial (torneo)
Mexico,2023-07-16,Panama,Mexico 1.0-0.0 Panama,Victoria,Oficial (torneo)
Mexico,2023-09-09,Australia,Mexico 2.0-2.0 Australia,Empate,Amistoso
Mexico,2023-09-12,Uzbekistan,Mexico 3.0-3.0 Uzbekistan,Empate,Amistoso
Mexico,2023-10-14,Ghana,Mexico 2.0-0.0 Ghana,Victoria,Amistoso
Mexico,2023-10-17,Germany,Mexico 2.0-2.0 Germany,Empate,Amistoso
Mexico,2023-11-17,Honduras,Honduras 2.0-0.0 Mexico,Derrota,Oficial (torneo)
Mexico,2023-11-21,Honduras,Mexico 2.0-0.0 Honduras,Victoria,Oficial (torneo)
Mexico,2023-12-16,Colombia,Mexico 2.0-3.0 Colombia,Derrota,Amistoso
Mexico,2024-03-21,Panama,Panama 0.0-3.0 Mexico,Victoria,Oficial (torneo)
Mexico,2024-03-24,United States,United States 2.0-0.0 Mexico,Derrota,Oficial (torneo)
Mexico,2024-05-31,Bolivia,Bolivia 0.0-1.0 Mexico,Victoria,Amistoso
Mexico,2024-06-05,Uruguay,Mexico 0.0-4.0 Uruguay,Derrota,Amistoso
Mexico,2024-06-08,Brazil,Mexico 2.0-3.0 Brazil,Derrota,Amistoso
Mexico,2024-06-22,Jamaica,Mexico 1.0-0.0 Jamaica,Victoria,Otro / revisar
Mexico,2024-06-26,Venezuela,Venezuela 1.0-0.0 Mexico,Derrota,Otro / revisar
Mexico,2024-06-30,Ecuador,Mexico 0.0-0.0 Ecuador,Empate,Otro / revisar
Mexico,2024-09-07,New Zealand,Mexico 3.0-0.0 New Zealand,Victoria,Amistoso
Mexico,2024-09-10,Canada,Mexico 0.0-0.0 Canada,Empate,Amistoso
Mexico,2024-10-15,United States,Mexico 2.0-0.0 United States,Victoria,Amistoso
Mexico,2024-11-15,Honduras,Honduras 2.0-0.0 Mexico,Derrota,Oficial (torneo)
Mexico,2024-11-19,Honduras,Mexico 4.0-0.0 Honduras,Victoria,Oficial (torneo)
Mexico,2025-03-20,Canada,Canada 0.0-2.0 Mexico,Victoria,Oficial (torneo)
Mexico,2025-03-23,Panama,Panama 1.0-2.0 Mexico,Victoria,Oficial (torneo)
Mexico,2025-06-07,Switzerland,Mexico 2.0-4.0 Switzerland,Derrota,Amistoso
Mexico,2025-06-10,Turkey,Mexico 1.0-0.0 Turkey,Victoria,Amistoso
Mexico,2025-06-14,Dominican Republic,Mexico 3.0-2.0 Dominican Republic,Victoria,Oficial (torneo)
Mexico,2025-06-18,Suriname,Suriname 0.0-2.0 Mexico,Victoria,Oficial (torneo)
Mexico,2025-06-22,Costa Rica,Mexico 0.0-0.0 Costa Rica,Empate,Oficial (torneo)
Mexico,2025-06-28,Saudi Arabia,Mexico 2.0-0.0 Saudi Arabia,Victoria,Oficial (torneo)
Mexico,2025-07-02,Honduras,Mexico 1.0-0.0 Honduras,Victoria,Oficial (torneo)
Mexico,2025-07-06,United States,United States 1.0-2.0 Mexico,Victoria,Oficial (torneo)
Mexico,2025-09-06,Japan,Mexico 0.0-0.0 Japan,Empate,Amistoso
Mexico,2025-09-09,South Korea,Mexico 2.0-2.0 South Korea,Empate,Amistoso
Mexico,2025-10-11,Colombia,Mexico 0.0-4.0 Colombia,Derrota,Amistoso
Mexico,2025-10-14,Ecuador,Mexico 1.0-1.0 Ecuador,Empate,Amistoso
Mexico,2025-11-15,Uruguay,Mexico 0.0-0.0 Uruguay,Empate,Amistoso
Mexico,2025-11-18,Paraguay,Mexico 1.0-2.0 Paraguay,Derrota,Amistoso
Mexico,2026-01-22,Panama,Panama 0.0-1.0 Mexico,Victoria,Amistoso
Mexico,2026-01-25,Bolivia,Bolivia 0.0-1.0 Mexico,Victoria,Amistoso
Mexico,2026-02-25,Iceland,Mexico 4.0-0.0 Iceland,Victoria,Amistoso
Mexico,2026-03-28,Portugal,Mexico 0.0-0.0 Portugal,Empate,Amistoso
Mexico,2026-03-31,Belgium,Mexico 1.0-1.0 Belgium,Empate,Amistoso
Mexico,2026-05-22,Ghana,Mexico 2.0-0.0 Ghana,Victoria,Amistoso
Mexico,2026-05-30,Australia,Mexico 1.0-0.0 Australia,Victoria,Amistoso
Mexico,2026-06-04,Serbia,Mexico 5.0-1.0 Serbia,Victoria,Amistoso
Morocco,2016-03-26,Cape Verde,Cape Verde 0.0-1.0 Morocco,Victoria,Eliminatoria
Morocco,2016-03-29,Cape Verde,Morocco 2.0-0.0 Cape Verde,Victoria,Eliminatoria
Morocco,2016-05-27,Congo,Morocco 2.0-0.0 Congo,Victoria,Amistoso
Morocco,2016-06-03,Libya,Libya 1.0-1.0 Morocco,Empate,Eliminatoria
Morocco,2016-08-31,Albania,Albania 0.0-0.0 Morocco,Empate,Amistoso
Morocco,2016-09-04,São Tomé and Príncipe,Morocco 2.0-0.0 São Tomé and Príncipe,Victoria,Eliminatoria
Morocco,2016-10-08,Gabon,Gabon 0.0-0.0 Morocco,Empate,Oficial (torneo)
Morocco,2016-10-11,Canada,Morocco 4.0-0.0 Canada,Victoria,Amistoso
Morocco,2016-11-12,Ivory Coast,Morocco 0.0-0.0 Ivory Coast,Empate,Oficial (torneo)
Morocco,2016-11-15,Togo,Morocco 2.0-1.0 Togo,Victoria,Amistoso
Morocco,2017-01-09,Finland,Morocco 0.0-1.0 Finland,Derrota,Amistoso
Morocco,2017-01-16,DR Congo,DR Congo 1.0-0.0 Morocco,Derrota,Otro / revisar
Morocco,2017-01-20,Togo,Morocco 3.0-1.0 Togo,Victoria,Otro / revisar
Morocco,2017-01-24,Ivory Coast,Morocco 1.0-0.0 Ivory Coast,Victoria,Otro / revisar
Morocco,2017-01-29,Egypt,Egypt 1.0-0.0 Morocco,Derrota,Otro / revisar
Morocco,2017-03-24,Burkina Faso,Morocco 2.0-0.0 Burkina Faso,Victoria,Amistoso
Morocco,2017-03-28,Tunisia,Morocco 1.0-0.0 Tunisia,Victoria,Amistoso
Morocco,2017-05-31,Netherlands,Morocco 1.0-2.0 Netherlands,Derrota,Amistoso
Morocco,2017-06-10,Cameroon,Cameroon 1.0-0.0 Morocco,Derrota,Eliminatoria
Morocco,2017-09-01,Mali,Morocco 6.0-0.0 Mali,Victoria,Oficial (torneo)
Morocco,2017-09-05,Mali,Mali 0.0-0.0 Morocco,Empate,Oficial (torneo)
Morocco,2017-10-07,Gabon,Morocco 3.0-0.0 Gabon,Victoria,Oficial (torneo)
Morocco,2017-10-10,South Korea,South Korea 1.0-3.0 Morocco,Victoria,Amistoso
Morocco,2017-11-11,Ivory Coast,Ivory Coast 0.0-2.0 Morocco,Victoria,Oficial (torneo)
Morocco,2018-03-23,Serbia,Serbia 1.0-2.0 Morocco,Victoria,Amistoso
Morocco,2018-03-27,Uzbekistan,Morocco 2.0-0.0 Uzbekistan,Victoria,Amistoso
Morocco,2018-05-31,Ukraine,Ukraine 0.0-0.0 Morocco,Empate,Amistoso
Morocco,2018-06-04,Slovakia,Slovakia 1.0-2.0 Morocco,Victoria,Amistoso
Morocco,2018-06-09,Estonia,Estonia 1.0-3.0 Morocco,Victoria,Amistoso
Morocco,2018-06-15,Iran,Morocco 0.0-1.0 Iran,Derrota,Oficial (torneo)
Morocco,2018-06-20,Portugal,Portugal 1.0-0.0 Morocco,Derrota,Oficial (torneo)
Morocco,2018-06-25,Spain,Spain 2.0-2.0 Morocco,Empate,Oficial (torneo)
Morocco,2018-09-08,Malawi,Morocco 3.0-0.0 Malawi,Victoria,Eliminatoria
Morocco,2018-10-13,Comoros,Morocco 1.0-0.0 Comoros,Victoria,Eliminatoria
Morocco,2018-10-16,Comoros,Comoros 2.0-2.0 Morocco,Empate,Eliminatoria
Morocco,2018-11-16,Cameroon,Morocco 2.0-0.0 Cameroon,Victoria,Eliminatoria
Morocco,2018-11-20,Tunisia,Tunisia 0.0-1.0 Morocco,Victoria,Amistoso
Morocco,2019-03-22,Malawi,Malawi 0.0-0.0 Morocco,Empate,Eliminatoria
Morocco,2019-03-26,Argentina,Morocco 0.0-1.0 Argentina,Derrota,Amistoso
Morocco,2019-06-12,Gambia,Morocco 0.0-1.0 Gambia,Derrota,Amistoso
Morocco,2019-06-16,Zambia,Morocco 2.0-3.0 Zambia,Derrota,Amistoso
Morocco,2019-06-23,Namibia,Morocco 1.0-0.0 Namibia,Victoria,Otro / revisar
Morocco,2019-06-28,Ivory Coast,Morocco 1.0-0.0 Ivory Coast,Victoria,Otro / revisar
Morocco,2019-07-01,South Africa,South Africa 0.0-1.0 Morocco,Victoria,Otro / revisar
Morocco,2019-07-05,Benin,Morocco 1.0-1.0 Benin,Empate,Otro / revisar
Morocco,2019-09-06,Burkina Faso,Morocco 1.0-1.0 Burkina Faso,Empate,Amistoso
Morocco,2019-09-10,Niger,Morocco 1.0-0.0 Niger,Victoria,Amistoso
Morocco,2019-10-11,Libya,Morocco 1.0-1.0 Libya,Empate,Amistoso
Morocco,2019-10-15,Gabon,Morocco 2.0-3.0 Gabon,Derrota,Amistoso
Morocco,2019-11-15,Mauritania,Morocco 0.0-0.0 Mauritania,Empate,Eliminatoria
Morocco,2019-11-19,Burundi,Burundi 0.0-3.0 Morocco,Victoria,Eliminatoria
Morocco,2020-10-09,Senegal,Morocco 3.0-1.0 Senegal,Victoria,Amistoso
Morocco,2020-10-13,DR Congo,Morocco 1.0-1.0 DR Congo,Empate,Amistoso
Morocco,2020-11-13,Central African Republic,Morocco 4.0-1.0 Central African Republic,Victoria,Eliminatoria
Morocco,2020-11-17,Central African Republic,Central African Republic 0.0-2.0 Morocco,Victoria,Eliminatoria
Morocco,2021-03-26,Mauritania,Mauritania 0.0-0.0 Morocco,Empate,Eliminatoria
Morocco,2021-03-30,Burundi,Morocco 1.0-0.0 Burundi,Victoria,Eliminatoria
Morocco,2021-06-08,Ghana,Morocco 1.0-0.0 Ghana,Victoria,Amistoso
Morocco,2021-06-12,Burkina Faso,Morocco 1.0-0.0 Burkina Faso,Victoria,Amistoso
Morocco,2021-09-02,Sudan,Morocco 2.0-0.0 Sudan,Victoria,Oficial (torneo)
Morocco,2021-10-06,Guinea-Bissau,Morocco 5.0-0.0 Guinea-Bissau,Victoria,Oficial (torneo)
Morocco,2021-10-09,Guinea-Bissau,Morocco 3.0-0.0 Guinea-Bissau,Victoria,Oficial (torneo)
Morocco,2021-10-12,Guinea,Morocco 4.0-1.0 Guinea,Victoria,Oficial (torneo)
Morocco,2021-11-12,Sudan,Morocco 3.0-0.0 Sudan,Victoria,Oficial (torneo)
Morocco,2021-11-16,Guinea,Morocco 3.0-0.0 Guinea,Victoria,Oficial (torneo)
Morocco,2021-12-01,Palestine,Morocco 4.0-0.0 Palestine,Victoria,Otro / revisar
Morocco,2021-12-04,Jordan,Jordan 0.0-4.0 Morocco,Victoria,Otro / revisar
Morocco,2021-12-07,Saudi Arabia,Morocco 1.0-0.0 Saudi Arabia,Victoria,Otro / revisar
Morocco,2021-12-11,Algeria,Morocco 2.0-2.0 Algeria,Empate,Otro / revisar
Morocco,2022-01-10,Ghana,Morocco 1.0-0.0 Ghana,Victoria,Otro / revisar
Morocco,2022-01-14,Comoros,Morocco 2.0-0.0 Comoros,Victoria,Otro / revisar
Morocco,2022-01-18,Gabon,Gabon 2.0-2.0 Morocco,Empate,Otro / revisar
Morocco,2022-01-25,Malawi,Morocco 2.0-1.0 Malawi,Victoria,Otro / revisar
Morocco,2022-01-30,Egypt,Egypt 2.0-1.0 Morocco,Derrota,Otro / revisar
Morocco,2022-03-25,DR Congo,DR Congo 1.0-1.0 Morocco,Empate,Oficial (torneo)
Morocco,2022-03-29,DR Congo,Morocco 4.0-1.0 DR Congo,Victoria,Oficial (torneo)
Morocco,2022-06-01,United States,United States 3.0-0.0 Morocco,Derrota,Amistoso
Morocco,2022-06-09,South Africa,Morocco 2.0-1.0 South Africa,Victoria,Eliminatoria
Morocco,2022-06-13,Liberia,Morocco 2.0-0.0 Liberia,Victoria,Eliminatoria
Morocco,2022-09-23,Chile,Morocco 2.0-0.0 Chile,Victoria,Amistoso
Morocco,2022-09-27,Paraguay,Paraguay 0.0-0.0 Morocco,Empate,Amistoso
Morocco,2022-11-17,Georgia,Morocco 3.0-0.0 Georgia,Victoria,Amistoso
Morocco,2022-11-23,Croatia,Morocco 0.0-0.0 Croatia,Empate,Oficial (torneo)
Morocco,2022-11-27,Belgium,Belgium 0.0-2.0 Morocco,Victoria,Oficial (torneo)
Morocco,2022-12-01,Canada,Canada 1.0-2.0 Morocco,Victoria,Oficial (torneo)
Morocco,2022-12-06,Spain,Morocco 0.0-0.0 Spain,Empate,Oficial (torneo)
Morocco,2022-12-10,Portugal,Morocco 1.0-0.0 Portugal,Victoria,Oficial (torneo)
Morocco,2022-12-14,France,France 2.0-0.0 Morocco,Derrota,Oficial (torneo)
Morocco,2022-12-17,Croatia,Croatia 2.0-1.0 Morocco,Derrota,Oficial (torneo)
Morocco,2023-03-25,Brazil,Morocco 2.0-1.0 Brazil,Victoria,Amistoso
Morocco,2023-03-28,Peru,Morocco 0.0-0.0 Peru,Empate,Amistoso
Morocco,2023-06-12,Cape Verde,Morocco 0.0-0.0 Cape Verde,Empate,Amistoso
Morocco,2023-06-17,South Africa,South Africa 2.0-1.0 Morocco,Derrota,Eliminatoria
Morocco,2023-09-12,Burkina Faso,Morocco 1.0-0.0 Burkina Faso,Victoria,Amistoso
Morocco,2023-10-14,Ivory Coast,Ivory Coast 1.0-1.0 Morocco,Empate,Amistoso
Morocco,2023-10-17,Liberia,Morocco 3.0-0.0 Liberia,Victoria,Eliminatoria
Morocco,2023-11-21,Tanzania,Tanzania 0.0-2.0 Morocco,Victoria,Oficial (torneo)
Morocco,2024-01-11,Sierra Leone,Morocco 3.0-1.0 Sierra Leone,Victoria,Amistoso
Morocco,2024-01-17,Tanzania,Morocco 3.0-0.0 Tanzania,Victoria,Otro / revisar
Morocco,2024-01-21,DR Congo,Morocco 1.0-1.0 DR Congo,Empate,Otro / revisar
Morocco,2024-01-24,Zambia,Zambia 0.0-1.0 Morocco,Victoria,Otro / revisar
Morocco,2024-01-30,South Africa,Morocco 0.0-2.0 South Africa,Derrota,Otro / revisar
Morocco,2024-03-22,Angola,Morocco 1.0-0.0 Angola,Victoria,Amistoso
Morocco,2024-03-26,Mauritania,Morocco 0.0-0.0 Mauritania,Empate,Amistoso
Morocco,2024-06-07,Zambia,Morocco 2.0-1.0 Zambia,Victoria,Oficial (torneo)
Morocco,2024-06-11,Congo,Morocco 6.0-0.0 Congo,Victoria,Oficial (torneo)
Morocco,2024-09-06,Gabon,Morocco 4.0-1.0 Gabon,Victoria,Eliminatoria
Morocco,2024-09-09,Lesotho,Morocco 1.0-0.0 Lesotho,Victoria,Eliminatoria
Morocco,2024-10-12,Central African Republic,Morocco 5.0-0.0 Central African Republic,Victoria,Eliminatoria
Morocco,2024-10-15,Central African Republic,Morocco 4.0-0.0 Central African Republic,Victoria,Eliminatoria
Morocco,2024-11-15,Gabon,Gabon 1.0-5.0 Morocco,Victoria,Eliminatoria
Morocco,2024-11-18,Lesotho,Morocco 7.0-0.0 Lesotho,Victoria,Eliminatoria
Morocco,2025-03-21,Niger,Morocco 2.0-1.0 Niger,Victoria,Oficial (torneo)
Morocco,2025-03-25,Tanzania,Morocco 2.0-0.0 Tanzania,Victoria,Oficial (torneo)
Morocco,2025-06-06,Tunisia,Morocco 2.0-0.0 Tunisia,Victoria,Amistoso
Morocco,2025-06-09,Benin,Morocco 1.0-0.0 Benin,Victoria,Amistoso
Morocco,2025-09-05,Niger,Morocco 5.0-0.0 Niger,Victoria,Oficial (torneo)
Morocco,2025-09-08,Zambia,Zambia 0.0-2.0 Morocco,Victoria,Oficial (torneo)
Morocco,2025-10-09,Bahrain,Morocco 1.0-0.0 Bahrain,Victoria,Amistoso
Morocco,2025-10-14,Congo,Morocco 1.0-0.0 Congo,Victoria,Oficial (torneo)
Morocco,2025-11-14,Mozambique,Morocco 1.0-0.0 Mozambique,Victoria,Amistoso
Morocco,2025-11-18,Uganda,Morocco 4.0-0.0 Uganda,Victoria,Amistoso
Morocco,2025-12-02,Comoros,Morocco 3.0-1.0 Comoros,Victoria,Otro / revisar
Morocco,2025-12-05,Oman,Oman 0.0-0.0 Morocco,Empate,Otro / revisar
Morocco,2025-12-08,Saudi Arabia,Morocco 1.0-0.0 Saudi Arabia,Victoria,Otro / revisar
Morocco,2025-12-11,Syria,Morocco 1.0-0.0 Syria,Victoria,Otro / revisar
Morocco,2025-12-15,United Arab Emirates,Morocco 3.0-0.0 United Arab Emirates,Victoria,Otro / revisar
Morocco,2025-12-18,Jordan,Jordan 2.0-3.0 Morocco,Victoria,Otro / revisar
Morocco,2025-12-21,Comoros,Morocco 2.0-0.0 Comoros,Victoria,Otro / revisar
Morocco,2025-12-26,Mali,Morocco 1.0-1.0 Mali,Empate,Otro / revisar
Morocco,2025-12-29,Zambia,Morocco 3.0-0.0 Zambia,Victoria,Otro / revisar
Morocco,2026-01-04,Tanzania,Morocco 1.0-0.0 Tanzania,Victoria,Otro / revisar
Morocco,2026-01-09,Cameroon,Morocco 2.0-0.0 Cameroon,Victoria,Otro / revisar
Morocco,2026-01-14,Nigeria,Morocco 0.0-0.0 Nigeria,Empate,Otro / revisar
Morocco,2026-01-18,Senegal,Morocco 3.0-0.0 Senegal,Victoria,Otro / revisar
Morocco,2026-03-27,Ecuador,Morocco 1.0-1.0 Ecuador,Empate,Amistoso
Morocco,2026-03-31,Paraguay,Morocco 2.0-1.0 Paraguay,Victoria,Amistoso
Morocco,2026-05-26,Burundi,Morocco 5.0-0.0 Burundi,Victoria,Amistoso
Morocco,2026-06-02,Madagascar,Morocco 4.0-0.0 Madagascar,Victoria,Amistoso
Morocco,2026-06-07,Norway,Morocco 1.0-1.0 Norway,Empate,Amistoso
Netherlands,2016-03-25,France,Netherlands 2.0-3.0 France,Derrota,Amistoso
Netherlands,2016-03-29,England,England 1.0-2.0 Netherlands,Victoria,Amistoso
Netherlands,2016-05-27,Republic of Ireland,Republic of Ireland 1.0-1.0 Netherlands,Empate,Amistoso
Netherlands,2016-06-01,Poland,Poland 1.0-2.0 Netherlands,Victoria,Amistoso
Netherlands,2016-06-04,Austria,Austria 0.0-2.0 Netherlands,Victoria,Amistoso
Netherlands,2016-09-01,Greece,Netherlands 1.0-2.0 Greece,Derrota,Amistoso
Netherlands,2016-09-06,Sweden,Sweden 1.0-1.0 Netherlands,Empate,Oficial (torneo)
Netherlands,2016-10-07,Belarus,Netherlands 4.0-1.0 Belarus,Victoria,Oficial (torneo)
Netherlands,2016-10-10,France,Netherlands 0.0-1.0 France,Derrota,Oficial (torneo)
Netherlands,2016-11-09,Belgium,Netherlands 1.0-1.0 Belgium,Empate,Amistoso
Netherlands,2016-11-13,Luxembourg,Luxembourg 1.0-3.0 Netherlands,Victoria,Oficial (torneo)
Netherlands,2017-03-25,Bulgaria,Bulgaria 2.0-0.0 Netherlands,Derrota,Oficial (torneo)
Netherlands,2017-03-28,Italy,Netherlands 1.0-2.0 Italy,Derrota,Amistoso
Netherlands,2017-05-31,Morocco,Morocco 1.0-2.0 Netherlands,Victoria,Amistoso
Netherlands,2017-06-04,Ivory Coast,Netherlands 5.0-0.0 Ivory Coast,Victoria,Amistoso
Netherlands,2017-06-09,Luxembourg,Netherlands 5.0-0.0 Luxembourg,Victoria,Oficial (torneo)
Netherlands,2017-08-31,France,France 4.0-0.0 Netherlands,Derrota,Oficial (torneo)
Netherlands,2017-09-03,Bulgaria,Netherlands 3.0-1.0 Bulgaria,Victoria,Oficial (torneo)
Netherlands,2017-10-07,Belarus,Belarus 1.0-3.0 Netherlands,Victoria,Oficial (torneo)
Netherlands,2017-10-10,Sweden,Netherlands 2.0-0.0 Sweden,Victoria,Oficial (torneo)
Netherlands,2017-11-09,Scotland,Scotland 0.0-1.0 Netherlands,Victoria,Amistoso
Netherlands,2017-11-14,Romania,Romania 0.0-3.0 Netherlands,Victoria,Amistoso
Netherlands,2018-03-23,England,Netherlands 0.0-1.0 England,Derrota,Amistoso
Netherlands,2018-03-26,Portugal,Portugal 0.0-3.0 Netherlands,Victoria,Amistoso
Netherlands,2018-05-31,Slovakia,Slovakia 1.0-1.0 Netherlands,Empate,Amistoso
Netherlands,2018-06-04,Italy,Italy 1.0-1.0 Netherlands,Empate,Amistoso
Netherlands,2018-09-06,Peru,Netherlands 2.0-1.0 Peru,Victoria,Amistoso
Netherlands,2018-09-09,France,France 2.0-1.0 Netherlands,Derrota,Oficial (torneo)
Netherlands,2018-10-13,Germany,Netherlands 3.0-0.0 Germany,Victoria,Oficial (torneo)
Netherlands,2018-10-16,Belgium,Belgium 1.0-1.0 Netherlands,Empate,Amistoso
Netherlands,2018-11-16,France,Netherlands 2.0-0.0 France,Victoria,Oficial (torneo)
Netherlands,2018-11-19,Germany,Germany 2.0-2.0 Netherlands,Empate,Oficial (torneo)
Netherlands,2019-03-21,Belarus,Netherlands 4.0-0.0 Belarus,Victoria,Oficial (torneo)
Netherlands,2019-03-24,Germany,Netherlands 2.0-3.0 Germany,Derrota,Oficial (torneo)
Netherlands,2019-06-06,England,England 1.0-3.0 Netherlands,Victoria,Oficial (torneo)
Netherlands,2019-06-09,Portugal,Portugal 1.0-0.0 Netherlands,Derrota,Oficial (torneo)
Netherlands,2019-09-06,Germany,Germany 2.0-4.0 Netherlands,Victoria,Oficial (torneo)
Netherlands,2019-09-09,Estonia,Estonia 0.0-4.0 Netherlands,Victoria,Oficial (torneo)
Netherlands,2019-10-10,Northern Ireland,Netherlands 3.0-1.0 Northern Ireland,Victoria,Oficial (torneo)
Netherlands,2019-10-13,Belarus,Belarus 1.0-2.0 Netherlands,Victoria,Oficial (torneo)
Netherlands,2019-11-16,Northern Ireland,Northern Ireland 0.0-0.0 Netherlands,Empate,Oficial (torneo)
Netherlands,2019-11-19,Estonia,Netherlands 5.0-0.0 Estonia,Victoria,Oficial (torneo)
Netherlands,2020-09-04,Poland,Netherlands 1.0-0.0 Poland,Victoria,Oficial (torneo)
Netherlands,2020-09-07,Italy,Netherlands 0.0-1.0 Italy,Derrota,Oficial (torneo)
Netherlands,2020-10-07,Mexico,Netherlands 0.0-1.0 Mexico,Derrota,Amistoso
Netherlands,2020-10-11,Bosnia and Herzegovina,Bosnia and Herzegovina 0.0-0.0 Netherlands,Empate,Oficial (torneo)
Netherlands,2020-10-14,Italy,Italy 1.0-1.0 Netherlands,Empate,Oficial (torneo)
Netherlands,2020-11-11,Spain,Netherlands 1.0-1.0 Spain,Empate,Amistoso
Netherlands,2020-11-15,Bosnia and Herzegovina,Netherlands 3.0-1.0 Bosnia and Herzegovina,Victoria,Oficial (torneo)
Netherlands,2020-11-18,Poland,Poland 1.0-2.0 Netherlands,Victoria,Oficial (torneo)
Netherlands,2021-03-24,Turkey,Turkey 4.0-2.0 Netherlands,Derrota,Oficial (torneo)
Netherlands,2021-03-27,Latvia,Netherlands 2.0-0.0 Latvia,Victoria,Oficial (torneo)
Netherlands,2021-03-30,Gibraltar,Gibraltar 0.0-7.0 Netherlands,Victoria,Oficial (torneo)
Netherlands,2021-06-02,Scotland,Netherlands 2.0-2.0 Scotland,Empate,Amistoso
Netherlands,2021-06-06,Georgia,Netherlands 3.0-0.0 Georgia,Victoria,Amistoso
Netherlands,2021-06-13,Ukraine,Netherlands 3.0-2.0 Ukraine,Victoria,Oficial (torneo)
Netherlands,2021-06-17,Austria,Netherlands 2.0-0.0 Austria,Victoria,Oficial (torneo)
Netherlands,2021-06-21,North Macedonia,Netherlands 3.0-0.0 North Macedonia,Victoria,Oficial (torneo)
Netherlands,2021-06-27,Czech Republic,Netherlands 0.0-2.0 Czech Republic,Derrota,Oficial (torneo)
Netherlands,2021-09-01,Norway,Norway 1.0-1.0 Netherlands,Empate,Oficial (torneo)
Netherlands,2021-09-04,Montenegro,Netherlands 4.0-0.0 Montenegro,Victoria,Oficial (torneo)
Netherlands,2021-09-07,Turkey,Netherlands 6.0-1.0 Turkey,Victoria,Oficial (torneo)
Netherlands,2021-10-08,Latvia,Latvia 0.0-1.0 Netherlands,Victoria,Oficial (torneo)
Netherlands,2021-10-11,Gibraltar,Netherlands 6.0-0.0 Gibraltar,Victoria,Oficial (torneo)
Netherlands,2021-11-13,Montenegro,Montenegro 2.0-2.0 Netherlands,Empate,Oficial (torneo)
Netherlands,2021-11-16,Norway,Netherlands 2.0-0.0 Norway,Victoria,Oficial (torneo)
Netherlands,2022-03-26,Denmark,Netherlands 4.0-2.0 Denmark,Victoria,Amistoso
Netherlands,2022-03-29,Germany,Netherlands 1.0-1.0 Germany,Empate,Amistoso
Netherlands,2022-06-03,Belgium,Belgium 1.0-4.0 Netherlands,Victoria,Oficial (torneo)
Netherlands,2022-06-08,Wales,Wales 1.0-2.0 Netherlands,Victoria,Oficial (torneo)
Netherlands,2022-06-11,Poland,Netherlands 2.0-2.0 Poland,Empate,Oficial (torneo)
Netherlands,2022-06-14,Wales,Netherlands 3.0-2.0 Wales,Victoria,Oficial (torneo)
Netherlands,2022-09-22,Poland,Poland 0.0-2.0 Netherlands,Victoria,Oficial (torneo)
Netherlands,2022-09-25,Belgium,Netherlands 1.0-0.0 Belgium,Victoria,Oficial (torneo)
Netherlands,2022-11-21,Senegal,Senegal 0.0-2.0 Netherlands,Victoria,Oficial (torneo)
Netherlands,2022-11-25,Ecuador,Netherlands 1.0-1.0 Ecuador,Empate,Oficial (torneo)
Netherlands,2022-11-29,Qatar,Qatar 0.0-2.0 Netherlands,Victoria,Oficial (torneo)
Netherlands,2022-12-03,United States,Netherlands 3.0-1.0 United States,Victoria,Oficial (torneo)
Netherlands,2022-12-09,Argentina,Netherlands 2.0-2.0 Argentina,Empate,Oficial (torneo)
Netherlands,2023-03-24,France,France 4.0-0.0 Netherlands,Derrota,Oficial (torneo)
Netherlands,2023-03-27,Gibraltar,Netherlands 3.0-0.0 Gibraltar,Victoria,Oficial (torneo)
Netherlands,2023-06-14,Croatia,Netherlands 2.0-4.0 Croatia,Derrota,Oficial (torneo)
Netherlands,2023-06-18,Italy,Netherlands 2.0-3.0 Italy,Derrota,Oficial (torneo)
Netherlands,2023-09-07,Greece,Netherlands 3.0-0.0 Greece,Victoria,Oficial (torneo)
Netherlands,2023-09-10,Republic of Ireland,Republic of Ireland 1.0-2.0 Netherlands,Victoria,Oficial (torneo)
Netherlands,2023-10-13,France,Netherlands 1.0-2.0 France,Derrota,Oficial (torneo)
Netherlands,2023-10-16,Greece,Greece 0.0-1.0 Netherlands,Victoria,Oficial (torneo)
Netherlands,2023-11-18,Republic of Ireland,Netherlands 1.0-0.0 Republic of Ireland,Victoria,Oficial (torneo)
Netherlands,2023-11-21,Gibraltar,Gibraltar 0.0-6.0 Netherlands,Victoria,Oficial (torneo)
Netherlands,2024-03-22,Scotland,Netherlands 4.0-0.0 Scotland,Victoria,Amistoso
Netherlands,2024-03-26,Germany,Germany 2.0-1.0 Netherlands,Derrota,Amistoso
Netherlands,2024-06-06,Canada,Netherlands 4.0-0.0 Canada,Victoria,Amistoso
Netherlands,2024-06-10,Iceland,Netherlands 4.0-0.0 Iceland,Victoria,Amistoso
Netherlands,2024-06-16,Poland,Poland 1.0-2.0 Netherlands,Victoria,Oficial (torneo)
Netherlands,2024-06-21,France,Netherlands 0.0-0.0 France,Empate,Oficial (torneo)
Netherlands,2024-06-25,Austria,Netherlands 2.0-3.0 Austria,Derrota,Oficial (torneo)
Netherlands,2024-07-02,Romania,Romania 0.0-3.0 Netherlands,Victoria,Oficial (torneo)
Netherlands,2024-07-06,Turkey,Netherlands 2.0-1.0 Turkey,Victoria,Oficial (torneo)
Netherlands,2024-07-10,England,Netherlands 1.0-2.0 England,Derrota,Oficial (torneo)
Netherlands,2024-09-07,Bosnia and Herzegovina,Netherlands 5.0-2.0 Bosnia and Herzegovina,Victoria,Oficial (torneo)
Netherlands,2024-09-10,Germany,Netherlands 2.0-2.0 Germany,Empate,Oficial (torneo)
Netherlands,2024-10-11,Hungary,Hungary 1.0-1.0 Netherlands,Empate,Oficial (torneo)
Netherlands,2024-10-14,Germany,Germany 1.0-0.0 Netherlands,Derrota,Oficial (torneo)
Netherlands,2024-11-16,Hungary,Netherlands 4.0-0.0 Hungary,Victoria,Oficial (torneo)
Netherlands,2024-11-19,Bosnia and Herzegovina,Bosnia and Herzegovina 1.0-1.0 Netherlands,Empate,Oficial (torneo)
Netherlands,2025-03-20,Spain,Netherlands 2.0-2.0 Spain,Empate,Oficial (torneo)
Netherlands,2025-03-23,Spain,Spain 3.0-3.0 Netherlands,Empate,Oficial (torneo)
Netherlands,2025-06-07,Finland,Finland 0.0-2.0 Netherlands,Victoria,Oficial (torneo)
Netherlands,2025-06-10,Malta,Netherlands 8.0-0.0 Malta,Victoria,Oficial (torneo)
Netherlands,2025-09-04,Poland,Netherlands 1.0-1.0 Poland,Empate,Oficial (torneo)
Netherlands,2025-09-07,Lithuania,Lithuania 2.0-3.0 Netherlands,Victoria,Oficial (torneo)
Netherlands,2025-10-09,Malta,Malta 0.0-4.0 Netherlands,Victoria,Oficial (torneo)
Netherlands,2025-10-12,Finland,Netherlands 4.0-0.0 Finland,Victoria,Oficial (torneo)
Netherlands,2025-11-14,Poland,Poland 1.0-1.0 Netherlands,Empate,Oficial (torneo)
Netherlands,2025-11-17,Lithuania,Netherlands 4.0-0.0 Lithuania,Victoria,Oficial (torneo)
Netherlands,2026-03-27,Norway,Netherlands 2.0-1.0 Norway,Victoria,Amistoso
Netherlands,2026-03-31,Ecuador,Netherlands 1.0-1.0 Ecuador,Empate,Amistoso
Netherlands,2026-06-03,Algeria,Netherlands 0.0-1.0 Algeria,Derrota,Amistoso
Netherlands,2026-06-08,Uzbekistan,Netherlands 2.0-1.0 Uzbekistan,Victoria,Amistoso
New Zealand,2016-05-28,Fiji,New Zealand 3.0-1.0 Fiji,Victoria,Otro / revisar
New Zealand,2016-05-31,Vanuatu,Vanuatu 0.0-5.0 New Zealand,Victoria,Otro / revisar
New Zealand,2016-06-04,Solomon Islands,New Zealand 1.0-0.0 Solomon Islands,Victoria,Otro / revisar
New Zealand,2016-06-08,New Caledonia,New Zealand 1.0-0.0 New Caledonia,Victoria,Otro / revisar
New Zealand,2016-06-11,Papua New Guinea,Papua New Guinea 0.0-0.0 New Zealand,Empate,Otro / revisar
New Zealand,2016-10-08,Mexico,Mexico 2.0-1.0 New Zealand,Derrota,Amistoso
New Zealand,2016-11-12,New Caledonia,New Zealand 2.0-0.0 New Caledonia,Victoria,Oficial (torneo)
New Zealand,2016-11-15,New Caledonia,New Caledonia 0.0-0.0 New Zealand,Empate,Oficial (torneo)
New Zealand,2017-03-25,Fiji,Fiji 0.0-2.0 New Zealand,Victoria,Oficial (torneo)
New Zealand,2017-03-28,Fiji,New Zealand 2.0-0.0 Fiji,Victoria,Oficial (torneo)
New Zealand,2017-06-02,Northern Ireland,Northern Ireland 1.0-0.0 New Zealand,Derrota,Amistoso
New Zealand,2017-06-12,Belarus,Belarus 1.0-0.0 New Zealand,Derrota,Amistoso
New Zealand,2017-06-17,Russia,Russia 2.0-0.0 New Zealand,Derrota,Otro / revisar
New Zealand,2017-06-21,Mexico,Mexico 2.0-1.0 New Zealand,Derrota,Otro / revisar
New Zealand,2017-06-24,Portugal,New Zealand 0.0-4.0 Portugal,Derrota,Otro / revisar
New Zealand,2017-09-01,Solomon Islands,New Zealand 6.0-1.0 Solomon Islands,Victoria,Oficial (torneo)
New Zealand,2017-09-05,Solomon Islands,Solomon Islands 2.0-2.0 New Zealand,Empate,Oficial (torneo)
New Zealand,2017-10-06,Japan,Japan 2.0-1.0 New Zealand,Derrota,Otro / revisar
New Zealand,2017-11-11,Peru,New Zealand 0.0-0.0 Peru,Empate,Oficial (torneo)
New Zealand,2017-11-15,Peru,Peru 2.0-0.0 New Zealand,Derrota,Oficial (torneo)
New Zealand,2018-03-24,Canada,Canada 1.0-0.0 New Zealand,Derrota,Amistoso
New Zealand,2018-06-02,Kenya,Kenya 2.0-1.0 New Zealand,Derrota,Otro / revisar
New Zealand,2018-06-05,Taiwan,Taiwan 0.0-1.0 New Zealand,Victoria,Otro / revisar
New Zealand,2018-06-07,India,India 1.0-2.0 New Zealand,Victoria,Otro / revisar
New Zealand,2019-11-14,Republic of Ireland,Republic of Ireland 3.0-1.0 New Zealand,Derrota,Amistoso
New Zealand,2019-11-17,Lithuania,Lithuania 1.0-0.0 New Zealand,Derrota,Amistoso
New Zealand,2021-10-09,Curaçao,Curaçao 1.0-2.0 New Zealand,Victoria,Amistoso
New Zealand,2021-10-12,Bahrain,Bahrain 0.0-1.0 New Zealand,Victoria,Amistoso
New Zealand,2021-11-16,Gambia,New Zealand 2.0-0.0 Gambia,Victoria,Amistoso
New Zealand,2022-01-28,Jordan,Jordan 3.0-1.0 New Zealand,Derrota,Amistoso
New Zealand,2022-03-18,Papua New Guinea,Papua New Guinea 0.0-1.0 New Zealand,Victoria,Oficial (torneo)
New Zealand,2022-03-21,Fiji,New Zealand 4.0-0.0 Fiji,Victoria,Oficial (torneo)
New Zealand,2022-03-24,New Caledonia,New Zealand 7.0-1.0 New Caledonia,Victoria,Oficial (torneo)
New Zealand,2022-03-27,Tahiti,New Zealand 1.0-0.0 Tahiti,Victoria,Oficial (torneo)
New Zealand,2022-03-30,Solomon Islands,Solomon Islands 0.0-5.0 New Zealand,Victoria,Oficial (torneo)
New Zealand,2022-06-05,Peru,Peru 1.0-0.0 New Zealand,Derrota,Amistoso
New Zealand,2022-06-09,Oman,New Zealand 0.0-0.0 Oman,Empate,Amistoso
New Zealand,2022-06-14,Costa Rica,Costa Rica 1.0-0.0 New Zealand,Derrota,Oficial (torneo)
New Zealand,2022-09-22,Australia,Australia 1.0-0.0 New Zealand,Derrota,Amistoso
New Zealand,2022-09-25,Australia,New Zealand 0.0-2.0 Australia,Derrota,Amistoso
New Zealand,2023-03-23,China,New Zealand 0.0-0.0 China,Empate,Amistoso
New Zealand,2023-03-26,China,New Zealand 2.0-1.0 China,Victoria,Amistoso
New Zealand,2023-06-16,Sweden,Sweden 4.0-1.0 New Zealand,Derrota,Amistoso
New Zealand,2023-10-13,DR Congo,DR Congo 1.0-1.0 New Zealand,Empate,Amistoso
New Zealand,2023-10-17,Australia,Australia 2.0-0.0 New Zealand,Derrota,Otro / revisar
New Zealand,2023-11-17,Greece,Greece 2.0-0.0 New Zealand,Derrota,Amistoso
New Zealand,2023-11-21,Republic of Ireland,Republic of Ireland 1.0-1.0 New Zealand,Empate,Amistoso
New Zealand,2024-03-22,Egypt,Egypt 1.0-0.0 New Zealand,Derrota,Otro / revisar
New Zealand,2024-03-26,Tunisia,New Zealand 0.0-0.0 Tunisia,Empate,Otro / revisar
New Zealand,2024-06-18,Solomon Islands,New Zealand 3.0-0.0 Solomon Islands,Victoria,Otro / revisar
New Zealand,2024-06-21,Vanuatu,Vanuatu 0.0-4.0 New Zealand,Victoria,Otro / revisar
New Zealand,2024-06-27,Tahiti,New Zealand 5.0-0.0 Tahiti,Victoria,Otro / revisar
New Zealand,2024-06-30,Vanuatu,Vanuatu 0.0-3.0 New Zealand,Victoria,Otro / revisar
New Zealand,2024-09-07,Mexico,Mexico 3.0-0.0 New Zealand,Derrota,Amistoso
New Zealand,2024-09-10,United States,United States 1.0-1.0 New Zealand,Empate,Amistoso
New Zealand,2024-10-11,Tahiti,New Zealand 3.0-0.0 Tahiti,Victoria,Oficial (torneo)
New Zealand,2024-10-14,Malaysia,New Zealand 4.0-0.0 Malaysia,Victoria,Amistoso
New Zealand,2024-11-15,Vanuatu,New Zealand 8.0-1.0 Vanuatu,Victoria,Oficial (torneo)
New Zealand,2024-11-18,Samoa,New Zealand 8.0-0.0 Samoa,Victoria,Oficial (torneo)
New Zealand,2025-03-21,Fiji,New Zealand 7.0-0.0 Fiji,Victoria,Oficial (torneo)
New Zealand,2025-03-24,New Caledonia,New Zealand 3.0-0.0 New Caledonia,Victoria,Oficial (torneo)
New Zealand,2025-06-07,Ivory Coast,Ivory Coast 0.0-1.0 New Zealand,Victoria,Otro / revisar
New Zealand,2025-06-10,Ukraine,New Zealand 1.0-2.0 Ukraine,Derrota,Otro / revisar
New Zealand,2025-09-05,Australia,Australia 1.0-0.0 New Zealand,Derrota,Otro / revisar
New Zealand,2025-09-09,Australia,New Zealand 1.0-3.0 Australia,Derrota,Otro / revisar
New Zealand,2025-10-09,Poland,Poland 1.0-0.0 New Zealand,Derrota,Amistoso
New Zealand,2025-10-14,Norway,Norway 1.0-1.0 New Zealand,Empate,Amistoso
New Zealand,2025-11-15,Colombia,Colombia 2.0-1.0 New Zealand,Derrota,Amistoso
New Zealand,2025-11-18,Ecuador,Ecuador 2.0-0.0 New Zealand,Derrota,Amistoso
New Zealand,2026-03-27,Finland,New Zealand 0.0-2.0 Finland,Derrota,Otro / revisar
New Zealand,2026-03-30,Chile,New Zealand 4.0-1.0 Chile,Victoria,Otro / revisar
New Zealand,2026-06-02,Haiti,Haiti 4.0-0.0 New Zealand,Derrota,Amistoso
New Zealand,2026-06-06,England,England 1.0-0.0 New Zealand,Derrota,Amistoso
Norway,2016-03-24,Estonia,Estonia 0.0-0.0 Norway,Empate,Amistoso
Norway,2016-03-29,Finland,Norway 2.0-0.0 Finland,Victoria,Amistoso
Norway,2016-05-29,Portugal,Portugal 3.0-0.0 Norway,Derrota,Amistoso
Norway,2016-06-01,Iceland,Norway 3.0-2.0 Iceland,Victoria,Amistoso
Norway,2016-06-05,Belgium,Belgium 3.0-2.0 Norway,Derrota,Amistoso
Norway,2016-08-31,Belarus,Norway 0.0-1.0 Belarus,Derrota,Amistoso
Norway,2016-09-04,Germany,Norway 0.0-3.0 Germany,Derrota,Oficial (torneo)
Norway,2016-10-08,Azerbaijan,Azerbaijan 1.0-0.0 Norway,Derrota,Oficial (torneo)
Norway,2016-10-11,San Marino,Norway 4.0-1.0 San Marino,Victoria,Oficial (torneo)
Norway,2016-11-11,Czech Republic,Czech Republic 2.0-1.0 Norway,Derrota,Oficial (torneo)
Norway,2017-03-26,Northern Ireland,Northern Ireland 2.0-0.0 Norway,Derrota,Oficial (torneo)
Norway,2017-06-10,Czech Republic,Norway 1.0-1.0 Czech Republic,Empate,Oficial (torneo)
Norway,2017-06-13,Sweden,Norway 1.0-1.0 Sweden,Empate,Amistoso
Norway,2017-09-01,Azerbaijan,Norway 2.0-0.0 Azerbaijan,Victoria,Oficial (torneo)
Norway,2017-09-04,Germany,Germany 6.0-0.0 Norway,Derrota,Oficial (torneo)
Norway,2017-10-05,San Marino,San Marino 0.0-8.0 Norway,Victoria,Oficial (torneo)
Norway,2017-10-08,Northern Ireland,Norway 1.0-0.0 Northern Ireland,Victoria,Oficial (torneo)
Norway,2017-11-11,North Macedonia,North Macedonia 2.0-0.0 Norway,Derrota,Amistoso
Norway,2017-11-14,Slovakia,Slovakia 1.0-0.0 Norway,Derrota,Amistoso
Norway,2018-03-23,Australia,Norway 4.0-1.0 Australia,Victoria,Amistoso
Norway,2018-03-26,Albania,Albania 0.0-1.0 Norway,Victoria,Amistoso
Norway,2018-06-02,Iceland,Iceland 2.0-3.0 Norway,Victoria,Amistoso
Norway,2018-06-06,Panama,Norway 1.0-0.0 Panama,Victoria,Amistoso
Norway,2018-09-06,Cyprus,Norway 2.0-0.0 Cyprus,Victoria,Oficial (torneo)
Norway,2018-09-09,Bulgaria,Bulgaria 1.0-0.0 Norway,Derrota,Oficial (torneo)
Norway,2018-10-13,Slovenia,Norway 1.0-0.0 Slovenia,Victoria,Oficial (torneo)
Norway,2018-10-16,Bulgaria,Norway 1.0-0.0 Bulgaria,Victoria,Oficial (torneo)
Norway,2018-11-16,Slovenia,Slovenia 1.0-1.0 Norway,Empate,Oficial (torneo)
Norway,2018-11-19,Cyprus,Cyprus 0.0-2.0 Norway,Victoria,Oficial (torneo)
Norway,2019-03-23,Spain,Spain 2.0-1.0 Norway,Derrota,Oficial (torneo)
Norway,2019-03-26,Sweden,Norway 3.0-3.0 Sweden,Empate,Oficial (torneo)
Norway,2019-06-07,Romania,Norway 2.0-2.0 Romania,Empate,Oficial (torneo)
Norway,2019-06-10,Faroe Islands,Faroe Islands 0.0-2.0 Norway,Victoria,Oficial (torneo)
Norway,2019-09-05,Malta,Norway 2.0-0.0 Malta,Victoria,Oficial (torneo)
Norway,2019-09-08,Sweden,Sweden 1.0-1.0 Norway,Empate,Oficial (torneo)
Norway,2019-10-12,Spain,Norway 1.0-1.0 Spain,Empate,Oficial (torneo)
Norway,2019-10-15,Romania,Romania 1.0-1.0 Norway,Empate,Oficial (torneo)
Norway,2019-11-15,Faroe Islands,Norway 4.0-0.0 Faroe Islands,Victoria,Oficial (torneo)
Norway,2019-11-18,Malta,Malta 1.0-2.0 Norway,Victoria,Oficial (torneo)
Norway,2020-09-04,Austria,Norway 1.0-2.0 Austria,Derrota,Oficial (torneo)
Norway,2020-09-07,Northern Ireland,Northern Ireland 1.0-5.0 Norway,Victoria,Oficial (torneo)
Norway,2020-10-08,Serbia,Norway 1.0-2.0 Serbia,Derrota,Oficial (torneo)
Norway,2020-10-11,Romania,Norway 4.0-0.0 Romania,Victoria,Oficial (torneo)
Norway,2020-10-14,Northern Ireland,Norway 1.0-0.0 Northern Ireland,Victoria,Oficial (torneo)
Norway,2020-11-15,Romania,Romania 3.0-0.0 Norway,Derrota,Oficial (torneo)
Norway,2020-11-18,Austria,Austria 1.0-1.0 Norway,Empate,Oficial (torneo)
Norway,2021-03-24,Gibraltar,Gibraltar 0.0-3.0 Norway,Victoria,Oficial (torneo)
Norway,2021-03-27,Turkey,Norway 0.0-3.0 Turkey,Derrota,Oficial (torneo)
Norway,2021-03-30,Montenegro,Montenegro 0.0-1.0 Norway,Victoria,Oficial (torneo)
Norway,2021-06-02,Luxembourg,Norway 1.0-0.0 Luxembourg,Victoria,Amistoso
Norway,2021-06-06,Greece,Norway 1.0-2.0 Greece,Derrota,Amistoso
Norway,2021-09-01,Netherlands,Norway 1.0-1.0 Netherlands,Empate,Oficial (torneo)
Norway,2021-09-04,Latvia,Latvia 0.0-2.0 Norway,Victoria,Oficial (torneo)
Norway,2021-09-07,Gibraltar,Norway 5.0-1.0 Gibraltar,Victoria,Oficial (torneo)
Norway,2021-10-08,Turkey,Turkey 1.0-1.0 Norway,Empate,Oficial (torneo)
Norway,2021-10-11,Montenegro,Norway 2.0-0.0 Montenegro,Victoria,Oficial (torneo)
Norway,2021-11-13,Latvia,Norway 0.0-0.0 Latvia,Empate,Oficial (torneo)
Norway,2021-11-16,Netherlands,Netherlands 2.0-0.0 Norway,Derrota,Oficial (torneo)
Norway,2022-03-25,Slovakia,Norway 2.0-0.0 Slovakia,Victoria,Amistoso
Norway,2022-03-29,Armenia,Norway 9.0-0.0 Armenia,Victoria,Amistoso
Norway,2022-06-02,Serbia,Serbia 0.0-1.0 Norway,Victoria,Oficial (torneo)
Norway,2022-06-05,Sweden,Sweden 1.0-2.0 Norway,Victoria,Oficial (torneo)
Norway,2022-06-09,Slovenia,Norway 0.0-0.0 Slovenia,Empate,Oficial (torneo)
Norway,2022-06-12,Sweden,Norway 3.0-2.0 Sweden,Victoria,Oficial (torneo)
Norway,2022-09-24,Slovenia,Slovenia 2.0-1.0 Norway,Derrota,Oficial (torneo)
Norway,2022-09-27,Serbia,Norway 0.0-2.0 Serbia,Derrota,Oficial (torneo)
Norway,2022-11-17,Republic of Ireland,Republic of Ireland 1.0-2.0 Norway,Victoria,Amistoso
Norway,2022-11-20,Finland,Norway 1.0-1.0 Finland,Empate,Amistoso
Norway,2023-03-25,Spain,Spain 3.0-0.0 Norway,Derrota,Oficial (torneo)
Norway,2023-03-28,Georgia,Georgia 1.0-1.0 Norway,Empate,Oficial (torneo)
Norway,2023-06-17,Scotland,Norway 1.0-2.0 Scotland,Derrota,Oficial (torneo)
Norway,2023-06-20,Cyprus,Norway 3.0-1.0 Cyprus,Victoria,Oficial (torneo)
Norway,2023-09-07,Jordan,Norway 6.0-0.0 Jordan,Victoria,Amistoso
Norway,2023-09-12,Georgia,Norway 2.0-1.0 Georgia,Victoria,Oficial (torneo)
Norway,2023-10-12,Cyprus,Cyprus 0.0-4.0 Norway,Victoria,Oficial (torneo)
Norway,2023-10-15,Spain,Norway 0.0-1.0 Spain,Derrota,Oficial (torneo)
Norway,2023-11-16,Faroe Islands,Norway 2.0-0.0 Faroe Islands,Victoria,Amistoso
Norway,2023-11-19,Scotland,Scotland 3.0-3.0 Norway,Empate,Oficial (torneo)
Norway,2024-03-22,Czech Republic,Norway 1.0-2.0 Czech Republic,Derrota,Amistoso
Norway,2024-03-26,Slovakia,Norway 1.0-1.0 Slovakia,Empate,Amistoso
Norway,2024-06-05,Kosovo,Norway 3.0-0.0 Kosovo,Victoria,Amistoso
Norway,2024-06-08,Denmark,Denmark 3.0-1.0 Norway,Derrota,Amistoso
Norway,2024-09-06,Kazakhstan,Kazakhstan 0.0-0.0 Norway,Empate,Oficial (torneo)
Norway,2024-09-09,Austria,Norway 2.0-1.0 Austria,Victoria,Oficial (torneo)
Norway,2024-10-10,Slovenia,Norway 3.0-0.0 Slovenia,Victoria,Oficial (torneo)
Norway,2024-10-13,Austria,Austria 5.0-1.0 Norway,Derrota,Oficial (torneo)
Norway,2024-11-14,Slovenia,Slovenia 1.0-4.0 Norway,Victoria,Oficial (torneo)
Norway,2024-11-17,Kazakhstan,Norway 5.0-0.0 Kazakhstan,Victoria,Oficial (torneo)
Norway,2025-03-22,Moldova,Moldova 0.0-5.0 Norway,Victoria,Oficial (torneo)
Norway,2025-03-25,Israel,Israel 2.0-4.0 Norway,Victoria,Oficial (torneo)
Norway,2025-06-06,Italy,Norway 3.0-0.0 Italy,Victoria,Oficial (torneo)
Norway,2025-06-09,Estonia,Estonia 0.0-1.0 Norway,Victoria,Oficial (torneo)
Norway,2025-09-04,Finland,Norway 1.0-0.0 Finland,Victoria,Amistoso
Norway,2025-09-09,Moldova,Norway 11.0-1.0 Moldova,Victoria,Oficial (torneo)
Norway,2025-10-11,Israel,Norway 5.0-0.0 Israel,Victoria,Oficial (torneo)
Norway,2025-10-14,New Zealand,Norway 1.0-1.0 New Zealand,Empate,Amistoso
Norway,2025-11-13,Estonia,Norway 4.0-1.0 Estonia,Victoria,Oficial (torneo)
Norway,2025-11-16,Italy,Italy 1.0-4.0 Norway,Victoria,Oficial (torneo)
Norway,2026-03-27,Netherlands,Netherlands 2.0-1.0 Norway,Derrota,Amistoso
Norway,2026-03-31,Switzerland,Norway 0.0-0.0 Switzerland,Empate,Amistoso
Norway,2026-06-01,Sweden,Norway 3.0-1.0 Sweden,Victoria,Amistoso
Norway,2026-06-07,Morocco,Morocco 1.0-1.0 Norway,Empate,Amistoso
Panama,2016-01-08,Cuba,Panama 4.0-0.0 Cuba,Victoria,Eliminatoria
Panama,2016-03-25,Haiti,Haiti 0.0-0.0 Panama,Empate,Oficial (torneo)
Panama,2016-03-29,Haiti,Panama 1.0-0.0 Haiti,Victoria,Oficial (torneo)
Panama,2016-04-27,Martinique,Martinique 0.0-2.0 Panama,Victoria,Amistoso
Panama,2016-06-06,Bolivia,Panama 2.0-1.0 Bolivia,Victoria,Otro / revisar
Panama,2016-06-10,Argentina,Argentina 5.0-0.0 Panama,Derrota,Otro / revisar
Panama,2016-06-14,Chile,Chile 4.0-2.0 Panama,Derrota,Otro / revisar
Panama,2016-09-02,Jamaica,Panama 2.0-0.0 Jamaica,Victoria,Oficial (torneo)
Panama,2016-09-06,Costa Rica,Costa Rica 3.0-1.0 Panama,Derrota,Oficial (torneo)
Panama,2016-10-11,Mexico,Mexico 1.0-0.0 Panama,Derrota,Amistoso
Panama,2016-11-11,Honduras,Honduras 0.0-1.0 Panama,Victoria,Oficial (torneo)
Panama,2016-11-15,Mexico,Panama 0.0-0.0 Mexico,Empate,Oficial (torneo)
Panama,2017-01-22,Costa Rica,Panama 1.0-0.0 Costa Rica,Victoria,Otro / revisar
Panama,2017-03-24,Trinidad and Tobago,Trinidad and Tobago 1.0-0.0 Panama,Derrota,Oficial (torneo)
Panama,2017-03-28,United States,Panama 1.0-1.0 United States,Empate,Oficial (torneo)
Panama,2017-06-08,Costa Rica,Costa Rica 0.0-0.0 Panama,Empate,Oficial (torneo)
Panama,2017-06-13,Honduras,Panama 2.0-2.0 Honduras,Empate,Oficial (torneo)
Panama,2017-07-08,United States,United States 1.0-1.0 Panama,Empate,Oficial (torneo)
Panama,2017-07-12,Nicaragua,Panama 2.0-1.0 Nicaragua,Victoria,Oficial (torneo)
Panama,2017-07-15,Martinique,Panama 3.0-0.0 Martinique,Victoria,Oficial (torneo)
Panama,2017-07-19,Costa Rica,Costa Rica 1.0-0.0 Panama,Derrota,Oficial (torneo)
Panama,2017-09-01,Mexico,Mexico 1.0-0.0 Panama,Derrota,Oficial (torneo)
Panama,2017-09-05,Trinidad and Tobago,Panama 3.0-0.0 Trinidad and Tobago,Victoria,Oficial (torneo)
Panama,2017-10-06,United States,United States 4.0-0.0 Panama,Derrota,Oficial (torneo)
Panama,2017-10-10,Costa Rica,Panama 2.0-1.0 Costa Rica,Victoria,Oficial (torneo)
Panama,2017-10-24,Grenada,Grenada 0.0-5.0 Panama,Victoria,Amistoso
Panama,2017-11-09,Iran,Iran 2.0-1.0 Panama,Derrota,Amistoso
Panama,2017-11-14,Wales,Wales 1.0-1.0 Panama,Empate,Amistoso
Panama,2018-03-22,Denmark,Denmark 1.0-0.0 Panama,Derrota,Amistoso
Panama,2018-03-27,Switzerland,Switzerland 6.0-0.0 Panama,Derrota,Amistoso
Panama,2018-04-18,Trinidad and Tobago,Trinidad and Tobago 0.0-1.0 Panama,Victoria,Amistoso
Panama,2018-05-29,Northern Ireland,Panama 0.0-0.0 Northern Ireland,Empate,Amistoso
Panama,2018-06-06,Norway,Norway 1.0-0.0 Panama,Derrota,Amistoso
Panama,2018-06-18,Belgium,Belgium 3.0-0.0 Panama,Derrota,Oficial (torneo)
Panama,2018-06-24,England,England 6.0-1.0 Panama,Derrota,Oficial (torneo)
Panama,2018-06-28,Tunisia,Panama 1.0-2.0 Tunisia,Derrota,Oficial (torneo)
Panama,2018-09-11,Venezuela,Panama 0.0-2.0 Venezuela,Derrota,Amistoso
Panama,2018-10-12,Japan,Japan 3.0-0.0 Panama,Derrota,Otro / revisar
Panama,2018-10-16,South Korea,South Korea 2.0-2.0 Panama,Empate,Amistoso
Panama,2018-11-16,Honduras,Honduras 1.0-0.0 Panama,Derrota,Amistoso
Panama,2018-11-20,Ecuador,Panama 1.0-2.0 Ecuador,Derrota,Amistoso
Panama,2019-01-27,United States,United States 3.0-0.0 Panama,Derrota,Amistoso
Panama,2019-03-23,Brazil,Brazil 1.0-1.0 Panama,Empate,Amistoso
Panama,2019-05-29,Basque Country,Panama 0.0-0.0 Basque Country,Empate,Amistoso
Panama,2019-06-03,Colombia,Colombia 3.0-0.0 Panama,Derrota,Amistoso
Panama,2019-06-07,Uruguay,Uruguay 3.0-0.0 Panama,Derrota,Amistoso
Panama,2019-06-18,Trinidad and Tobago,Panama 2.0-0.0 Trinidad and Tobago,Victoria,Oficial (torneo)
Panama,2019-06-22,Guyana,Guyana 2.0-4.0 Panama,Victoria,Oficial (torneo)
Panama,2019-06-26,United States,United States 1.0-0.0 Panama,Derrota,Oficial (torneo)
Panama,2019-06-30,Jamaica,Jamaica 1.0-0.0 Panama,Derrota,Oficial (torneo)
Panama,2019-09-05,Bermuda,Bermuda 1.0-4.0 Panama,Victoria,Oficial (torneo)
Panama,2019-09-08,Bermuda,Panama 0.0-2.0 Bermuda,Derrota,Oficial (torneo)
Panama,2019-10-15,Mexico,Mexico 3.0-1.0 Panama,Derrota,Oficial (torneo)
Panama,2019-11-15,Mexico,Panama 0.0-3.0 Mexico,Derrota,Oficial (torneo)
Panama,2020-10-10,Costa Rica,Costa Rica 0.0-1.0 Panama,Victoria,Amistoso
Panama,2020-10-13,Costa Rica,Costa Rica 0.0-1.0 Panama,Victoria,Amistoso
Panama,2020-11-13,Japan,Japan 1.0-0.0 Panama,Derrota,Amistoso
Panama,2020-11-16,United States,United States 6.0-2.0 Panama,Derrota,Amistoso
Panama,2021-01-28,Serbia,Panama 0.0-0.0 Serbia,Empate,Amistoso
Panama,2021-03-25,Barbados,Panama 1.0-0.0 Barbados,Victoria,Oficial (torneo)
Panama,2021-03-28,Dominica,Dominica 1.0-2.0 Panama,Victoria,Oficial (torneo)
Panama,2021-06-05,Anguilla,Panama 13.0-0.0 Anguilla,Victoria,Oficial (torneo)
Panama,2021-06-08,Dominican Republic,Panama 3.0-0.0 Dominican Republic,Victoria,Oficial (torneo)
Panama,2021-06-12,Curaçao,Panama 2.0-1.0 Curaçao,Victoria,Oficial (torneo)
Panama,2021-06-15,Curaçao,Curaçao 0.0-0.0 Panama,Empate,Oficial (torneo)
Panama,2021-06-30,Mexico,Mexico 3.0-0.0 Panama,Derrota,Amistoso
Panama,2021-07-13,Qatar,Qatar 3.0-3.0 Panama,Empate,Oficial (torneo)
Panama,2021-07-17,Honduras,Panama 2.0-3.0 Honduras,Derrota,Oficial (torneo)
Panama,2021-07-20,Grenada,Panama 3.0-1.0 Grenada,Victoria,Oficial (torneo)
Panama,2021-09-02,Costa Rica,Panama 0.0-0.0 Costa Rica,Empate,Oficial (torneo)
Panama,2021-09-05,Jamaica,Jamaica 0.0-3.0 Panama,Victoria,Oficial (torneo)
Panama,2021-09-08,Mexico,Panama 1.0-1.0 Mexico,Empate,Oficial (torneo)
Panama,2021-10-07,El Salvador,El Salvador 1.0-0.0 Panama,Derrota,Oficial (torneo)
Panama,2021-10-10,United States,Panama 1.0-0.0 United States,Victoria,Oficial (torneo)
Panama,2021-10-13,Canada,Canada 4.0-1.0 Panama,Derrota,Oficial (torneo)
Panama,2021-11-12,Honduras,Honduras 2.0-3.0 Panama,Victoria,Oficial (torneo)
Panama,2021-11-16,El Salvador,Panama 2.0-1.0 El Salvador,Victoria,Oficial (torneo)
Panama,2022-01-16,Peru,Peru 1.0-1.0 Panama,Empate,Amistoso
Panama,2022-01-27,Costa Rica,Costa Rica 1.0-0.0 Panama,Derrota,Oficial (torneo)
Panama,2022-01-30,Jamaica,Panama 3.0-2.0 Jamaica,Victoria,Oficial (torneo)
Panama,2022-02-02,Mexico,Mexico 1.0-0.0 Panama,Derrota,Oficial (torneo)
Panama,2022-03-24,Honduras,Panama 1.0-1.0 Honduras,Empate,Oficial (torneo)
Panama,2022-03-27,United States,United States 5.0-1.0 Panama,Derrota,Oficial (torneo)
Panama,2022-03-30,Canada,Panama 1.0-0.0 Canada,Victoria,Oficial (torneo)
Panama,2022-06-02,Costa Rica,Panama 2.0-0.0 Costa Rica,Victoria,Oficial (torneo)
Panama,2022-06-09,Martinique,Panama 5.0-0.0 Martinique,Victoria,Oficial (torneo)
Panama,2022-06-11,Uruguay,Uruguay 5.0-0.0 Panama,Derrota,Amistoso
Panama,2022-06-12,Martinique,Martinique 0.0-0.0 Panama,Empate,Oficial (torneo)
Panama,2022-09-27,Bahrain,Bahrain 0.0-2.0 Panama,Victoria,Amistoso
Panama,2022-11-07,Qatar,Qatar 2.0-1.0 Panama,Derrota,Amistoso
Panama,2022-11-10,Saudi Arabia,Saudi Arabia 1.0-1.0 Panama,Empate,Amistoso
Panama,2022-11-15,Venezuela,Venezuela 2.0-2.0 Panama,Empate,Amistoso
Panama,2022-11-18,Cameroon,Cameroon 1.0-1.0 Panama,Empate,Amistoso
Panama,2023-03-12,Guatemala,Guatemala 1.0-1.0 Panama,Empate,Amistoso
Panama,2023-03-23,Argentina,Argentina 2.0-0.0 Panama,Derrota,Amistoso
Panama,2023-03-28,Costa Rica,Costa Rica 0.0-1.0 Panama,Victoria,Oficial (torneo)
Panama,2023-06-10,Nicaragua,Panama 3.0-2.0 Nicaragua,Victoria,Amistoso
Panama,2023-06-15,Canada,Panama 0.0-2.0 Canada,Derrota,Oficial (torneo)
Panama,2023-06-18,Mexico,Panama 0.0-1.0 Mexico,Derrota,Oficial (torneo)
Panama,2023-06-26,Costa Rica,Costa Rica 1.0-2.0 Panama,Victoria,Oficial (torneo)
Panama,2023-06-30,Martinique,Martinique 1.0-2.0 Panama,Victoria,Oficial (torneo)
Panama,2023-07-04,El Salvador,Panama 2.0-2.0 El Salvador,Empate,Oficial (torneo)
Panama,2023-07-08,Qatar,Panama 4.0-0.0 Qatar,Victoria,Oficial (torneo)
Panama,2023-07-12,United States,United States 1.0-1.0 Panama,Empate,Oficial (torneo)
Panama,2023-07-16,Mexico,Mexico 1.0-0.0 Panama,Derrota,Oficial (torneo)
Panama,2023-08-27,Bolivia,Bolivia 1.0-2.0 Panama,Victoria,Amistoso
Panama,2023-09-07,Martinique,Panama 3.0-0.0 Martinique,Victoria,Oficial (torneo)
Panama,2023-09-10,Guatemala,Guatemala 1.0-1.0 Panama,Empate,Oficial (torneo)
Panama,2023-10-13,Curaçao,Curaçao 1.0-2.0 Panama,Victoria,Oficial (torneo)
Panama,2023-10-17,Guatemala,Panama 3.0-0.0 Guatemala,Victoria,Oficial (torneo)
Panama,2023-11-16,Costa Rica,Costa Rica 0.0-3.0 Panama,Victoria,Oficial (torneo)
Panama,2023-11-20,Costa Rica,Panama 3.0-1.0 Costa Rica,Victoria,Oficial (torneo)
Panama,2024-03-21,Mexico,Panama 0.0-3.0 Mexico,Derrota,Oficial (torneo)
Panama,2024-03-24,Jamaica,Jamaica 1.0-0.0 Panama,Derrota,Oficial (torneo)
Panama,2024-05-21,Galicia,Galicia 0.0-2.0 Panama,Victoria,Amistoso
Panama,2024-06-06,Guyana,Panama 2.0-0.0 Guyana,Victoria,Oficial (torneo)
Panama,2024-06-09,Montserrat,Montserrat 1.0-3.0 Panama,Victoria,Oficial (torneo)
Panama,2024-06-16,Paraguay,Panama 0.0-1.0 Paraguay,Derrota,Amistoso
Panama,2024-06-23,Uruguay,Uruguay 3.0-1.0 Panama,Derrota,Otro / revisar
Panama,2024-06-27,United States,United States 1.0-2.0 Panama,Victoria,Otro / revisar
Panama,2024-07-01,Bolivia,Bolivia 1.0-3.0 Panama,Victoria,Otro / revisar
Panama,2024-07-06,Colombia,Colombia 5.0-0.0 Panama,Derrota,Otro / revisar
Panama,2024-10-12,United States,United States 2.0-0.0 Panama,Derrota,Amistoso
Panama,2024-10-15,Canada,Canada 2.0-1.0 Panama,Derrota,Amistoso
Panama,2024-11-14,Costa Rica,Costa Rica 0.0-1.0 Panama,Victoria,Oficial (torneo)
Panama,2024-11-18,Costa Rica,Panama 2.0-2.0 Costa Rica,Empate,Oficial (torneo)
Panama,2025-02-08,Chile,Chile 6.0-1.0 Panama,Derrota,Amistoso
Panama,2025-03-20,United States,United States 0.0-1.0 Panama,Victoria,Oficial (torneo)
Panama,2025-03-23,Mexico,Panama 1.0-2.0 Mexico,Derrota,Oficial (torneo)
Panama,2025-06-07,Belize,Belize 0.0-2.0 Panama,Victoria,Oficial (torneo)
Panama,2025-06-10,Nicaragua,Panama 3.0-0.0 Nicaragua,Victoria,Oficial (torneo)
Panama,2025-06-16,Guadeloupe,Panama 5.0-2.0 Guadeloupe,Victoria,Oficial (torneo)
Panama,2025-06-20,Guatemala,Guatemala 0.0-1.0 Panama,Victoria,Oficial (torneo)
Panama,2025-06-24,Jamaica,Panama 4.0-1.0 Jamaica,Victoria,Oficial (torneo)
Panama,2025-06-28,Honduras,Panama 1.0-1.0 Honduras,Empate,Oficial (torneo)
Panama,2025-09-04,Suriname,Suriname 0.0-0.0 Panama,Empate,Oficial (torneo)
Panama,2025-09-08,Guatemala,Panama 1.0-1.0 Guatemala,Empate,Oficial (torneo)
Panama,2025-10-10,El Salvador,El Salvador 0.0-1.0 Panama,Victoria,Oficial (torneo)
Panama,2025-10-14,Suriname,Panama 1.0-1.0 Suriname,Empate,Oficial (torneo)
Panama,2025-11-13,Guatemala,Guatemala 2.0-3.0 Panama,Victoria,Oficial (torneo)
Panama,2025-11-18,El Salvador,Panama 3.0-0.0 El Salvador,Victoria,Oficial (torneo)
Panama,2026-01-18,Bolivia,Bolivia 1.0-1.0 Panama,Empate,Amistoso
Panama,2026-01-22,Mexico,Panama 0.0-1.0 Mexico,Derrota,Amistoso
Panama,2026-03-27,South Africa,South Africa 1.0-1.0 Panama,Empate,Amistoso
Panama,2026-03-31,South Africa,South Africa 1.0-2.0 Panama,Victoria,Amistoso
Panama,2026-05-31,Brazil,Brazil 6.0-2.0 Panama,Derrota,Amistoso
Panama,2026-06-03,Dominican Republic,Panama 4.0-2.0 Dominican Republic,Victoria,Amistoso
Panama,2026-06-06,Bosnia and Herzegovina,Panama 1.0-1.0 Bosnia and Herzegovina,Empate,Amistoso
Paraguay,2016-03-24,Ecuador,Ecuador 2.0-2.0 Paraguay,Empate,Oficial (torneo)
Paraguay,2016-03-29,Brazil,Paraguay 2.0-2.0 Brazil,Empate,Oficial (torneo)
Paraguay,2016-05-28,Mexico,Mexico 1.0-0.0 Paraguay,Derrota,Amistoso
Paraguay,2016-06-04,Costa Rica,Costa Rica 0.0-0.0 Paraguay,Empate,Otro / revisar
Paraguay,2016-06-07,Colombia,Colombia 2.0-1.0 Paraguay,Derrota,Otro / revisar
Paraguay,2016-06-11,United States,United States 1.0-0.0 Paraguay,Derrota,Otro / revisar
Paraguay,2016-09-01,Chile,Paraguay 2.0-1.0 Chile,Victoria,Oficial (torneo)
Paraguay,2016-09-06,Uruguay,Uruguay 4.0-0.0 Paraguay,Derrota,Oficial (torneo)
Paraguay,2016-10-06,Colombia,Paraguay 0.0-1.0 Colombia,Derrota,Oficial (torneo)
Paraguay,2016-10-11,Argentina,Argentina 0.0-1.0 Paraguay,Victoria,Oficial (torneo)
Paraguay,2016-11-10,Peru,Paraguay 1.0-4.0 Peru,Derrota,Oficial (torneo)
Paraguay,2016-11-15,Bolivia,Bolivia 1.0-0.0 Paraguay,Derrota,Oficial (torneo)
Paraguay,2017-03-23,Ecuador,Paraguay 2.0-1.0 Ecuador,Victoria,Oficial (torneo)
Paraguay,2017-03-28,Brazil,Brazil 3.0-0.0 Paraguay,Derrota,Oficial (torneo)
Paraguay,2017-06-02,France,France 5.0-0.0 Paraguay,Derrota,Amistoso
Paraguay,2017-06-08,Peru,Peru 1.0-0.0 Paraguay,Derrota,Amistoso
Paraguay,2017-07-01,Mexico,Mexico 2.0-1.0 Paraguay,Derrota,Amistoso
Paraguay,2017-08-31,Chile,Chile 0.0-3.0 Paraguay,Victoria,Oficial (torneo)
Paraguay,2017-09-05,Uruguay,Paraguay 1.0-2.0 Uruguay,Derrota,Oficial (torneo)
Paraguay,2017-10-05,Colombia,Colombia 1.0-2.0 Paraguay,Victoria,Oficial (torneo)
Paraguay,2017-10-10,Venezuela,Paraguay 0.0-1.0 Venezuela,Derrota,Oficial (torneo)
Paraguay,2018-03-27,United States,United States 1.0-0.0 Paraguay,Derrota,Amistoso
Paraguay,2018-06-12,Japan,Japan 4.0-2.0 Paraguay,Derrota,Amistoso
Paraguay,2018-11-20,South Africa,South Africa 1.0-1.0 Paraguay,Empate,Amistoso
Paraguay,2019-03-22,Peru,Peru 1.0-0.0 Paraguay,Derrota,Amistoso
Paraguay,2019-03-26,Mexico,Paraguay 2.0-4.0 Mexico,Derrota,Amistoso
Paraguay,2019-06-05,Honduras,Paraguay 1.0-1.0 Honduras,Empate,Amistoso
Paraguay,2019-06-09,Guatemala,Paraguay 2.0-0.0 Guatemala,Victoria,Amistoso
Paraguay,2019-06-16,Qatar,Paraguay 2.0-2.0 Qatar,Empate,Otro / revisar
Paraguay,2019-06-19,Argentina,Argentina 1.0-1.0 Paraguay,Empate,Otro / revisar
Paraguay,2019-06-23,Colombia,Colombia 1.0-0.0 Paraguay,Derrota,Otro / revisar
Paraguay,2019-06-27,Brazil,Brazil 0.0-0.0 Paraguay,Empate,Otro / revisar
Paraguay,2019-09-05,Japan,Japan 2.0-0.0 Paraguay,Derrota,Otro / revisar
Paraguay,2019-09-10,Jordan,Jordan 2.0-4.0 Paraguay,Victoria,Amistoso
Paraguay,2019-10-10,Serbia,Serbia 1.0-0.0 Paraguay,Derrota,Amistoso
Paraguay,2019-10-13,Slovakia,Slovakia 1.0-1.0 Paraguay,Empate,Amistoso
Paraguay,2019-11-14,Bulgaria,Bulgaria 0.0-1.0 Paraguay,Victoria,Amistoso
Paraguay,2019-11-19,Saudi Arabia,Saudi Arabia 0.0-0.0 Paraguay,Empate,Amistoso
Paraguay,2020-10-08,Peru,Paraguay 2.0-2.0 Peru,Empate,Oficial (torneo)
Paraguay,2020-10-13,Venezuela,Venezuela 0.0-1.0 Paraguay,Victoria,Oficial (torneo)
Paraguay,2020-11-12,Argentina,Argentina 1.0-1.0 Paraguay,Empate,Oficial (torneo)
Paraguay,2020-11-17,Bolivia,Paraguay 2.0-2.0 Bolivia,Empate,Oficial (torneo)
Paraguay,2021-06-03,Uruguay,Uruguay 0.0-0.0 Paraguay,Empate,Oficial (torneo)
Paraguay,2021-06-08,Brazil,Paraguay 0.0-2.0 Brazil,Derrota,Oficial (torneo)
Paraguay,2021-06-14,Bolivia,Paraguay 3.0-1.0 Bolivia,Victoria,Otro / revisar
Paraguay,2021-06-21,Argentina,Argentina 1.0-0.0 Paraguay,Derrota,Otro / revisar
Paraguay,2021-06-24,Chile,Chile 0.0-2.0 Paraguay,Victoria,Otro / revisar
Paraguay,2021-06-28,Uruguay,Uruguay 1.0-0.0 Paraguay,Derrota,Otro / revisar
Paraguay,2021-07-02,Peru,Peru 3.0-3.0 Paraguay,Empate,Otro / revisar
Paraguay,2021-09-02,Ecuador,Ecuador 2.0-0.0 Paraguay,Derrota,Oficial (torneo)
Paraguay,2021-09-05,Colombia,Paraguay 1.0-1.0 Colombia,Empate,Oficial (torneo)
Paraguay,2021-09-09,Venezuela,Paraguay 2.0-1.0 Venezuela,Victoria,Oficial (torneo)
Paraguay,2021-10-07,Argentina,Paraguay 0.0-0.0 Argentina,Empate,Oficial (torneo)
Paraguay,2021-10-10,Chile,Chile 2.0-0.0 Paraguay,Derrota,Oficial (torneo)
Paraguay,2021-10-14,Bolivia,Bolivia 4.0-0.0 Paraguay,Derrota,Oficial (torneo)
Paraguay,2021-11-11,Chile,Paraguay 0.0-1.0 Chile,Derrota,Oficial (torneo)
Paraguay,2021-11-16,Colombia,Colombia 0.0-0.0 Paraguay,Empate,Oficial (torneo)
Paraguay,2022-01-27,Uruguay,Paraguay 0.0-1.0 Uruguay,Derrota,Oficial (torneo)
Paraguay,2022-02-01,Brazil,Brazil 4.0-0.0 Paraguay,Derrota,Oficial (torneo)
Paraguay,2022-03-24,Ecuador,Paraguay 3.0-1.0 Ecuador,Victoria,Oficial (torneo)
Paraguay,2022-03-29,Peru,Peru 2.0-0.0 Paraguay,Derrota,Oficial (torneo)
Paraguay,2022-06-02,Japan,Japan 4.0-1.0 Paraguay,Derrota,Amistoso
Paraguay,2022-06-10,South Korea,South Korea 2.0-2.0 Paraguay,Empate,Amistoso
Paraguay,2022-08-31,Mexico,Mexico 0.0-1.0 Paraguay,Victoria,Amistoso
Paraguay,2022-09-23,United Arab Emirates,Paraguay 1.0-0.0 United Arab Emirates,Victoria,Amistoso
Paraguay,2022-09-27,Morocco,Paraguay 0.0-0.0 Morocco,Empate,Amistoso
Paraguay,2022-11-16,Peru,Peru 1.0-0.0 Paraguay,Derrota,Amistoso
Paraguay,2022-11-19,Colombia,Colombia 2.0-0.0 Paraguay,Derrota,Amistoso
Paraguay,2023-03-27,Chile,Chile 3.0-2.0 Paraguay,Derrota,Amistoso
Paraguay,2023-06-18,Nicaragua,Paraguay 2.0-0.0 Nicaragua,Victoria,Amistoso
Paraguay,2023-09-07,Peru,Paraguay 0.0-0.0 Peru,Empate,Oficial (torneo)
Paraguay,2023-09-12,Venezuela,Venezuela 1.0-0.0 Paraguay,Derrota,Oficial (torneo)
Paraguay,2023-10-12,Argentina,Argentina 1.0-0.0 Paraguay,Derrota,Oficial (torneo)
Paraguay,2023-10-17,Bolivia,Paraguay 1.0-0.0 Bolivia,Victoria,Oficial (torneo)
Paraguay,2023-11-16,Chile,Chile 0.0-0.0 Paraguay,Empate,Oficial (torneo)
Paraguay,2023-11-21,Colombia,Paraguay 0.0-1.0 Colombia,Derrota,Oficial (torneo)
Paraguay,2024-06-07,Peru,Peru 0.0-0.0 Paraguay,Empate,Amistoso
Paraguay,2024-06-11,Chile,Chile 3.0-0.0 Paraguay,Derrota,Amistoso
Paraguay,2024-06-16,Panama,Panama 0.0-1.0 Paraguay,Victoria,Amistoso
Paraguay,2024-06-24,Colombia,Colombia 2.0-1.0 Paraguay,Derrota,Otro / revisar
Paraguay,2024-06-28,Brazil,Paraguay 1.0-4.0 Brazil,Derrota,Otro / revisar
Paraguay,2024-07-02,Costa Rica,Costa Rica 2.0-1.0 Paraguay,Derrota,Otro / revisar
Paraguay,2024-09-06,Uruguay,Uruguay 0.0-0.0 Paraguay,Empate,Oficial (torneo)
Paraguay,2024-09-10,Brazil,Paraguay 1.0-0.0 Brazil,Victoria,Oficial (torneo)
Paraguay,2024-10-10,Ecuador,Ecuador 0.0-0.0 Paraguay,Empate,Oficial (torneo)
Paraguay,2024-10-15,Venezuela,Paraguay 2.0-1.0 Venezuela,Victoria,Oficial (torneo)
Paraguay,2024-11-14,Argentina,Paraguay 2.0-1.0 Argentina,Victoria,Oficial (torneo)
Paraguay,2024-11-19,Bolivia,Bolivia 2.0-2.0 Paraguay,Empate,Oficial (torneo)
Paraguay,2025-03-20,Chile,Paraguay 1.0-0.0 Chile,Victoria,Oficial (torneo)
Paraguay,2025-03-25,Colombia,Colombia 2.0-2.0 Paraguay,Empate,Oficial (torneo)
Paraguay,2025-06-05,Uruguay,Paraguay 2.0-0.0 Uruguay,Victoria,Oficial (torneo)
Paraguay,2025-06-10,Brazil,Brazil 1.0-0.0 Paraguay,Derrota,Oficial (torneo)
Paraguay,2025-09-04,Ecuador,Paraguay 0.0-0.0 Ecuador,Empate,Oficial (torneo)
Paraguay,2025-09-09,Peru,Peru 0.0-1.0 Paraguay,Victoria,Oficial (torneo)
Paraguay,2025-10-10,Japan,Japan 2.0-2.0 Paraguay,Empate,Otro / revisar
Paraguay,2025-10-14,South Korea,South Korea 2.0-0.0 Paraguay,Derrota,Amistoso
Paraguay,2025-11-15,United States,United States 2.0-1.0 Paraguay,Derrota,Amistoso
Paraguay,2025-11-18,Mexico,Mexico 1.0-2.0 Paraguay,Victoria,Amistoso
Paraguay,2026-03-27,Greece,Greece 0.0-1.0 Paraguay,Victoria,Amistoso
Paraguay,2026-03-31,Morocco,Morocco 2.0-1.0 Paraguay,Derrota,Amistoso
Paraguay,2026-06-05,Nicaragua,Paraguay 4.0-0.0 Nicaragua,Victoria,Amistoso
Portugal,2016-03-25,Bulgaria,Portugal 0.0-1.0 Bulgaria,Derrota,Amistoso
Portugal,2016-03-29,Belgium,Portugal 2.0-1.0 Belgium,Victoria,Amistoso
Portugal,2016-05-29,Norway,Portugal 3.0-0.0 Norway,Victoria,Amistoso
Portugal,2016-06-02,England,England 1.0-0.0 Portugal,Derrota,Amistoso
Portugal,2016-06-08,Estonia,Portugal 7.0-0.0 Estonia,Victoria,Amistoso
Portugal,2016-06-14,Iceland,Portugal 1.0-1.0 Iceland,Empate,Oficial (torneo)
Portugal,2016-06-18,Austria,Portugal 0.0-0.0 Austria,Empate,Oficial (torneo)
Portugal,2016-06-22,Hungary,Hungary 3.0-3.0 Portugal,Empate,Oficial (torneo)
Portugal,2016-06-25,Croatia,Croatia 0.0-1.0 Portugal,Victoria,Oficial (torneo)
Portugal,2016-06-30,Poland,Poland 1.0-1.0 Portugal,Empate,Oficial (torneo)
Portugal,2016-07-06,Wales,Portugal 2.0-0.0 Wales,Victoria,Oficial (torneo)
Portugal,2016-07-10,France,France 0.0-1.0 Portugal,Victoria,Oficial (torneo)
Portugal,2016-09-01,Gibraltar,Portugal 5.0-0.0 Gibraltar,Victoria,Amistoso
Portugal,2016-09-06,Switzerland,Switzerland 2.0-0.0 Portugal,Derrota,Oficial (torneo)
Portugal,2016-10-07,Andorra,Portugal 6.0-0.0 Andorra,Victoria,Oficial (torneo)
Portugal,2016-10-10,Faroe Islands,Faroe Islands 0.0-6.0 Portugal,Victoria,Oficial (torneo)
Portugal,2016-11-13,Latvia,Portugal 4.0-1.0 Latvia,Victoria,Oficial (torneo)
Portugal,2017-03-25,Hungary,Portugal 3.0-0.0 Hungary,Victoria,Oficial (torneo)
Portugal,2017-03-28,Sweden,Portugal 2.0-3.0 Sweden,Derrota,Amistoso
Portugal,2017-06-03,Cyprus,Portugal 4.0-0.0 Cyprus,Victoria,Amistoso
Portugal,2017-06-09,Latvia,Latvia 0.0-3.0 Portugal,Victoria,Oficial (torneo)
Portugal,2017-06-18,Mexico,Portugal 2.0-2.0 Mexico,Empate,Otro / revisar
Portugal,2017-06-21,Russia,Russia 0.0-1.0 Portugal,Victoria,Otro / revisar
Portugal,2017-06-24,New Zealand,New Zealand 0.0-4.0 Portugal,Victoria,Otro / revisar
Portugal,2017-06-28,Chile,Portugal 0.0-0.0 Chile,Empate,Otro / revisar
Portugal,2017-07-02,Mexico,Portugal 2.0-1.0 Mexico,Victoria,Otro / revisar
Portugal,2017-08-31,Faroe Islands,Portugal 5.0-1.0 Faroe Islands,Victoria,Oficial (torneo)
Portugal,2017-09-03,Hungary,Hungary 0.0-1.0 Portugal,Victoria,Oficial (torneo)
Portugal,2017-10-07,Andorra,Andorra 0.0-2.0 Portugal,Victoria,Oficial (torneo)
Portugal,2017-10-10,Switzerland,Portugal 2.0-0.0 Switzerland,Victoria,Oficial (torneo)
Portugal,2017-11-10,Saudi Arabia,Portugal 3.0-0.0 Saudi Arabia,Victoria,Amistoso
Portugal,2017-11-14,United States,Portugal 1.0-1.0 United States,Empate,Amistoso
Portugal,2018-03-23,Egypt,Portugal 2.0-1.0 Egypt,Victoria,Amistoso
Portugal,2018-03-26,Netherlands,Portugal 0.0-3.0 Netherlands,Derrota,Amistoso
Portugal,2018-05-28,Tunisia,Portugal 2.0-2.0 Tunisia,Empate,Amistoso
Portugal,2018-06-02,Belgium,Belgium 0.0-0.0 Portugal,Empate,Amistoso
Portugal,2018-06-07,Algeria,Portugal 3.0-0.0 Algeria,Victoria,Amistoso
Portugal,2018-06-15,Spain,Portugal 3.0-3.0 Spain,Empate,Oficial (torneo)
Portugal,2018-06-20,Morocco,Portugal 1.0-0.0 Morocco,Victoria,Oficial (torneo)
Portugal,2018-06-25,Iran,Iran 1.0-1.0 Portugal,Empate,Oficial (torneo)
Portugal,2018-06-30,Uruguay,Uruguay 2.0-1.0 Portugal,Derrota,Oficial (torneo)
Portugal,2018-09-06,Croatia,Portugal 1.0-1.0 Croatia,Empate,Amistoso
Portugal,2018-09-10,Italy,Portugal 1.0-0.0 Italy,Victoria,Oficial (torneo)
Portugal,2018-10-11,Poland,Poland 2.0-3.0 Portugal,Victoria,Oficial (torneo)
Portugal,2018-10-14,Scotland,Scotland 1.0-3.0 Portugal,Victoria,Amistoso
Portugal,2018-11-17,Italy,Italy 0.0-0.0 Portugal,Empate,Oficial (torneo)
Portugal,2018-11-20,Poland,Portugal 1.0-1.0 Poland,Empate,Oficial (torneo)
Portugal,2019-03-22,Ukraine,Portugal 0.0-0.0 Ukraine,Empate,Oficial (torneo)
Portugal,2019-03-25,Serbia,Portugal 1.0-1.0 Serbia,Empate,Oficial (torneo)
Portugal,2019-06-05,Switzerland,Portugal 3.0-1.0 Switzerland,Victoria,Oficial (torneo)
Portugal,2019-06-09,Netherlands,Portugal 1.0-0.0 Netherlands,Victoria,Oficial (torneo)
Portugal,2019-09-07,Serbia,Serbia 2.0-4.0 Portugal,Victoria,Oficial (torneo)
Portugal,2019-09-10,Lithuania,Lithuania 1.0-5.0 Portugal,Victoria,Oficial (torneo)
Portugal,2019-10-11,Luxembourg,Portugal 3.0-0.0 Luxembourg,Victoria,Oficial (torneo)
Portugal,2019-10-14,Ukraine,Ukraine 2.0-1.0 Portugal,Derrota,Oficial (torneo)
Portugal,2019-11-14,Lithuania,Portugal 6.0-0.0 Lithuania,Victoria,Oficial (torneo)
Portugal,2019-11-17,Luxembourg,Luxembourg 0.0-2.0 Portugal,Victoria,Oficial (torneo)
Portugal,2020-09-05,Croatia,Portugal 4.0-1.0 Croatia,Victoria,Oficial (torneo)
Portugal,2020-09-08,Sweden,Sweden 0.0-2.0 Portugal,Victoria,Oficial (torneo)
Portugal,2020-10-07,Spain,Portugal 0.0-0.0 Spain,Empate,Amistoso
Portugal,2020-10-11,France,France 0.0-0.0 Portugal,Empate,Oficial (torneo)
Portugal,2020-10-14,Sweden,Portugal 3.0-0.0 Sweden,Victoria,Oficial (torneo)
Portugal,2020-11-11,Andorra,Portugal 7.0-0.0 Andorra,Victoria,Amistoso
Portugal,2020-11-14,France,Portugal 0.0-1.0 France,Derrota,Oficial (torneo)
Portugal,2020-11-17,Croatia,Croatia 2.0-3.0 Portugal,Victoria,Oficial (torneo)
Portugal,2021-03-24,Azerbaijan,Portugal 1.0-0.0 Azerbaijan,Victoria,Oficial (torneo)
Portugal,2021-03-27,Serbia,Serbia 2.0-2.0 Portugal,Empate,Oficial (torneo)
Portugal,2021-03-30,Luxembourg,Luxembourg 1.0-3.0 Portugal,Victoria,Oficial (torneo)
Portugal,2021-06-04,Spain,Spain 0.0-0.0 Portugal,Empate,Amistoso
Portugal,2021-06-09,Israel,Portugal 4.0-0.0 Israel,Victoria,Amistoso
Portugal,2021-06-15,Hungary,Hungary 0.0-3.0 Portugal,Victoria,Oficial (torneo)
Portugal,2021-06-19,Germany,Germany 4.0-2.0 Portugal,Derrota,Oficial (torneo)
Portugal,2021-06-23,France,Portugal 2.0-2.0 France,Empate,Oficial (torneo)
Portugal,2021-06-27,Belgium,Belgium 1.0-0.0 Portugal,Derrota,Oficial (torneo)
Portugal,2021-09-01,Republic of Ireland,Portugal 2.0-1.0 Republic of Ireland,Victoria,Oficial (torneo)
Portugal,2021-09-04,Qatar,Qatar 1.0-3.0 Portugal,Victoria,Amistoso
Portugal,2021-09-07,Azerbaijan,Azerbaijan 0.0-3.0 Portugal,Victoria,Oficial (torneo)
Portugal,2021-10-09,Qatar,Portugal 3.0-0.0 Qatar,Victoria,Amistoso
Portugal,2021-10-12,Luxembourg,Portugal 5.0-0.0 Luxembourg,Victoria,Oficial (torneo)
Portugal,2021-11-11,Republic of Ireland,Republic of Ireland 0.0-0.0 Portugal,Empate,Oficial (torneo)
Portugal,2021-11-14,Serbia,Portugal 1.0-2.0 Serbia,Derrota,Oficial (torneo)
Portugal,2022-03-24,Turkey,Portugal 3.0-1.0 Turkey,Victoria,Oficial (torneo)
Portugal,2022-03-29,North Macedonia,Portugal 2.0-0.0 North Macedonia,Victoria,Oficial (torneo)
Portugal,2022-06-02,Spain,Spain 1.0-1.0 Portugal,Empate,Oficial (torneo)
Portugal,2022-06-05,Switzerland,Portugal 4.0-0.0 Switzerland,Victoria,Oficial (torneo)
Portugal,2022-06-09,Czech Republic,Portugal 2.0-0.0 Czech Republic,Victoria,Oficial (torneo)
Portugal,2022-06-12,Switzerland,Switzerland 1.0-0.0 Portugal,Derrota,Oficial (torneo)
Portugal,2022-09-24,Czech Republic,Czech Republic 0.0-4.0 Portugal,Victoria,Oficial (torneo)
Portugal,2022-09-27,Spain,Portugal 0.0-1.0 Spain,Derrota,Oficial (torneo)
Portugal,2022-11-17,Nigeria,Portugal 4.0-0.0 Nigeria,Victoria,Amistoso
Portugal,2022-11-24,Ghana,Portugal 3.0-2.0 Ghana,Victoria,Oficial (torneo)
Portugal,2022-11-28,Uruguay,Portugal 2.0-0.0 Uruguay,Victoria,Oficial (torneo)
Portugal,2022-12-02,South Korea,South Korea 2.0-1.0 Portugal,Derrota,Oficial (torneo)
Portugal,2022-12-06,Switzerland,Portugal 6.0-1.0 Switzerland,Victoria,Oficial (torneo)
Portugal,2022-12-10,Morocco,Morocco 1.0-0.0 Portugal,Derrota,Oficial (torneo)
Portugal,2023-03-23,Liechtenstein,Portugal 4.0-0.0 Liechtenstein,Victoria,Oficial (torneo)
Portugal,2023-03-26,Luxembourg,Luxembourg 0.0-6.0 Portugal,Victoria,Oficial (torneo)
Portugal,2023-06-17,Bosnia and Herzegovina,Portugal 3.0-0.0 Bosnia and Herzegovina,Victoria,Oficial (torneo)
Portugal,2023-06-20,Iceland,Iceland 0.0-1.0 Portugal,Victoria,Oficial (torneo)
Portugal,2023-09-08,Slovakia,Slovakia 0.0-1.0 Portugal,Victoria,Oficial (torneo)
Portugal,2023-09-11,Luxembourg,Portugal 9.0-0.0 Luxembourg,Victoria,Oficial (torneo)
Portugal,2023-10-13,Slovakia,Portugal 3.0-2.0 Slovakia,Victoria,Oficial (torneo)
Portugal,2023-10-16,Bosnia and Herzegovina,Bosnia and Herzegovina 0.0-5.0 Portugal,Victoria,Oficial (torneo)
Portugal,2023-11-16,Liechtenstein,Liechtenstein 0.0-2.0 Portugal,Victoria,Oficial (torneo)
Portugal,2023-11-19,Iceland,Portugal 2.0-0.0 Iceland,Victoria,Oficial (torneo)
Portugal,2024-03-21,Sweden,Portugal 5.0-2.0 Sweden,Victoria,Amistoso
Portugal,2024-03-26,Slovenia,Slovenia 2.0-0.0 Portugal,Derrota,Amistoso
Portugal,2024-06-04,Finland,Portugal 4.0-2.0 Finland,Victoria,Amistoso
Portugal,2024-06-08,Croatia,Portugal 1.0-2.0 Croatia,Derrota,Amistoso
Portugal,2024-06-11,Republic of Ireland,Portugal 3.0-0.0 Republic of Ireland,Victoria,Amistoso
Portugal,2024-06-18,Czech Republic,Portugal 2.0-1.0 Czech Republic,Victoria,Oficial (torneo)
Portugal,2024-06-22,Turkey,Turkey 0.0-3.0 Portugal,Victoria,Oficial (torneo)
Portugal,2024-06-26,Georgia,Georgia 2.0-0.0 Portugal,Derrota,Oficial (torneo)
Portugal,2024-07-01,Slovenia,Portugal 0.0-0.0 Slovenia,Empate,Oficial (torneo)
Portugal,2024-07-05,France,Portugal 0.0-0.0 France,Empate,Oficial (torneo)
Portugal,2024-09-05,Croatia,Portugal 2.0-1.0 Croatia,Victoria,Oficial (torneo)
Portugal,2024-09-08,Scotland,Portugal 2.0-1.0 Scotland,Victoria,Oficial (torneo)
Portugal,2024-10-12,Poland,Poland 1.0-3.0 Portugal,Victoria,Oficial (torneo)
Portugal,2024-10-15,Scotland,Scotland 0.0-0.0 Portugal,Empate,Oficial (torneo)
Portugal,2024-11-15,Poland,Portugal 5.0-1.0 Poland,Victoria,Oficial (torneo)
Portugal,2024-11-18,Croatia,Croatia 1.0-1.0 Portugal,Empate,Oficial (torneo)
Portugal,2025-03-20,Denmark,Denmark 1.0-0.0 Portugal,Derrota,Oficial (torneo)
Portugal,2025-03-23,Denmark,Portugal 5.0-2.0 Denmark,Victoria,Oficial (torneo)
Portugal,2025-06-04,Germany,Germany 1.0-2.0 Portugal,Victoria,Oficial (torneo)
Portugal,2025-06-08,Spain,Portugal 2.0-2.0 Spain,Empate,Oficial (torneo)
Portugal,2025-09-06,Armenia,Armenia 0.0-5.0 Portugal,Victoria,Oficial (torneo)
Portugal,2025-09-09,Hungary,Hungary 2.0-3.0 Portugal,Victoria,Oficial (torneo)
Portugal,2025-10-11,Republic of Ireland,Portugal 1.0-0.0 Republic of Ireland,Victoria,Oficial (torneo)
Portugal,2025-10-14,Hungary,Portugal 2.0-2.0 Hungary,Empate,Oficial (torneo)
Portugal,2025-11-13,Republic of Ireland,Republic of Ireland 2.0-0.0 Portugal,Derrota,Oficial (torneo)
Portugal,2025-11-16,Armenia,Portugal 9.0-1.0 Armenia,Victoria,Oficial (torneo)
Portugal,2026-03-28,Mexico,Mexico 0.0-0.0 Portugal,Empate,Amistoso
Portugal,2026-03-31,United States,United States 0.0-2.0 Portugal,Victoria,Amistoso
Portugal,2026-06-06,Chile,Portugal 2.0-1.0 Chile,Victoria,Amistoso
Portugal,2026-06-10,Nigeria,Portugal 2.0-1.0 Nigeria,Victoria,Amistoso
Qatar,2016-03-24,Hong Kong,Qatar 2.0-0.0 Hong Kong,Victoria,Oficial (torneo)
Qatar,2016-03-29,China,China 2.0-0.0 Qatar,Derrota,Oficial (torneo)
Qatar,2016-05-29,Albania,Albania 3.0-1.0 Qatar,Derrota,Amistoso
Qatar,2016-08-08,Iraq,Qatar 2.0-1.0 Iraq,Victoria,Amistoso
Qatar,2016-08-18,Jordan,Jordan 2.0-3.0 Qatar,Victoria,Amistoso
Qatar,2016-09-01,Iran,Iran 2.0-0.0 Qatar,Derrota,Oficial (torneo)
Qatar,2016-09-06,Uzbekistan,Qatar 0.0-1.0 Uzbekistan,Derrota,Oficial (torneo)
Qatar,2016-09-29,Serbia,Qatar 3.0-0.0 Serbia,Victoria,Amistoso
Qatar,2016-10-06,South Korea,South Korea 3.0-2.0 Qatar,Derrota,Oficial (torneo)
Qatar,2016-10-11,Syria,Qatar 1.0-0.0 Syria,Victoria,Oficial (torneo)
Qatar,2016-11-10,Russia,Qatar 2.0-1.0 Russia,Victoria,Amistoso
Qatar,2016-11-15,China,China 0.0-0.0 Qatar,Empate,Oficial (torneo)
Qatar,2017-01-17,Moldova,Qatar 1.0-1.0 Moldova,Empate,Amistoso
Qatar,2017-03-09,Azerbaijan,Qatar 1.0-2.0 Azerbaijan,Derrota,Amistoso
Qatar,2017-03-23,Iran,Qatar 0.0-1.0 Iran,Derrota,Oficial (torneo)
Qatar,2017-03-28,Uzbekistan,Uzbekistan 1.0-0.0 Qatar,Derrota,Oficial (torneo)
Qatar,2017-06-06,North Korea,Qatar 2.0-2.0 North Korea,Empate,Amistoso
Qatar,2017-06-13,South Korea,Qatar 3.0-2.0 South Korea,Victoria,Oficial (torneo)
Qatar,2017-08-16,Andorra,Andorra 0.0-1.0 Qatar,Victoria,Amistoso
Qatar,2017-08-23,Turkmenistan,Qatar 2.0-1.0 Turkmenistan,Victoria,Amistoso
Qatar,2017-08-31,Syria,Syria 3.0-1.0 Qatar,Derrota,Oficial (torneo)
Qatar,2017-09-05,China,Qatar 1.0-2.0 China,Derrota,Oficial (torneo)
Qatar,2017-10-05,Singapore,Qatar 3.0-1.0 Singapore,Victoria,Amistoso
Qatar,2017-10-10,Curaçao,Qatar 1.0-2.0 Curaçao,Derrota,Amistoso
Qatar,2017-11-11,Czech Republic,Qatar 0.0-1.0 Czech Republic,Derrota,Amistoso
Qatar,2017-11-14,Iceland,Qatar 1.0-1.0 Iceland,Empate,Amistoso
Qatar,2017-12-14,Liechtenstein,Qatar 1.0-2.0 Liechtenstein,Derrota,Amistoso
Qatar,2017-12-23,Yemen,Qatar 4.0-0.0 Yemen,Victoria,Otro / revisar
Qatar,2017-12-26,Iraq,Iraq 2.0-1.0 Qatar,Derrota,Otro / revisar
Qatar,2017-12-29,Bahrain,Qatar 1.0-1.0 Bahrain,Empate,Otro / revisar
Qatar,2018-03-21,Iraq,Iraq 2.0-3.0 Qatar,Victoria,Amistoso
Qatar,2018-03-24,Syria,Qatar 2.0-2.0 Syria,Empate,Amistoso
Qatar,2018-09-07,China,Qatar 1.0-0.0 China,Victoria,Amistoso
Qatar,2018-09-11,Palestine,Qatar 3.0-0.0 Palestine,Victoria,Amistoso
Qatar,2018-10-12,Ecuador,Qatar 4.0-3.0 Ecuador,Victoria,Amistoso
Qatar,2018-10-16,Uzbekistan,Uzbekistan 2.0-0.0 Qatar,Derrota,Amistoso
Qatar,2018-11-14,Switzerland,Switzerland 0.0-1.0 Qatar,Victoria,Amistoso
Qatar,2018-11-19,Iceland,Iceland 2.0-2.0 Qatar,Empate,Amistoso
Qatar,2018-12-23,Jordan,Qatar 2.0-0.0 Jordan,Victoria,Amistoso
Qatar,2018-12-25,Kyrgyzstan,Qatar 1.0-0.0 Kyrgyzstan,Victoria,Amistoso
Qatar,2018-12-27,Algeria,Qatar 0.0-1.0 Algeria,Derrota,Amistoso
Qatar,2018-12-31,Iran,Qatar 1.0-2.0 Iran,Derrota,Amistoso
Qatar,2019-01-09,Lebanon,Qatar 2.0-0.0 Lebanon,Victoria,Oficial (torneo)
Qatar,2019-01-13,North Korea,North Korea 0.0-6.0 Qatar,Victoria,Oficial (torneo)
Qatar,2019-01-17,Saudi Arabia,Saudi Arabia 0.0-2.0 Qatar,Victoria,Oficial (torneo)
Qatar,2019-01-22,Iraq,Qatar 1.0-0.0 Iraq,Victoria,Oficial (torneo)
Qatar,2019-01-25,South Korea,South Korea 0.0-1.0 Qatar,Victoria,Oficial (torneo)
Qatar,2019-01-29,United Arab Emirates,United Arab Emirates 0.0-4.0 Qatar,Victoria,Oficial (torneo)
Qatar,2019-02-01,Japan,Japan 1.0-3.0 Qatar,Victoria,Oficial (torneo)
Qatar,2019-06-05,Brazil,Brazil 2.0-0.0 Qatar,Derrota,Amistoso
Qatar,2019-06-16,Paraguay,Paraguay 2.0-2.0 Qatar,Empate,Otro / revisar
Qatar,2019-06-19,Colombia,Colombia 1.0-0.0 Qatar,Derrota,Otro / revisar
Qatar,2019-06-23,Argentina,Qatar 0.0-2.0 Argentina,Derrota,Otro / revisar
Qatar,2019-09-05,Afghanistan,Qatar 6.0-0.0 Afghanistan,Victoria,Oficial (torneo)
Qatar,2019-09-10,India,Qatar 0.0-0.0 India,Empate,Oficial (torneo)
Qatar,2019-10-10,Bangladesh,Bangladesh 0.0-2.0 Qatar,Victoria,Oficial (torneo)
Qatar,2019-10-15,Oman,Qatar 2.0-1.0 Oman,Victoria,Oficial (torneo)
Qatar,2019-11-14,Singapore,Qatar 2.0-0.0 Singapore,Victoria,Amistoso
Qatar,2019-11-19,Afghanistan,Afghanistan 0.0-1.0 Qatar,Victoria,Oficial (torneo)
Qatar,2019-11-26,Iraq,Qatar 1.0-2.0 Iraq,Derrota,Otro / revisar
Qatar,2019-11-29,Yemen,Qatar 6.0-0.0 Yemen,Victoria,Otro / revisar
Qatar,2019-12-02,United Arab Emirates,Qatar 4.0-2.0 United Arab Emirates,Victoria,Otro / revisar
Qatar,2019-12-05,Saudi Arabia,Qatar 0.0-1.0 Saudi Arabia,Derrota,Otro / revisar
Qatar,2020-10-12,Ghana,Ghana 5.0-1.0 Qatar,Derrota,Amistoso
Qatar,2020-11-13,Costa Rica,Costa Rica 1.0-1.0 Qatar,Empate,Amistoso
Qatar,2020-11-17,South Korea,South Korea 2.0-1.0 Qatar,Derrota,Amistoso
Qatar,2020-12-04,Bangladesh,Qatar 5.0-0.0 Bangladesh,Victoria,Oficial (torneo)
Qatar,2021-03-24,Luxembourg,Qatar 1.0-0.0 Luxembourg,Victoria,Amistoso
Qatar,2021-03-27,Azerbaijan,Qatar 2.0-1.0 Azerbaijan,Victoria,Amistoso
Qatar,2021-03-30,Republic of Ireland,Republic of Ireland 1.0-1.0 Qatar,Empate,Amistoso
Qatar,2021-06-03,India,Qatar 1.0-0.0 India,Victoria,Oficial (torneo)
Qatar,2021-06-07,Oman,Qatar 1.0-0.0 Oman,Victoria,Oficial (torneo)
Qatar,2021-07-04,El Salvador,Qatar 1.0-0.0 El Salvador,Victoria,Amistoso
Qatar,2021-07-13,Panama,Qatar 3.0-3.0 Panama,Empate,Oficial (torneo)
Qatar,2021-07-17,Grenada,Grenada 0.0-4.0 Qatar,Victoria,Oficial (torneo)
Qatar,2021-07-20,Honduras,Honduras 0.0-2.0 Qatar,Victoria,Oficial (torneo)
Qatar,2021-07-24,El Salvador,Qatar 3.0-2.0 El Salvador,Victoria,Oficial (torneo)
Qatar,2021-07-29,United States,United States 1.0-0.0 Qatar,Derrota,Oficial (torneo)
Qatar,2021-09-01,Serbia,Qatar 0.0-4.0 Serbia,Derrota,Amistoso
Qatar,2021-09-04,Portugal,Qatar 1.0-3.0 Portugal,Derrota,Amistoso
Qatar,2021-09-07,Luxembourg,Luxembourg 1.0-1.0 Qatar,Empate,Amistoso
Qatar,2021-10-09,Portugal,Portugal 3.0-0.0 Qatar,Derrota,Amistoso
Qatar,2021-10-12,Republic of Ireland,Republic of Ireland 4.0-0.0 Qatar,Derrota,Amistoso
Qatar,2021-11-11,Serbia,Serbia 4.0-0.0 Qatar,Derrota,Amistoso
Qatar,2021-11-14,Azerbaijan,Azerbaijan 2.0-2.0 Qatar,Empate,Amistoso
Qatar,2021-11-30,Bahrain,Qatar 1.0-0.0 Bahrain,Victoria,Otro / revisar
Qatar,2021-12-03,Oman,Qatar 2.0-1.0 Oman,Victoria,Otro / revisar
Qatar,2021-12-06,Iraq,Qatar 3.0-0.0 Iraq,Victoria,Otro / revisar
Qatar,2021-12-10,United Arab Emirates,Qatar 5.0-0.0 United Arab Emirates,Victoria,Otro / revisar
Qatar,2021-12-15,Algeria,Qatar 1.0-2.0 Algeria,Derrota,Otro / revisar
Qatar,2021-12-18,Egypt,Qatar 0.0-0.0 Egypt,Empate,Otro / revisar
Qatar,2022-03-26,Bulgaria,Qatar 2.0-1.0 Bulgaria,Victoria,Amistoso
Qatar,2022-03-29,Slovenia,Qatar 0.0-0.0 Slovenia,Empate,Amistoso
Qatar,2022-09-23,Canada,Canada 2.0-0.0 Qatar,Derrota,Amistoso
Qatar,2022-09-27,Chile,Qatar 2.0-2.0 Chile,Empate,Amistoso
Qatar,2022-10-23,Guatemala,Qatar 2.0-0.0 Guatemala,Victoria,Amistoso
Qatar,2022-10-27,Honduras,Qatar 1.0-0.0 Honduras,Victoria,Amistoso
Qatar,2022-11-07,Panama,Qatar 2.0-1.0 Panama,Victoria,Amistoso
Qatar,2022-11-09,Albania,Albania 0.0-1.0 Qatar,Victoria,Amistoso
Qatar,2022-11-20,Ecuador,Qatar 0.0-2.0 Ecuador,Derrota,Oficial (torneo)
Qatar,2022-11-25,Senegal,Qatar 1.0-3.0 Senegal,Derrota,Oficial (torneo)
Qatar,2022-11-29,Netherlands,Qatar 0.0-2.0 Netherlands,Derrota,Oficial (torneo)
Qatar,2023-01-07,Kuwait,Kuwait 0.0-2.0 Qatar,Victoria,Otro / revisar
Qatar,2023-01-10,Bahrain,Qatar 1.0-2.0 Bahrain,Derrota,Otro / revisar
Qatar,2023-01-13,United Arab Emirates,Qatar 1.0-1.0 United Arab Emirates,Empate,Otro / revisar
Qatar,2023-01-16,Iraq,Iraq 2.0-1.0 Qatar,Derrota,Otro / revisar
Qatar,2023-06-15,Jamaica,Jamaica 1.0-2.0 Qatar,Victoria,Amistoso
Qatar,2023-06-25,Haiti,Haiti 2.0-1.0 Qatar,Derrota,Oficial (torneo)
Qatar,2023-06-29,Honduras,Qatar 1.0-1.0 Honduras,Empate,Oficial (torneo)
Qatar,2023-07-02,Mexico,Mexico 0.0-1.0 Qatar,Victoria,Oficial (torneo)
Qatar,2023-07-08,Panama,Panama 4.0-0.0 Qatar,Derrota,Oficial (torneo)
Qatar,2023-09-07,Kenya,Qatar 1.0-2.0 Kenya,Derrota,Amistoso
Qatar,2023-09-12,Russia,Qatar 1.0-1.0 Russia,Empate,Amistoso
Qatar,2023-10-13,Iraq,Iraq 0.0-0.0 Qatar,Empate,Amistoso
Qatar,2023-11-16,Afghanistan,Qatar 8.0-1.0 Afghanistan,Victoria,Oficial (torneo)
Qatar,2023-11-21,India,India 0.0-3.0 Qatar,Victoria,Oficial (torneo)
Qatar,2024-01-05,Jordan,Qatar 1.0-2.0 Jordan,Derrota,Amistoso
Qatar,2024-01-12,Lebanon,Qatar 3.0-0.0 Lebanon,Victoria,Oficial (torneo)
Qatar,2024-01-17,Tajikistan,Qatar 1.0-0.0 Tajikistan,Victoria,Oficial (torneo)
Qatar,2024-01-22,China,Qatar 1.0-0.0 China,Victoria,Oficial (torneo)
Qatar,2024-01-29,Palestine,Qatar 2.0-1.0 Palestine,Victoria,Oficial (torneo)
Qatar,2024-02-03,Uzbekistan,Qatar 1.0-1.0 Uzbekistan,Empate,Oficial (torneo)
Qatar,2024-02-07,Iran,Qatar 3.0-2.0 Iran,Victoria,Oficial (torneo)
Qatar,2024-02-10,Jordan,Qatar 3.0-1.0 Jordan,Victoria,Oficial (torneo)
Qatar,2024-03-21,Kuwait,Qatar 3.0-0.0 Kuwait,Victoria,Oficial (torneo)
Qatar,2024-03-26,Kuwait,Kuwait 1.0-2.0 Qatar,Victoria,Oficial (torneo)
Qatar,2024-06-06,Afghanistan,Afghanistan 0.0-0.0 Qatar,Empate,Oficial (torneo)
Qatar,2024-06-11,India,Qatar 2.0-1.0 India,Victoria,Oficial (torneo)
Qatar,2024-09-05,United Arab Emirates,Qatar 1.0-3.0 United Arab Emirates,Derrota,Oficial (torneo)
Qatar,2024-09-10,North Korea,North Korea 2.0-2.0 Qatar,Empate,Oficial (torneo)
Qatar,2024-10-10,Kyrgyzstan,Qatar 3.0-1.0 Kyrgyzstan,Victoria,Oficial (torneo)
Qatar,2024-10-15,Iran,Iran 4.0-1.0 Qatar,Derrota,Oficial (torneo)
Qatar,2024-11-14,Uzbekistan,Qatar 3.0-2.0 Uzbekistan,Victoria,Oficial (torneo)
Qatar,2024-11-19,United Arab Emirates,United Arab Emirates 5.0-0.0 Qatar,Derrota,Oficial (torneo)
Qatar,2024-12-21,United Arab Emirates,Qatar 1.0-1.0 United Arab Emirates,Empate,Otro / revisar
Qatar,2024-12-24,Oman,Oman 2.0-1.0 Qatar,Derrota,Otro / revisar
Qatar,2024-12-27,Kuwait,Kuwait 1.0-1.0 Qatar,Empate,Otro / revisar
Qatar,2025-03-20,North Korea,Qatar 5.0-1.0 North Korea,Victoria,Oficial (torneo)
Qatar,2025-03-25,Kyrgyzstan,Kyrgyzstan 3.0-1.0 Qatar,Derrota,Oficial (torneo)
Qatar,2025-06-05,Iran,Qatar 1.0-0.0 Iran,Victoria,Oficial (torneo)
Qatar,2025-06-10,Uzbekistan,Uzbekistan 3.0-0.0 Qatar,Derrota,Oficial (torneo)
Qatar,2025-08-24,Lebanon,Qatar 2.0-2.0 Lebanon,Empate,Amistoso
Qatar,2025-09-03,Bahrain,Qatar 2.0-2.0 Bahrain,Empate,Amistoso
Qatar,2025-09-07,Russia,Qatar 1.0-4.0 Russia,Derrota,Amistoso
Qatar,2025-10-08,Oman,Qatar 0.0-0.0 Oman,Empate,Oficial (torneo)
Qatar,2025-10-14,United Arab Emirates,Qatar 2.0-1.0 United Arab Emirates,Victoria,Oficial (torneo)
Qatar,2025-11-17,Zimbabwe,Qatar 1.0-2.0 Zimbabwe,Derrota,Amistoso
Qatar,2025-12-01,Palestine,Qatar 0.0-1.0 Palestine,Derrota,Otro / revisar
Qatar,2025-12-04,Syria,Qatar 1.0-1.0 Syria,Empate,Otro / revisar
Qatar,2025-12-07,Tunisia,Qatar 0.0-3.0 Tunisia,Derrota,Otro / revisar
Qatar,2026-05-28,Republic of Ireland,Republic of Ireland 1.0-0.0 Qatar,Derrota,Amistoso
Qatar,2026-06-06,El Salvador,Qatar 0.0-0.0 El Salvador,Empate,Amistoso
Saudi Arabia,2016-03-24,Malaysia,Saudi Arabia 2.0-0.0 Malaysia,Victoria,Oficial (torneo)
Saudi Arabia,2016-03-29,United Arab Emirates,United Arab Emirates 1.0-1.0 Saudi Arabia,Empate,Oficial (torneo)
Saudi Arabia,2016-08-24,Laos,Saudi Arabia 4.0-0.0 Laos,Victoria,Amistoso
Saudi Arabia,2016-09-01,Thailand,Saudi Arabia 1.0-0.0 Thailand,Victoria,Oficial (torneo)
Saudi Arabia,2016-09-06,Iraq,Iraq 1.0-2.0 Saudi Arabia,Victoria,Oficial (torneo)
Saudi Arabia,2016-10-06,Australia,Saudi Arabia 2.0-2.0 Australia,Empate,Oficial (torneo)
Saudi Arabia,2016-10-11,United Arab Emirates,Saudi Arabia 3.0-0.0 United Arab Emirates,Victoria,Oficial (torneo)
Saudi Arabia,2016-11-15,Japan,Japan 2.0-1.0 Saudi Arabia,Derrota,Oficial (torneo)
Saudi Arabia,2017-01-14,Cambodia,Cambodia 2.0-7.0 Saudi Arabia,Victoria,Amistoso
Saudi Arabia,2017-03-23,Thailand,Thailand 0.0-3.0 Saudi Arabia,Victoria,Oficial (torneo)
Saudi Arabia,2017-03-28,Iraq,Saudi Arabia 1.0-0.0 Iraq,Victoria,Oficial (torneo)
Saudi Arabia,2017-06-08,Australia,Australia 3.0-2.0 Saudi Arabia,Derrota,Oficial (torneo)
Saudi Arabia,2017-08-29,United Arab Emirates,United Arab Emirates 2.0-1.0 Saudi Arabia,Derrota,Oficial (torneo)
Saudi Arabia,2017-09-05,Japan,Saudi Arabia 1.0-0.0 Japan,Victoria,Oficial (torneo)
Saudi Arabia,2017-10-07,Jamaica,Saudi Arabia 5.0-2.0 Jamaica,Victoria,Amistoso
Saudi Arabia,2017-10-10,Ghana,Saudi Arabia 0.0-3.0 Ghana,Derrota,Amistoso
Saudi Arabia,2017-11-10,Portugal,Portugal 3.0-0.0 Saudi Arabia,Derrota,Amistoso
Saudi Arabia,2017-11-13,Bulgaria,Bulgaria 1.0-0.0 Saudi Arabia,Derrota,Amistoso
Saudi Arabia,2017-12-22,Kuwait,Kuwait 1.0-2.0 Saudi Arabia,Victoria,Otro / revisar
Saudi Arabia,2017-12-25,United Arab Emirates,United Arab Emirates 0.0-0.0 Saudi Arabia,Empate,Otro / revisar
Saudi Arabia,2017-12-28,Oman,Saudi Arabia 0.0-2.0 Oman,Derrota,Otro / revisar
Saudi Arabia,2018-02-26,Moldova,Saudi Arabia 3.0-0.0 Moldova,Victoria,Amistoso
Saudi Arabia,2018-02-28,Iraq,Iraq 4.0-1.0 Saudi Arabia,Derrota,Amistoso
Saudi Arabia,2018-03-23,Ukraine,Ukraine 1.0-1.0 Saudi Arabia,Empate,Amistoso
Saudi Arabia,2018-03-27,Belgium,Belgium 4.0-0.0 Saudi Arabia,Derrota,Amistoso
Saudi Arabia,2018-05-09,Algeria,Algeria 0.0-2.0 Saudi Arabia,Victoria,Amistoso
Saudi Arabia,2018-05-15,Greece,Saudi Arabia 2.0-0.0 Greece,Victoria,Amistoso
Saudi Arabia,2018-05-28,Italy,Italy 2.0-1.0 Saudi Arabia,Derrota,Amistoso
Saudi Arabia,2018-06-03,Peru,Saudi Arabia 0.0-3.0 Peru,Derrota,Amistoso
Saudi Arabia,2018-06-08,Germany,Germany 2.0-1.0 Saudi Arabia,Derrota,Amistoso
Saudi Arabia,2018-06-14,Russia,Russia 5.0-0.0 Saudi Arabia,Derrota,Oficial (torneo)
Saudi Arabia,2018-06-20,Uruguay,Uruguay 1.0-0.0 Saudi Arabia,Derrota,Oficial (torneo)
Saudi Arabia,2018-06-25,Egypt,Saudi Arabia 2.0-1.0 Egypt,Victoria,Oficial (torneo)
Saudi Arabia,2018-09-10,Bolivia,Saudi Arabia 2.0-2.0 Bolivia,Empate,Amistoso
Saudi Arabia,2018-10-12,Brazil,Saudi Arabia 0.0-2.0 Brazil,Derrota,Amistoso
Saudi Arabia,2018-10-15,Iraq,Saudi Arabia 1.0-1.0 Iraq,Empate,Amistoso
Saudi Arabia,2018-11-16,Yemen,Saudi Arabia 1.0-0.0 Yemen,Victoria,Amistoso
Saudi Arabia,2018-11-20,Jordan,Jordan 1.0-1.0 Saudi Arabia,Empate,Amistoso
Saudi Arabia,2018-12-31,South Korea,South Korea 0.0-0.0 Saudi Arabia,Empate,Amistoso
Saudi Arabia,2019-01-08,North Korea,Saudi Arabia 4.0-0.0 North Korea,Victoria,Oficial (torneo)
Saudi Arabia,2019-01-12,Lebanon,Lebanon 0.0-2.0 Saudi Arabia,Victoria,Oficial (torneo)
Saudi Arabia,2019-01-17,Qatar,Saudi Arabia 0.0-2.0 Qatar,Derrota,Oficial (torneo)
Saudi Arabia,2019-01-21,Japan,Japan 1.0-0.0 Saudi Arabia,Derrota,Oficial (torneo)
Saudi Arabia,2019-03-21,United Arab Emirates,United Arab Emirates 2.0-1.0 Saudi Arabia,Derrota,Amistoso
Saudi Arabia,2019-03-25,Equatorial Guinea,Saudi Arabia 3.0-2.0 Equatorial Guinea,Victoria,Amistoso
Saudi Arabia,2019-08-04,Kuwait,Saudi Arabia 1.0-2.0 Kuwait,Derrota,Otro / revisar
Saudi Arabia,2019-08-07,Bahrain,Bahrain 0.0-0.0 Saudi Arabia,Empate,Otro / revisar
Saudi Arabia,2019-08-10,Jordan,Jordan 3.0-0.0 Saudi Arabia,Derrota,Otro / revisar
Saudi Arabia,2019-09-05,Mali,Saudi Arabia 1.0-1.0 Mali,Empate,Amistoso
Saudi Arabia,2019-09-10,Yemen,Yemen 2.0-2.0 Saudi Arabia,Empate,Oficial (torneo)
Saudi Arabia,2019-10-10,Singapore,Saudi Arabia 3.0-0.0 Singapore,Victoria,Oficial (torneo)
Saudi Arabia,2019-10-15,Palestine,Palestine 0.0-0.0 Saudi Arabia,Empate,Oficial (torneo)
Saudi Arabia,2019-11-14,Uzbekistan,Uzbekistan 2.0-3.0 Saudi Arabia,Victoria,Oficial (torneo)
Saudi Arabia,2019-11-19,Paraguay,Saudi Arabia 0.0-0.0 Paraguay,Empate,Amistoso
Saudi Arabia,2019-11-27,Kuwait,Saudi Arabia 1.0-3.0 Kuwait,Derrota,Otro / revisar
Saudi Arabia,2019-11-30,Bahrain,Bahrain 0.0-2.0 Saudi Arabia,Victoria,Otro / revisar
Saudi Arabia,2019-12-02,Oman,Oman 1.0-3.0 Saudi Arabia,Victoria,Otro / revisar
Saudi Arabia,2019-12-05,Qatar,Qatar 0.0-1.0 Saudi Arabia,Victoria,Otro / revisar
Saudi Arabia,2019-12-08,Bahrain,Bahrain 1.0-0.0 Saudi Arabia,Derrota,Otro / revisar
Saudi Arabia,2020-11-14,Jamaica,Saudi Arabia 3.0-0.0 Jamaica,Victoria,Amistoso
Saudi Arabia,2020-11-17,Jamaica,Saudi Arabia 1.0-2.0 Jamaica,Derrota,Amistoso
Saudi Arabia,2021-03-25,Kuwait,Saudi Arabia 1.0-0.0 Kuwait,Victoria,Amistoso
Saudi Arabia,2021-03-30,Palestine,Saudi Arabia 5.0-0.0 Palestine,Victoria,Oficial (torneo)
Saudi Arabia,2021-06-05,Yemen,Saudi Arabia 3.0-0.0 Yemen,Victoria,Oficial (torneo)
Saudi Arabia,2021-06-11,Singapore,Saudi Arabia 3.0-0.0 Singapore,Victoria,Oficial (torneo)
Saudi Arabia,2021-06-15,Uzbekistan,Saudi Arabia 3.0-0.0 Uzbekistan,Victoria,Oficial (torneo)
Saudi Arabia,2021-09-02,Vietnam,Saudi Arabia 3.0-1.0 Vietnam,Victoria,Oficial (torneo)
Saudi Arabia,2021-09-07,Oman,Oman 0.0-1.0 Saudi Arabia,Victoria,Oficial (torneo)
Saudi Arabia,2021-10-07,Japan,Saudi Arabia 1.0-0.0 Japan,Victoria,Oficial (torneo)
Saudi Arabia,2021-10-12,China,Saudi Arabia 3.0-2.0 China,Victoria,Oficial (torneo)
Saudi Arabia,2021-11-11,Australia,Australia 0.0-0.0 Saudi Arabia,Empate,Oficial (torneo)
Saudi Arabia,2021-11-16,Vietnam,Vietnam 0.0-1.0 Saudi Arabia,Victoria,Oficial (torneo)
Saudi Arabia,2021-12-01,Jordan,Saudi Arabia 0.0-1.0 Jordan,Derrota,Otro / revisar
Saudi Arabia,2021-12-04,Palestine,Palestine 1.0-1.0 Saudi Arabia,Empate,Otro / revisar
Saudi Arabia,2021-12-07,Morocco,Morocco 1.0-0.0 Saudi Arabia,Derrota,Otro / revisar
Saudi Arabia,2022-01-27,Oman,Saudi Arabia 1.0-0.0 Oman,Victoria,Oficial (torneo)
Saudi Arabia,2022-02-01,Japan,Japan 2.0-0.0 Saudi Arabia,Derrota,Oficial (torneo)
Saudi Arabia,2022-03-24,China,China 1.0-1.0 Saudi Arabia,Empate,Oficial (torneo)
Saudi Arabia,2022-03-29,Australia,Saudi Arabia 1.0-0.0 Australia,Victoria,Oficial (torneo)
Saudi Arabia,2022-06-05,Colombia,Saudi Arabia 0.0-1.0 Colombia,Derrota,Amistoso
Saudi Arabia,2022-06-09,Venezuela,Saudi Arabia 0.0-1.0 Venezuela,Derrota,Amistoso
Saudi Arabia,2022-09-23,Ecuador,Saudi Arabia 0.0-0.0 Ecuador,Empate,Amistoso
Saudi Arabia,2022-09-27,United States,Saudi Arabia 0.0-0.0 United States,Empate,Amistoso
Saudi Arabia,2022-10-22,North Macedonia,Saudi Arabia 1.0-0.0 North Macedonia,Victoria,Amistoso
Saudi Arabia,2022-10-26,Albania,Saudi Arabia 1.0-1.0 Albania,Empate,Amistoso
Saudi Arabia,2022-10-30,Honduras,Saudi Arabia 0.0-0.0 Honduras,Empate,Amistoso
Saudi Arabia,2022-11-06,Iceland,Saudi Arabia 1.0-0.0 Iceland,Victoria,Amistoso
Saudi Arabia,2022-11-10,Panama,Saudi Arabia 1.0-1.0 Panama,Empate,Amistoso
Saudi Arabia,2022-11-16,Croatia,Saudi Arabia 0.0-1.0 Croatia,Derrota,Amistoso
Saudi Arabia,2022-11-22,Argentina,Argentina 1.0-2.0 Saudi Arabia,Victoria,Oficial (torneo)
Saudi Arabia,2022-11-26,Poland,Poland 2.0-0.0 Saudi Arabia,Derrota,Oficial (torneo)
Saudi Arabia,2022-11-30,Mexico,Saudi Arabia 1.0-2.0 Mexico,Derrota,Oficial (torneo)
Saudi Arabia,2023-01-06,Yemen,Yemen 0.0-2.0 Saudi Arabia,Victoria,Otro / revisar
Saudi Arabia,2023-01-09,Iraq,Iraq 2.0-0.0 Saudi Arabia,Derrota,Otro / revisar
Saudi Arabia,2023-01-12,Oman,Saudi Arabia 1.0-2.0 Oman,Derrota,Otro / revisar
Saudi Arabia,2023-03-24,Venezuela,Saudi Arabia 1.0-2.0 Venezuela,Derrota,Amistoso
Saudi Arabia,2023-03-28,Bolivia,Saudi Arabia 1.0-2.0 Bolivia,Derrota,Amistoso
Saudi Arabia,2023-09-08,Costa Rica,Costa Rica 3.0-1.0 Saudi Arabia,Derrota,Amistoso
Saudi Arabia,2023-09-12,South Korea,South Korea 1.0-0.0 Saudi Arabia,Derrota,Amistoso
Saudi Arabia,2023-10-13,Nigeria,Nigeria 2.0-2.0 Saudi Arabia,Empate,Amistoso
Saudi Arabia,2023-10-17,Mali,Mali 3.0-1.0 Saudi Arabia,Derrota,Amistoso
Saudi Arabia,2023-11-16,Pakistan,Saudi Arabia 4.0-0.0 Pakistan,Victoria,Oficial (torneo)
Saudi Arabia,2023-11-21,Jordan,Jordan 0.0-2.0 Saudi Arabia,Victoria,Oficial (torneo)
Saudi Arabia,2024-01-04,Lebanon,Saudi Arabia 1.0-0.0 Lebanon,Victoria,Amistoso
Saudi Arabia,2024-01-09,Palestine,Saudi Arabia 0.0-0.0 Palestine,Empate,Amistoso
Saudi Arabia,2024-01-10,Hong Kong,Saudi Arabia 2.0-0.0 Hong Kong,Victoria,Amistoso
Saudi Arabia,2024-01-16,Oman,Saudi Arabia 2.0-1.0 Oman,Victoria,Oficial (torneo)
Saudi Arabia,2024-01-21,Kyrgyzstan,Kyrgyzstan 0.0-2.0 Saudi Arabia,Victoria,Oficial (torneo)
Saudi Arabia,2024-01-25,Thailand,Saudi Arabia 0.0-0.0 Thailand,Empate,Oficial (torneo)
Saudi Arabia,2024-01-30,South Korea,Saudi Arabia 1.0-1.0 South Korea,Empate,Oficial (torneo)
Saudi Arabia,2024-03-21,Tajikistan,Saudi Arabia 1.0-0.0 Tajikistan,Victoria,Oficial (torneo)
Saudi Arabia,2024-03-26,Tajikistan,Tajikistan 1.0-1.0 Saudi Arabia,Empate,Oficial (torneo)
Saudi Arabia,2024-06-06,Pakistan,Pakistan 0.0-3.0 Saudi Arabia,Victoria,Oficial (torneo)
Saudi Arabia,2024-06-11,Jordan,Saudi Arabia 1.0-2.0 Jordan,Derrota,Oficial (torneo)
Saudi Arabia,2024-09-05,Indonesia,Saudi Arabia 1.0-1.0 Indonesia,Empate,Oficial (torneo)
Saudi Arabia,2024-09-10,China,China 1.0-2.0 Saudi Arabia,Victoria,Oficial (torneo)
Saudi Arabia,2024-10-10,Japan,Saudi Arabia 0.0-2.0 Japan,Derrota,Oficial (torneo)
Saudi Arabia,2024-10-15,Bahrain,Saudi Arabia 0.0-0.0 Bahrain,Empate,Oficial (torneo)
Saudi Arabia,2024-11-14,Australia,Australia 0.0-0.0 Saudi Arabia,Empate,Oficial (torneo)
Saudi Arabia,2024-11-19,Indonesia,Indonesia 2.0-0.0 Saudi Arabia,Derrota,Oficial (torneo)
Saudi Arabia,2024-12-22,Bahrain,Saudi Arabia 2.0-3.0 Bahrain,Derrota,Otro / revisar
Saudi Arabia,2024-12-25,Yemen,Yemen 2.0-3.0 Saudi Arabia,Victoria,Otro / revisar
Saudi Arabia,2024-12-28,Iraq,Iraq 1.0-3.0 Saudi Arabia,Victoria,Otro / revisar
Saudi Arabia,2024-12-31,Oman,Oman 2.0-1.0 Saudi Arabia,Derrota,Otro / revisar
Saudi Arabia,2025-03-20,China,Saudi Arabia 1.0-0.0 China,Victoria,Oficial (torneo)
Saudi Arabia,2025-03-25,Japan,Japan 0.0-0.0 Saudi Arabia,Empate,Oficial (torneo)
Saudi Arabia,2025-05-30,Jordan,Saudi Arabia 2.0-0.0 Jordan,Victoria,Amistoso
Saudi Arabia,2025-06-05,Bahrain,Bahrain 0.0-2.0 Saudi Arabia,Victoria,Oficial (torneo)
Saudi Arabia,2025-06-10,Australia,Saudi Arabia 1.0-2.0 Australia,Derrota,Oficial (torneo)
Saudi Arabia,2025-06-15,Haiti,Haiti 0.0-1.0 Saudi Arabia,Victoria,Oficial (torneo)
Saudi Arabia,2025-06-19,United States,United States 1.0-0.0 Saudi Arabia,Derrota,Oficial (torneo)
Saudi Arabia,2025-06-22,Trinidad and Tobago,Saudi Arabia 1.0-1.0 Trinidad and Tobago,Empate,Oficial (torneo)
Saudi Arabia,2025-06-28,Mexico,Mexico 2.0-0.0 Saudi Arabia,Derrota,Oficial (torneo)
Saudi Arabia,2025-09-04,North Macedonia,Saudi Arabia 2.0-1.0 North Macedonia,Victoria,Amistoso
Saudi Arabia,2025-09-08,Czech Republic,Czech Republic 1.0-1.0 Saudi Arabia,Empate,Amistoso
Saudi Arabia,2025-10-08,Indonesia,Saudi Arabia 3.0-2.0 Indonesia,Victoria,Oficial (torneo)
Saudi Arabia,2025-10-14,Iraq,Saudi Arabia 0.0-0.0 Iraq,Empate,Oficial (torneo)
Saudi Arabia,2025-11-14,Ivory Coast,Saudi Arabia 1.0-0.0 Ivory Coast,Victoria,Amistoso
Saudi Arabia,2025-11-18,Algeria,Saudi Arabia 0.0-2.0 Algeria,Derrota,Amistoso
Saudi Arabia,2025-12-02,Oman,Saudi Arabia 2.0-1.0 Oman,Victoria,Otro / revisar
Saudi Arabia,2025-12-05,Comoros,Comoros 1.0-3.0 Saudi Arabia,Victoria,Otro / revisar
Saudi Arabia,2025-12-08,Morocco,Morocco 1.0-0.0 Saudi Arabia,Derrota,Otro / revisar
Saudi Arabia,2025-12-11,Palestine,Palestine 1.0-2.0 Saudi Arabia,Victoria,Otro / revisar
Saudi Arabia,2025-12-15,Jordan,Saudi Arabia 0.0-1.0 Jordan,Derrota,Otro / revisar
Saudi Arabia,2026-03-27,Egypt,Saudi Arabia 0.0-4.0 Egypt,Derrota,Amistoso
Saudi Arabia,2026-03-31,Serbia,Serbia 2.0-1.0 Saudi Arabia,Derrota,Amistoso
Saudi Arabia,2026-05-30,Ecuador,Ecuador 2.0-1.0 Saudi Arabia,Derrota,Amistoso
Saudi Arabia,2026-06-05,Puerto Rico,Puerto Rico 0.0-3.0 Saudi Arabia,Victoria,Amistoso
Saudi Arabia,2026-06-09,Senegal,Saudi Arabia 0.0-0.0 Senegal,Empate,Amistoso
Scotland,2016-03-24,Czech Republic,Czech Republic 0.0-1.0 Scotland,Victoria,Amistoso
Scotland,2016-03-29,Denmark,Scotland 1.0-0.0 Denmark,Victoria,Amistoso
Scotland,2016-05-29,Italy,Italy 1.0-0.0 Scotland,Derrota,Amistoso
Scotland,2016-06-04,France,France 3.0-0.0 Scotland,Derrota,Amistoso
Scotland,2016-09-04,Malta,Malta 1.0-5.0 Scotland,Victoria,Oficial (torneo)
Scotland,2016-10-08,Lithuania,Scotland 1.0-1.0 Lithuania,Empate,Oficial (torneo)
Scotland,2016-10-11,Slovakia,Slovakia 3.0-0.0 Scotland,Derrota,Oficial (torneo)
Scotland,2016-11-11,England,England 3.0-0.0 Scotland,Derrota,Oficial (torneo)
Scotland,2017-03-22,Canada,Scotland 1.0-1.0 Canada,Empate,Amistoso
Scotland,2017-03-26,Slovenia,Scotland 1.0-0.0 Slovenia,Victoria,Oficial (torneo)
Scotland,2017-06-10,England,Scotland 2.0-2.0 England,Empate,Oficial (torneo)
Scotland,2017-09-01,Lithuania,Lithuania 0.0-3.0 Scotland,Victoria,Oficial (torneo)
Scotland,2017-09-04,Malta,Scotland 2.0-0.0 Malta,Victoria,Oficial (torneo)
Scotland,2017-10-05,Slovakia,Scotland 1.0-0.0 Slovakia,Victoria,Oficial (torneo)
Scotland,2017-10-08,Slovenia,Slovenia 2.0-2.0 Scotland,Empate,Oficial (torneo)
Scotland,2017-11-09,Netherlands,Scotland 0.0-1.0 Netherlands,Derrota,Amistoso
Scotland,2018-03-23,Costa Rica,Scotland 0.0-1.0 Costa Rica,Derrota,Amistoso
Scotland,2018-03-27,Hungary,Hungary 0.0-1.0 Scotland,Victoria,Amistoso
Scotland,2018-05-29,Peru,Peru 2.0-0.0 Scotland,Derrota,Amistoso
Scotland,2018-06-02,Mexico,Mexico 1.0-0.0 Scotland,Derrota,Amistoso
Scotland,2018-09-07,Belgium,Scotland 0.0-4.0 Belgium,Derrota,Amistoso
Scotland,2018-09-10,Albania,Scotland 2.0-0.0 Albania,Victoria,Oficial (torneo)
Scotland,2018-10-11,Israel,Israel 2.0-1.0 Scotland,Derrota,Oficial (torneo)
Scotland,2018-10-14,Portugal,Scotland 1.0-3.0 Portugal,Derrota,Amistoso
Scotland,2018-11-17,Albania,Albania 0.0-4.0 Scotland,Victoria,Oficial (torneo)
Scotland,2018-11-20,Israel,Scotland 3.0-2.0 Israel,Victoria,Oficial (torneo)
Scotland,2019-03-21,Kazakhstan,Kazakhstan 3.0-0.0 Scotland,Derrota,Oficial (torneo)
Scotland,2019-03-24,San Marino,San Marino 0.0-2.0 Scotland,Victoria,Oficial (torneo)
Scotland,2019-06-08,Cyprus,Scotland 2.0-1.0 Cyprus,Victoria,Oficial (torneo)
Scotland,2019-06-11,Belgium,Belgium 3.0-0.0 Scotland,Derrota,Oficial (torneo)
Scotland,2019-09-06,Russia,Scotland 1.0-2.0 Russia,Derrota,Oficial (torneo)
Scotland,2019-09-09,Belgium,Scotland 0.0-4.0 Belgium,Derrota,Oficial (torneo)
Scotland,2019-10-10,Russia,Russia 4.0-0.0 Scotland,Derrota,Oficial (torneo)
Scotland,2019-10-13,San Marino,Scotland 6.0-0.0 San Marino,Victoria,Oficial (torneo)
Scotland,2019-11-16,Cyprus,Cyprus 1.0-2.0 Scotland,Victoria,Oficial (torneo)
Scotland,2019-11-19,Kazakhstan,Scotland 3.0-1.0 Kazakhstan,Victoria,Oficial (torneo)
Scotland,2020-09-04,Israel,Scotland 1.0-1.0 Israel,Empate,Oficial (torneo)
Scotland,2020-09-07,Czech Republic,Czech Republic 1.0-2.0 Scotland,Victoria,Oficial (torneo)
Scotland,2020-10-08,Israel,Scotland 0.0-0.0 Israel,Empate,Oficial (torneo)
Scotland,2020-10-11,Slovakia,Scotland 1.0-0.0 Slovakia,Victoria,Oficial (torneo)
Scotland,2020-10-14,Czech Republic,Scotland 1.0-0.0 Czech Republic,Victoria,Oficial (torneo)
Scotland,2020-11-12,Serbia,Serbia 1.0-1.0 Scotland,Empate,Oficial (torneo)
Scotland,2020-11-15,Slovakia,Slovakia 1.0-0.0 Scotland,Derrota,Oficial (torneo)
Scotland,2020-11-18,Israel,Israel 1.0-0.0 Scotland,Derrota,Oficial (torneo)
Scotland,2021-03-25,Austria,Scotland 2.0-2.0 Austria,Empate,Oficial (torneo)
Scotland,2021-03-28,Israel,Israel 1.0-1.0 Scotland,Empate,Oficial (torneo)
Scotland,2021-03-31,Faroe Islands,Scotland 4.0-0.0 Faroe Islands,Victoria,Oficial (torneo)
Scotland,2021-06-02,Netherlands,Netherlands 2.0-2.0 Scotland,Empate,Amistoso
Scotland,2021-06-06,Luxembourg,Luxembourg 0.0-1.0 Scotland,Victoria,Amistoso
Scotland,2021-06-14,Czech Republic,Scotland 0.0-2.0 Czech Republic,Derrota,Oficial (torneo)
Scotland,2021-06-18,England,England 0.0-0.0 Scotland,Empate,Oficial (torneo)
Scotland,2021-06-22,Croatia,Scotland 1.0-3.0 Croatia,Derrota,Oficial (torneo)
Scotland,2021-09-01,Denmark,Denmark 2.0-0.0 Scotland,Derrota,Oficial (torneo)
Scotland,2021-09-04,Moldova,Scotland 1.0-0.0 Moldova,Victoria,Oficial (torneo)
Scotland,2021-09-07,Austria,Austria 0.0-1.0 Scotland,Victoria,Oficial (torneo)
Scotland,2021-10-09,Israel,Scotland 3.0-2.0 Israel,Victoria,Oficial (torneo)
Scotland,2021-10-12,Faroe Islands,Faroe Islands 0.0-1.0 Scotland,Victoria,Oficial (torneo)
Scotland,2021-11-12,Moldova,Moldova 0.0-2.0 Scotland,Victoria,Oficial (torneo)
Scotland,2021-11-15,Denmark,Scotland 2.0-0.0 Denmark,Victoria,Oficial (torneo)
Scotland,2022-03-24,Poland,Scotland 1.0-1.0 Poland,Empate,Amistoso
Scotland,2022-03-29,Austria,Austria 2.0-2.0 Scotland,Empate,Amistoso
Scotland,2022-06-01,Ukraine,Scotland 1.0-3.0 Ukraine,Derrota,Oficial (torneo)
Scotland,2022-06-08,Armenia,Scotland 2.0-0.0 Armenia,Victoria,Oficial (torneo)
Scotland,2022-06-11,Republic of Ireland,Republic of Ireland 3.0-0.0 Scotland,Derrota,Oficial (torneo)
Scotland,2022-06-14,Armenia,Armenia 1.0-4.0 Scotland,Victoria,Oficial (torneo)
Scotland,2022-09-21,Ukraine,Scotland 3.0-0.0 Ukraine,Victoria,Oficial (torneo)
Scotland,2022-09-24,Republic of Ireland,Scotland 2.0-1.0 Republic of Ireland,Victoria,Oficial (torneo)
Scotland,2022-09-27,Ukraine,Ukraine 0.0-0.0 Scotland,Empate,Oficial (torneo)
Scotland,2022-11-16,Turkey,Turkey 2.0-1.0 Scotland,Derrota,Amistoso
Scotland,2023-03-25,Cyprus,Scotland 3.0-0.0 Cyprus,Victoria,Oficial (torneo)
Scotland,2023-03-28,Spain,Scotland 2.0-0.0 Spain,Victoria,Oficial (torneo)
Scotland,2023-06-17,Norway,Norway 1.0-2.0 Scotland,Victoria,Oficial (torneo)
Scotland,2023-06-20,Georgia,Scotland 2.0-0.0 Georgia,Victoria,Oficial (torneo)
Scotland,2023-09-08,Cyprus,Cyprus 0.0-3.0 Scotland,Victoria,Oficial (torneo)
Scotland,2023-09-12,England,Scotland 1.0-3.0 England,Derrota,Amistoso
Scotland,2023-10-12,Spain,Spain 2.0-0.0 Scotland,Derrota,Oficial (torneo)
Scotland,2023-10-17,France,France 4.0-1.0 Scotland,Derrota,Amistoso
Scotland,2023-11-16,Georgia,Georgia 2.0-2.0 Scotland,Empate,Oficial (torneo)
Scotland,2023-11-19,Norway,Scotland 3.0-3.0 Norway,Empate,Oficial (torneo)
Scotland,2024-03-22,Netherlands,Netherlands 4.0-0.0 Scotland,Derrota,Amistoso
Scotland,2024-03-26,Northern Ireland,Scotland 0.0-1.0 Northern Ireland,Derrota,Amistoso
Scotland,2024-06-03,Gibraltar,Gibraltar 0.0-2.0 Scotland,Victoria,Amistoso
Scotland,2024-06-07,Finland,Scotland 2.0-2.0 Finland,Empate,Amistoso
Scotland,2024-06-14,Germany,Germany 5.0-1.0 Scotland,Derrota,Oficial (torneo)
Scotland,2024-06-19,Switzerland,Scotland 1.0-1.0 Switzerland,Empate,Oficial (torneo)
Scotland,2024-06-23,Hungary,Scotland 0.0-1.0 Hungary,Derrota,Oficial (torneo)
Scotland,2024-09-05,Poland,Scotland 2.0-3.0 Poland,Derrota,Oficial (torneo)
Scotland,2024-09-08,Portugal,Portugal 2.0-1.0 Scotland,Derrota,Oficial (torneo)
Scotland,2024-10-12,Croatia,Croatia 2.0-1.0 Scotland,Derrota,Oficial (torneo)
Scotland,2024-10-15,Portugal,Scotland 0.0-0.0 Portugal,Empate,Oficial (torneo)
Scotland,2024-11-15,Croatia,Scotland 1.0-0.0 Croatia,Victoria,Oficial (torneo)
Scotland,2024-11-18,Poland,Poland 1.0-2.0 Scotland,Victoria,Oficial (torneo)
Scotland,2025-03-20,Greece,Greece 0.0-1.0 Scotland,Victoria,Oficial (torneo)
Scotland,2025-03-23,Greece,Scotland 0.0-3.0 Greece,Derrota,Oficial (torneo)
Scotland,2025-06-06,Iceland,Scotland 1.0-3.0 Iceland,Derrota,Amistoso
Scotland,2025-06-09,Liechtenstein,Liechtenstein 0.0-4.0 Scotland,Victoria,Amistoso
Scotland,2025-09-05,Denmark,Denmark 0.0-0.0 Scotland,Empate,Oficial (torneo)
Scotland,2025-09-08,Belarus,Belarus 0.0-2.0 Scotland,Victoria,Oficial (torneo)
Scotland,2025-10-09,Greece,Scotland 3.0-1.0 Greece,Victoria,Oficial (torneo)
Scotland,2025-10-12,Belarus,Scotland 2.0-1.0 Belarus,Victoria,Oficial (torneo)
Scotland,2025-11-15,Greece,Greece 3.0-2.0 Scotland,Derrota,Oficial (torneo)
Scotland,2025-11-18,Denmark,Scotland 4.0-2.0 Denmark,Victoria,Oficial (torneo)
Scotland,2026-03-28,Japan,Scotland 0.0-1.0 Japan,Derrota,Amistoso
Scotland,2026-03-31,Ivory Coast,Ivory Coast 1.0-0.0 Scotland,Derrota,Amistoso
Scotland,2026-05-30,Curaçao,Scotland 4.0-1.0 Curaçao,Victoria,Amistoso
Scotland,2026-06-06,Bolivia,Bolivia 0.0-4.0 Scotland,Victoria,Amistoso
Senegal,2016-03-26,Niger,Senegal 2.0-0.0 Niger,Victoria,Eliminatoria
Senegal,2016-03-29,Niger,Niger 1.0-2.0 Senegal,Victoria,Eliminatoria
Senegal,2016-05-28,Rwanda,Rwanda 0.0-2.0 Senegal,Victoria,Amistoso
Senegal,2016-06-04,Burundi,Burundi 0.0-2.0 Senegal,Victoria,Eliminatoria
Senegal,2016-09-03,Namibia,Senegal 2.0-0.0 Namibia,Victoria,Eliminatoria
Senegal,2016-10-08,Cape Verde,Senegal 2.0-0.0 Cape Verde,Victoria,Oficial (torneo)
Senegal,2017-01-08,Libya,Libya 1.0-2.0 Senegal,Victoria,Amistoso
Senegal,2017-01-11,Congo,Congo 0.0-2.0 Senegal,Victoria,Amistoso
Senegal,2017-01-15,Tunisia,Tunisia 0.0-2.0 Senegal,Victoria,Otro / revisar
Senegal,2017-01-19,Zimbabwe,Senegal 2.0-0.0 Zimbabwe,Victoria,Otro / revisar
Senegal,2017-01-23,Algeria,Senegal 2.0-2.0 Algeria,Empate,Otro / revisar
Senegal,2017-01-28,Cameroon,Senegal 0.0-0.0 Cameroon,Empate,Otro / revisar
Senegal,2017-03-23,Nigeria,Nigeria 1.0-1.0 Senegal,Empate,Amistoso
Senegal,2017-03-27,Ivory Coast,Ivory Coast 1.0-1.0 Senegal,Empate,Amistoso
Senegal,2017-05-11,Mauritania,Senegal 2.0-0.0 Mauritania,Victoria,Amistoso
Senegal,2017-06-05,Uganda,Senegal 0.0-0.0 Uganda,Empate,Amistoso
Senegal,2017-06-10,Equatorial Guinea,Senegal 3.0-0.0 Equatorial Guinea,Victoria,Eliminatoria
Senegal,2017-09-02,Burkina Faso,Senegal 0.0-0.0 Burkina Faso,Empate,Oficial (torneo)
Senegal,2017-09-05,Burkina Faso,Burkina Faso 2.0-2.0 Senegal,Empate,Oficial (torneo)
Senegal,2017-10-07,Cape Verde,Cape Verde 0.0-2.0 Senegal,Victoria,Oficial (torneo)
Senegal,2017-11-10,South Africa,South Africa 0.0-2.0 Senegal,Victoria,Oficial (torneo)
Senegal,2017-11-14,South Africa,Senegal 2.0-1.0 South Africa,Victoria,Oficial (torneo)
Senegal,2018-03-23,Uzbekistan,Senegal 1.0-1.0 Uzbekistan,Empate,Amistoso
Senegal,2018-03-27,Bosnia and Herzegovina,Bosnia and Herzegovina 0.0-0.0 Senegal,Empate,Amistoso
Senegal,2018-05-31,Luxembourg,Luxembourg 0.0-0.0 Senegal,Empate,Amistoso
Senegal,2018-06-08,Croatia,Croatia 2.0-1.0 Senegal,Derrota,Amistoso
Senegal,2018-06-11,South Korea,South Korea 0.0-2.0 Senegal,Victoria,Amistoso
Senegal,2018-06-19,Poland,Poland 1.0-2.0 Senegal,Victoria,Oficial (torneo)
Senegal,2018-06-24,Japan,Japan 2.0-2.0 Senegal,Empate,Oficial (torneo)
Senegal,2018-06-28,Colombia,Senegal 0.0-1.0 Colombia,Derrota,Oficial (torneo)
Senegal,2018-09-09,Madagascar,Madagascar 2.0-2.0 Senegal,Empate,Eliminatoria
Senegal,2018-10-13,Sudan,Senegal 3.0-0.0 Sudan,Victoria,Eliminatoria
Senegal,2018-10-16,Sudan,Sudan 0.0-1.0 Senegal,Victoria,Eliminatoria
Senegal,2018-11-17,Equatorial Guinea,Equatorial Guinea 0.0-1.0 Senegal,Victoria,Eliminatoria
Senegal,2019-03-23,Madagascar,Senegal 2.0-0.0 Madagascar,Victoria,Eliminatoria
Senegal,2019-03-26,Mali,Senegal 2.0-1.0 Mali,Victoria,Amistoso
Senegal,2019-06-16,Nigeria,Senegal 1.0-0.0 Nigeria,Victoria,Amistoso
Senegal,2019-06-23,Tanzania,Senegal 2.0-0.0 Tanzania,Victoria,Otro / revisar
Senegal,2019-06-27,Algeria,Senegal 0.0-1.0 Algeria,Derrota,Otro / revisar
Senegal,2019-07-01,Kenya,Kenya 0.0-3.0 Senegal,Victoria,Otro / revisar
Senegal,2019-07-05,Uganda,Uganda 0.0-1.0 Senegal,Victoria,Otro / revisar
Senegal,2019-07-10,Benin,Senegal 1.0-0.0 Benin,Victoria,Otro / revisar
Senegal,2019-07-14,Tunisia,Senegal 1.0-0.0 Tunisia,Victoria,Otro / revisar
Senegal,2019-07-19,Algeria,Senegal 0.0-1.0 Algeria,Derrota,Otro / revisar
Senegal,2019-10-10,Brazil,Brazil 1.0-1.0 Senegal,Empate,Amistoso
Senegal,2019-11-13,Congo,Senegal 2.0-0.0 Congo,Victoria,Eliminatoria
Senegal,2019-11-17,Eswatini,Eswatini 1.0-4.0 Senegal,Victoria,Eliminatoria
Senegal,2020-10-09,Morocco,Morocco 3.0-1.0 Senegal,Derrota,Amistoso
Senegal,2020-11-11,Guinea-Bissau,Senegal 2.0-0.0 Guinea-Bissau,Victoria,Eliminatoria
Senegal,2020-11-15,Guinea-Bissau,Guinea-Bissau 0.0-1.0 Senegal,Victoria,Eliminatoria
Senegal,2021-03-26,Congo,Congo 0.0-0.0 Senegal,Empate,Eliminatoria
Senegal,2021-03-30,Eswatini,Senegal 1.0-1.0 Eswatini,Empate,Eliminatoria
Senegal,2021-06-05,Zambia,Senegal 3.0-1.0 Zambia,Victoria,Amistoso
Senegal,2021-06-08,Cape Verde,Senegal 2.0-0.0 Cape Verde,Victoria,Amistoso
Senegal,2021-07-07,Namibia,Senegal 1.0-2.0 Namibia,Derrota,Otro / revisar
Senegal,2021-07-09,Mozambique,Senegal 1.0-0.0 Mozambique,Victoria,Otro / revisar
Senegal,2021-07-13,Zimbabwe,Senegal 2.0-1.0 Zimbabwe,Victoria,Otro / revisar
Senegal,2021-07-14,Malawi,Senegal 2.0-1.0 Malawi,Victoria,Otro / revisar
Senegal,2021-07-16,Eswatini,Senegal 2.0-2.0 Eswatini,Empate,Otro / revisar
Senegal,2021-07-18,South Africa,South Africa 0.0-0.0 Senegal,Empate,Otro / revisar
Senegal,2021-09-01,Togo,Senegal 2.0-0.0 Togo,Victoria,Oficial (torneo)
Senegal,2021-09-07,Congo,Congo 1.0-3.0 Senegal,Victoria,Oficial (torneo)
Senegal,2021-10-09,Namibia,Senegal 4.0-1.0 Namibia,Victoria,Oficial (torneo)
Senegal,2021-10-12,Namibia,Namibia 1.0-3.0 Senegal,Victoria,Oficial (torneo)
Senegal,2021-11-11,Togo,Togo 1.0-1.0 Senegal,Empate,Oficial (torneo)
Senegal,2021-11-14,Congo,Senegal 2.0-0.0 Congo,Victoria,Oficial (torneo)
Senegal,2022-01-10,Zimbabwe,Senegal 1.0-0.0 Zimbabwe,Victoria,Otro / revisar
Senegal,2022-01-14,Guinea,Senegal 0.0-0.0 Guinea,Empate,Otro / revisar
Senegal,2022-01-18,Malawi,Malawi 0.0-0.0 Senegal,Empate,Otro / revisar
Senegal,2022-01-25,Cape Verde,Senegal 2.0-0.0 Cape Verde,Victoria,Otro / revisar
Senegal,2022-01-30,Equatorial Guinea,Senegal 3.0-1.0 Equatorial Guinea,Victoria,Otro / revisar
Senegal,2022-02-02,Burkina Faso,Burkina Faso 1.0-3.0 Senegal,Victoria,Otro / revisar
Senegal,2022-02-06,Egypt,Senegal 0.0-0.0 Egypt,Empate,Otro / revisar
Senegal,2022-03-25,Egypt,Egypt 1.0-0.0 Senegal,Derrota,Oficial (torneo)
Senegal,2022-03-29,Egypt,Senegal 1.0-0.0 Egypt,Victoria,Oficial (torneo)
Senegal,2022-06-04,Benin,Senegal 3.0-1.0 Benin,Victoria,Eliminatoria
Senegal,2022-06-07,Rwanda,Senegal 1.0-0.0 Rwanda,Victoria,Eliminatoria
Senegal,2022-07-13,Eswatini,Senegal 1.0-1.0 Eswatini,Empate,Otro / revisar
Senegal,2022-07-15,Zambia,Zambia 4.0-3.0 Senegal,Derrota,Otro / revisar
Senegal,2022-07-17,Mozambique,Mozambique 1.0-1.0 Senegal,Empate,Otro / revisar
Senegal,2022-09-24,Bolivia,Bolivia 0.0-2.0 Senegal,Victoria,Amistoso
Senegal,2022-09-27,Iran,Iran 1.0-1.0 Senegal,Empate,Amistoso
Senegal,2022-11-21,Netherlands,Senegal 0.0-2.0 Netherlands,Derrota,Oficial (torneo)
Senegal,2022-11-25,Qatar,Qatar 1.0-3.0 Senegal,Victoria,Oficial (torneo)
Senegal,2022-11-29,Ecuador,Ecuador 1.0-2.0 Senegal,Victoria,Oficial (torneo)
Senegal,2022-12-04,England,England 3.0-0.0 Senegal,Derrota,Oficial (torneo)
Senegal,2023-03-24,Mozambique,Senegal 5.0-1.0 Mozambique,Victoria,Eliminatoria
Senegal,2023-03-28,Mozambique,Mozambique 0.0-1.0 Senegal,Victoria,Eliminatoria
Senegal,2023-06-17,Benin,Benin 1.0-1.0 Senegal,Empate,Eliminatoria
Senegal,2023-06-20,Brazil,Brazil 2.0-4.0 Senegal,Victoria,Amistoso
Senegal,2023-09-09,Rwanda,Rwanda 1.0-1.0 Senegal,Empate,Eliminatoria
Senegal,2023-09-12,Algeria,Senegal 0.0-1.0 Algeria,Derrota,Amistoso
Senegal,2023-10-16,Cameroon,Senegal 1.0-0.0 Cameroon,Victoria,Amistoso
Senegal,2023-11-18,South Sudan,Senegal 4.0-0.0 South Sudan,Victoria,Oficial (torneo)
Senegal,2023-11-21,Togo,Togo 0.0-0.0 Senegal,Empate,Oficial (torneo)
Senegal,2024-01-08,Niger,Senegal 1.0-0.0 Niger,Victoria,Amistoso
Senegal,2024-01-15,Gambia,Senegal 3.0-0.0 Gambia,Victoria,Otro / revisar
Senegal,2024-01-19,Cameroon,Senegal 3.0-1.0 Cameroon,Victoria,Otro / revisar
Senegal,2024-01-23,Guinea,Guinea 0.0-2.0 Senegal,Victoria,Otro / revisar
Senegal,2024-01-29,Ivory Coast,Ivory Coast 1.0-1.0 Senegal,Empate,Otro / revisar
Senegal,2024-03-22,Gabon,Senegal 3.0-0.0 Gabon,Victoria,Amistoso
Senegal,2024-03-26,Benin,Senegal 1.0-0.0 Benin,Victoria,Amistoso
Senegal,2024-06-06,DR Congo,Senegal 1.0-1.0 DR Congo,Empate,Oficial (torneo)
Senegal,2024-06-09,Mauritania,Mauritania 0.0-1.0 Senegal,Victoria,Oficial (torneo)
Senegal,2024-09-06,Burkina Faso,Senegal 1.0-1.0 Burkina Faso,Empate,Eliminatoria
Senegal,2024-09-09,Burundi,Burundi 0.0-1.0 Senegal,Victoria,Eliminatoria
Senegal,2024-10-11,Malawi,Senegal 4.0-0.0 Malawi,Victoria,Eliminatoria
Senegal,2024-10-15,Malawi,Malawi 0.0-1.0 Senegal,Victoria,Eliminatoria
Senegal,2024-11-14,Burkina Faso,Burkina Faso 0.0-1.0 Senegal,Victoria,Eliminatoria
Senegal,2024-11-19,Burundi,Senegal 2.0-0.0 Burundi,Victoria,Eliminatoria
Senegal,2025-03-22,Sudan,Sudan 0.0-0.0 Senegal,Empate,Oficial (torneo)
Senegal,2025-03-25,Togo,Senegal 2.0-0.0 Togo,Victoria,Oficial (torneo)
Senegal,2025-06-06,Republic of Ireland,Republic of Ireland 1.0-1.0 Senegal,Empate,Amistoso
Senegal,2025-06-10,England,England 1.0-3.0 Senegal,Victoria,Amistoso
Senegal,2025-09-05,Sudan,Senegal 2.0-0.0 Sudan,Victoria,Oficial (torneo)
Senegal,2025-09-09,DR Congo,DR Congo 2.0-3.0 Senegal,Victoria,Oficial (torneo)
Senegal,2025-10-10,South Sudan,South Sudan 0.0-5.0 Senegal,Victoria,Oficial (torneo)
Senegal,2025-10-14,Mauritania,Senegal 4.0-0.0 Mauritania,Victoria,Oficial (torneo)
Senegal,2025-11-15,Brazil,Brazil 2.0-0.0 Senegal,Derrota,Amistoso
Senegal,2025-11-18,Kenya,Kenya 0.0-8.0 Senegal,Victoria,Amistoso
Senegal,2025-12-23,Botswana,Senegal 3.0-0.0 Botswana,Victoria,Otro / revisar
Senegal,2025-12-27,DR Congo,Senegal 1.0-1.0 DR Congo,Empate,Otro / revisar
Senegal,2025-12-30,Benin,Benin 0.0-3.0 Senegal,Victoria,Otro / revisar
Senegal,2026-01-03,Sudan,Senegal 3.0-1.0 Sudan,Victoria,Otro / revisar
Senegal,2026-01-09,Mali,Mali 0.0-1.0 Senegal,Victoria,Otro / revisar
Senegal,2026-01-14,Egypt,Senegal 1.0-0.0 Egypt,Victoria,Otro / revisar
Senegal,2026-01-18,Morocco,Morocco 3.0-0.0 Senegal,Derrota,Otro / revisar
Senegal,2026-03-28,Peru,Senegal 2.0-0.0 Peru,Victoria,Amistoso
Senegal,2026-03-31,Gambia,Senegal 3.0-1.0 Gambia,Victoria,Amistoso
Senegal,2026-05-31,United States,United States 3.0-2.0 Senegal,Derrota,Amistoso
Senegal,2026-06-09,Saudi Arabia,Saudi Arabia 0.0-0.0 Senegal,Empate,Amistoso
South Africa,2016-03-26,Cameroon,Cameroon 2.0-2.0 South Africa,Empate,Eliminatoria
South Africa,2016-03-29,Cameroon,South Africa 0.0-0.0 Cameroon,Empate,Eliminatoria
South Africa,2016-06-04,Gambia,Gambia 0.0-4.0 South Africa,Victoria,Eliminatoria
South Africa,2016-06-18,Lesotho,South Africa 1.0-1.0 Lesotho,Empate,Otro / revisar
South Africa,2016-06-22,Eswatini,South Africa 5.0-1.0 Eswatini,Victoria,Otro / revisar
South Africa,2016-06-25,Botswana,South Africa 3.0-2.0 Botswana,Victoria,Otro / revisar
South Africa,2016-09-02,Mauritania,South Africa 1.0-1.0 Mauritania,Empate,Eliminatoria
South Africa,2016-09-06,Egypt,South Africa 1.0-0.0 Egypt,Victoria,Amistoso
South Africa,2016-10-08,Burkina Faso,Burkina Faso 1.0-1.0 South Africa,Empate,Oficial (torneo)
South Africa,2016-10-11,Ghana,South Africa 1.0-1.0 Ghana,Empate,Amistoso
South Africa,2016-11-15,Mozambique,Mozambique 1.0-1.0 South Africa,Empate,Amistoso
South Africa,2017-03-25,Guinea-Bissau,South Africa 3.0-1.0 Guinea-Bissau,Victoria,Amistoso
South Africa,2017-03-28,Angola,South Africa 0.0-0.0 Angola,Empate,Amistoso
South Africa,2017-06-10,Nigeria,Nigeria 0.0-2.0 South Africa,Victoria,Eliminatoria
South Africa,2017-06-13,Zambia,South Africa 1.0-2.0 Zambia,Derrota,Amistoso
South Africa,2017-07-02,Tanzania,South Africa 0.0-1.0 Tanzania,Derrota,Otro / revisar
South Africa,2017-07-04,Botswana,South Africa 2.0-0.0 Botswana,Victoria,Otro / revisar
South Africa,2017-07-07,Namibia,South Africa 1.0-0.0 Namibia,Victoria,Otro / revisar
South Africa,2017-09-01,Cape Verde,Cape Verde 2.0-1.0 South Africa,Derrota,Oficial (torneo)
South Africa,2017-09-05,Cape Verde,South Africa 1.0-2.0 Cape Verde,Derrota,Oficial (torneo)
South Africa,2017-10-07,Burkina Faso,South Africa 3.0-1.0 Burkina Faso,Victoria,Oficial (torneo)
South Africa,2017-11-10,Senegal,South Africa 0.0-2.0 Senegal,Derrota,Oficial (torneo)
South Africa,2017-11-14,Senegal,Senegal 2.0-1.0 South Africa,Derrota,Oficial (torneo)
South Africa,2018-03-21,Angola,South Africa 1.0-1.0 Angola,Empate,Amistoso
South Africa,2018-03-24,Zambia,Zambia 0.0-2.0 South Africa,Victoria,Amistoso
South Africa,2018-06-03,Madagascar,South Africa 0.0-0.0 Madagascar,Empate,Otro / revisar
South Africa,2018-06-05,Namibia,South Africa 4.0-1.0 Namibia,Victoria,Otro / revisar
South Africa,2018-06-08,Botswana,South Africa 3.0-0.0 Botswana,Victoria,Otro / revisar
South Africa,2018-09-08,Libya,South Africa 0.0-0.0 Libya,Empate,Eliminatoria
South Africa,2018-10-13,Seychelles,South Africa 6.0-0.0 Seychelles,Victoria,Eliminatoria
South Africa,2018-10-16,Seychelles,Seychelles 0.0-0.0 South Africa,Empate,Eliminatoria
South Africa,2018-11-17,Nigeria,South Africa 1.0-1.0 Nigeria,Empate,Eliminatoria
South Africa,2018-11-20,Paraguay,South Africa 1.0-1.0 Paraguay,Empate,Amistoso
South Africa,2019-03-24,Libya,Libya 1.0-2.0 South Africa,Victoria,Eliminatoria
South Africa,2019-06-02,Botswana,South Africa 2.0-2.0 Botswana,Empate,Otro / revisar
South Africa,2019-06-04,Uganda,South Africa 1.0-1.0 Uganda,Empate,Otro / revisar
South Africa,2019-06-07,Malawi,South Africa 0.0-0.0 Malawi,Empate,Otro / revisar
South Africa,2019-06-15,Ghana,Ghana 0.0-0.0 South Africa,Empate,Amistoso
South Africa,2019-06-24,Ivory Coast,Ivory Coast 1.0-0.0 South Africa,Derrota,Otro / revisar
South Africa,2019-06-28,Namibia,South Africa 1.0-0.0 Namibia,Victoria,Otro / revisar
South Africa,2019-07-01,Morocco,South Africa 0.0-1.0 Morocco,Derrota,Otro / revisar
South Africa,2019-07-06,Egypt,Egypt 0.0-1.0 South Africa,Victoria,Otro / revisar
South Africa,2019-07-10,Nigeria,Nigeria 2.0-1.0 South Africa,Derrota,Otro / revisar
South Africa,2019-10-13,Mali,South Africa 2.0-1.0 Mali,Victoria,Amistoso
South Africa,2019-11-14,Ghana,Ghana 2.0-0.0 South Africa,Derrota,Eliminatoria
South Africa,2019-11-17,Sudan,South Africa 1.0-0.0 Sudan,Victoria,Eliminatoria
South Africa,2020-10-08,Namibia,South Africa 1.0-1.0 Namibia,Empate,Amistoso
South Africa,2020-10-11,Zambia,South Africa 1.0-2.0 Zambia,Derrota,Amistoso
South Africa,2020-11-13,São Tomé and Príncipe,South Africa 2.0-0.0 São Tomé and Príncipe,Victoria,Eliminatoria
South Africa,2020-11-16,São Tomé and Príncipe,South Africa 4.0-2.0 São Tomé and Príncipe,Victoria,Eliminatoria
South Africa,2021-03-25,Ghana,South Africa 1.0-1.0 Ghana,Empate,Eliminatoria
South Africa,2021-03-28,Sudan,Sudan 2.0-0.0 South Africa,Derrota,Eliminatoria
South Africa,2021-06-10,Uganda,South Africa 3.0-2.0 Uganda,Victoria,Amistoso
South Africa,2021-07-06,Botswana,South Africa 1.0-0.0 Botswana,Victoria,Otro / revisar
South Africa,2021-07-08,Eswatini,South Africa 1.0-0.0 Eswatini,Victoria,Otro / revisar
South Africa,2021-07-13,Lesotho,South Africa 4.0-0.0 Lesotho,Victoria,Otro / revisar
South Africa,2021-07-14,Zambia,South Africa 0.0-0.0 Zambia,Empate,Otro / revisar
South Africa,2021-07-16,Mozambique,South Africa 3.0-0.0 Mozambique,Victoria,Otro / revisar
South Africa,2021-07-18,Senegal,South Africa 0.0-0.0 Senegal,Empate,Otro / revisar
South Africa,2021-09-03,Zimbabwe,Zimbabwe 0.0-0.0 South Africa,Empate,Oficial (torneo)
South Africa,2021-09-06,Ghana,South Africa 1.0-0.0 Ghana,Victoria,Oficial (torneo)
South Africa,2021-10-09,Ethiopia,Ethiopia 1.0-3.0 South Africa,Victoria,Oficial (torneo)
South Africa,2021-10-12,Ethiopia,South Africa 1.0-0.0 Ethiopia,Victoria,Oficial (torneo)
South Africa,2021-11-11,Zimbabwe,South Africa 1.0-0.0 Zimbabwe,Victoria,Oficial (torneo)
South Africa,2021-11-14,Ghana,Ghana 1.0-0.0 South Africa,Derrota,Oficial (torneo)
South Africa,2022-03-25,Guinea,South Africa 0.0-0.0 Guinea,Empate,Amistoso
South Africa,2022-03-29,France,France 5.0-0.0 South Africa,Derrota,Amistoso
South Africa,2022-06-09,Morocco,Morocco 2.0-1.0 South Africa,Derrota,Eliminatoria
South Africa,2022-07-13,Mozambique,South Africa 0.0-0.0 Mozambique,Empate,Otro / revisar
South Africa,2022-07-15,Madagascar,South Africa 2.0-1.0 Madagascar,Victoria,Otro / revisar
South Africa,2022-07-17,Botswana,South Africa 2.0-1.0 Botswana,Victoria,Otro / revisar
South Africa,2022-09-24,Sierra Leone,South Africa 4.0-0.0 Sierra Leone,Victoria,Amistoso
South Africa,2022-09-27,Botswana,South Africa 1.0-0.0 Botswana,Victoria,Amistoso
South Africa,2022-11-17,Mozambique,South Africa 2.0-1.0 Mozambique,Victoria,Amistoso
South Africa,2022-11-20,Angola,South Africa 1.0-1.0 Angola,Empate,Amistoso
South Africa,2023-03-24,Liberia,South Africa 2.0-2.0 Liberia,Empate,Eliminatoria
South Africa,2023-03-28,Liberia,Liberia 1.0-2.0 South Africa,Victoria,Eliminatoria
South Africa,2023-06-17,Morocco,South Africa 2.0-1.0 Morocco,Victoria,Eliminatoria
South Africa,2023-07-05,Namibia,South Africa 1.0-1.0 Namibia,Empate,Otro / revisar
South Africa,2023-07-08,Botswana,South Africa 2.0-1.0 Botswana,Victoria,Otro / revisar
South Africa,2023-07-11,Eswatini,South Africa 2.0-1.0 Eswatini,Victoria,Otro / revisar
South Africa,2023-07-14,Zambia,South Africa 1.0-2.0 Zambia,Derrota,Otro / revisar
South Africa,2023-07-16,Malawi,South Africa 0.0-0.0 Malawi,Empate,Otro / revisar
South Africa,2023-09-09,Namibia,South Africa 0.0-0.0 Namibia,Empate,Amistoso
South Africa,2023-09-12,DR Congo,South Africa 1.0-0.0 DR Congo,Victoria,Amistoso
South Africa,2023-10-13,Eswatini,South Africa 0.0-0.0 Eswatini,Empate,Amistoso
South Africa,2023-10-17,Ivory Coast,Ivory Coast 1.0-1.0 South Africa,Empate,Amistoso
South Africa,2023-11-18,Benin,South Africa 2.0-1.0 Benin,Victoria,Oficial (torneo)
South Africa,2023-11-21,Rwanda,Rwanda 2.0-0.0 South Africa,Derrota,Oficial (torneo)
South Africa,2024-01-10,Lesotho,South Africa 0.0-0.0 Lesotho,Empate,Amistoso
South Africa,2024-01-16,Mali,Mali 2.0-0.0 South Africa,Derrota,Otro / revisar
South Africa,2024-01-21,Namibia,South Africa 4.0-0.0 Namibia,Victoria,Otro / revisar
South Africa,2024-01-24,Tunisia,South Africa 0.0-0.0 Tunisia,Empate,Otro / revisar
South Africa,2024-01-30,Morocco,Morocco 0.0-2.0 South Africa,Victoria,Otro / revisar
South Africa,2024-02-03,Cape Verde,Cape Verde 0.0-0.0 South Africa,Empate,Otro / revisar
South Africa,2024-02-07,Nigeria,Nigeria 1.0-1.0 South Africa,Empate,Otro / revisar
South Africa,2024-02-10,DR Congo,South Africa 0.0-0.0 DR Congo,Empate,Otro / revisar
South Africa,2024-03-21,Andorra,South Africa 1.0-1.0 Andorra,Empate,Otro / revisar
South Africa,2024-03-26,Algeria,Algeria 3.0-3.0 South Africa,Empate,Otro / revisar
South Africa,2024-06-07,Nigeria,Nigeria 1.0-1.0 South Africa,Empate,Oficial (torneo)
South Africa,2024-06-11,Zimbabwe,South Africa 3.0-1.0 Zimbabwe,Victoria,Oficial (torneo)
South Africa,2024-09-06,Uganda,South Africa 2.0-2.0 Uganda,Empate,Eliminatoria
South Africa,2024-09-10,South Sudan,South Sudan 2.0-3.0 South Africa,Victoria,Eliminatoria
South Africa,2024-10-11,Congo,South Africa 5.0-0.0 Congo,Victoria,Eliminatoria
South Africa,2024-10-15,Congo,Congo 1.0-1.0 South Africa,Empate,Eliminatoria
South Africa,2024-11-15,Uganda,Uganda 0.0-2.0 South Africa,Victoria,Eliminatoria
South Africa,2024-11-19,South Sudan,South Africa 3.0-0.0 South Sudan,Victoria,Eliminatoria
South Africa,2025-03-21,Lesotho,South Africa 0.0-3.0 Lesotho,Derrota,Oficial (torneo)
South Africa,2025-03-25,Benin,Benin 0.0-2.0 South Africa,Victoria,Oficial (torneo)
South Africa,2025-06-06,Tanzania,South Africa 0.0-0.0 Tanzania,Empate,Amistoso
South Africa,2025-06-10,Mozambique,South Africa 2.0-0.0 Mozambique,Victoria,Amistoso
South Africa,2025-09-05,Lesotho,South Africa 3.0-0.0 Lesotho,Victoria,Oficial (torneo)
South Africa,2025-09-09,Nigeria,South Africa 1.0-1.0 Nigeria,Empate,Oficial (torneo)
South Africa,2025-10-10,Zimbabwe,South Africa 0.0-0.0 Zimbabwe,Empate,Oficial (torneo)
South Africa,2025-10-14,Rwanda,South Africa 3.0-0.0 Rwanda,Victoria,Oficial (torneo)
South Africa,2025-11-15,Zambia,South Africa 3.0-1.0 Zambia,Victoria,Amistoso
South Africa,2025-12-22,Angola,South Africa 2.0-1.0 Angola,Victoria,Otro / revisar
South Africa,2025-12-26,Egypt,Egypt 1.0-0.0 South Africa,Derrota,Otro / revisar
South Africa,2025-12-29,Zimbabwe,Zimbabwe 2.0-3.0 South Africa,Victoria,Otro / revisar
South Africa,2026-01-04,Cameroon,South Africa 1.0-2.0 Cameroon,Derrota,Otro / revisar
South Africa,2026-03-27,Panama,South Africa 1.0-1.0 Panama,Empate,Amistoso
South Africa,2026-03-31,Panama,South Africa 1.0-2.0 Panama,Derrota,Amistoso
South Africa,2026-05-29,Nicaragua,South Africa 0.0-0.0 Nicaragua,Empate,Amistoso
South Africa,2026-06-06,Jamaica,Jamaica 0.0-1.0 South Africa,Victoria,Amistoso
South Korea,2016-03-24,Lebanon,South Korea 1.0-0.0 Lebanon,Victoria,Oficial (torneo)
South Korea,2016-03-27,Thailand,Thailand 0.0-1.0 South Korea,Victoria,Amistoso
South Korea,2016-06-01,Spain,Spain 6.0-1.0 South Korea,Derrota,Amistoso
South Korea,2016-06-05,Czech Republic,Czech Republic 1.0-2.0 South Korea,Victoria,Amistoso
South Korea,2016-09-01,China,South Korea 3.0-2.0 China,Victoria,Oficial (torneo)
South Korea,2016-09-06,Syria,Syria 0.0-0.0 South Korea,Empate,Oficial (torneo)
South Korea,2016-10-06,Qatar,South Korea 3.0-2.0 Qatar,Victoria,Oficial (torneo)
South Korea,2016-10-11,Iran,Iran 1.0-0.0 South Korea,Derrota,Oficial (torneo)
South Korea,2016-11-11,Canada,South Korea 2.0-0.0 Canada,Victoria,Amistoso
South Korea,2016-11-15,Uzbekistan,South Korea 2.0-1.0 Uzbekistan,Victoria,Oficial (torneo)
South Korea,2017-03-23,China,China 1.0-0.0 South Korea,Derrota,Oficial (torneo)
South Korea,2017-03-28,Syria,South Korea 1.0-0.0 Syria,Victoria,Oficial (torneo)
South Korea,2017-06-07,Iraq,Iraq 0.0-0.0 South Korea,Empate,Amistoso
South Korea,2017-06-13,Qatar,Qatar 3.0-2.0 South Korea,Derrota,Oficial (torneo)
South Korea,2017-08-31,Iran,South Korea 0.0-0.0 Iran,Empate,Oficial (torneo)
South Korea,2017-09-05,Uzbekistan,Uzbekistan 0.0-0.0 South Korea,Empate,Oficial (torneo)
South Korea,2017-10-07,Russia,Russia 4.0-2.0 South Korea,Derrota,Amistoso
South Korea,2017-10-10,Morocco,South Korea 1.0-3.0 Morocco,Derrota,Amistoso
South Korea,2017-11-10,Colombia,South Korea 2.0-1.0 Colombia,Victoria,Amistoso
South Korea,2017-11-14,Serbia,South Korea 1.0-1.0 Serbia,Empate,Amistoso
South Korea,2017-12-09,China,South Korea 2.0-2.0 China,Empate,Otro / revisar
South Korea,2017-12-12,North Korea,North Korea 0.0-1.0 South Korea,Victoria,Otro / revisar
South Korea,2017-12-16,Japan,Japan 1.0-4.0 South Korea,Victoria,Otro / revisar
South Korea,2018-01-27,Moldova,Moldova 0.0-1.0 South Korea,Victoria,Amistoso
South Korea,2018-01-30,Jamaica,Jamaica 2.0-2.0 South Korea,Empate,Amistoso
South Korea,2018-02-03,Latvia,Latvia 0.0-1.0 South Korea,Victoria,Amistoso
South Korea,2018-03-24,Northern Ireland,Northern Ireland 2.0-1.0 South Korea,Derrota,Amistoso
South Korea,2018-03-27,Poland,Poland 3.0-2.0 South Korea,Derrota,Amistoso
South Korea,2018-05-28,Honduras,South Korea 2.0-0.0 Honduras,Victoria,Amistoso
South Korea,2018-06-01,Bosnia and Herzegovina,South Korea 1.0-3.0 Bosnia and Herzegovina,Derrota,Amistoso
South Korea,2018-06-07,Bolivia,South Korea 0.0-0.0 Bolivia,Empate,Amistoso
South Korea,2018-06-11,Senegal,South Korea 0.0-2.0 Senegal,Derrota,Amistoso
South Korea,2018-06-18,Sweden,Sweden 1.0-0.0 South Korea,Derrota,Oficial (torneo)
South Korea,2018-06-23,Mexico,South Korea 1.0-2.0 Mexico,Derrota,Oficial (torneo)
South Korea,2018-06-27,Germany,South Korea 2.0-0.0 Germany,Victoria,Oficial (torneo)
South Korea,2018-09-07,Costa Rica,South Korea 2.0-0.0 Costa Rica,Victoria,Amistoso
South Korea,2018-09-11,Chile,South Korea 0.0-0.0 Chile,Empate,Amistoso
South Korea,2018-10-12,Uruguay,South Korea 2.0-1.0 Uruguay,Victoria,Amistoso
South Korea,2018-10-16,Panama,South Korea 2.0-2.0 Panama,Empate,Amistoso
South Korea,2018-11-17,Australia,Australia 1.0-1.0 South Korea,Empate,Amistoso
South Korea,2018-11-20,Uzbekistan,South Korea 4.0-0.0 Uzbekistan,Victoria,Amistoso
South Korea,2018-12-31,Saudi Arabia,South Korea 0.0-0.0 Saudi Arabia,Empate,Amistoso
South Korea,2019-01-07,Philippines,South Korea 1.0-0.0 Philippines,Victoria,Oficial (torneo)
South Korea,2019-01-11,Kyrgyzstan,Kyrgyzstan 0.0-1.0 South Korea,Victoria,Oficial (torneo)
South Korea,2019-01-16,China,South Korea 2.0-0.0 China,Victoria,Oficial (torneo)
South Korea,2019-01-22,Bahrain,South Korea 2.0-1.0 Bahrain,Victoria,Oficial (torneo)
South Korea,2019-01-25,Qatar,South Korea 0.0-1.0 Qatar,Derrota,Oficial (torneo)
South Korea,2019-03-22,Bolivia,South Korea 1.0-0.0 Bolivia,Victoria,Amistoso
South Korea,2019-03-26,Colombia,South Korea 2.0-1.0 Colombia,Victoria,Amistoso
South Korea,2019-06-07,Australia,South Korea 1.0-0.0 Australia,Victoria,Amistoso
South Korea,2019-06-11,Iran,South Korea 1.0-1.0 Iran,Empate,Amistoso
South Korea,2019-09-05,Georgia,South Korea 2.0-2.0 Georgia,Empate,Amistoso
South Korea,2019-09-10,Turkmenistan,Turkmenistan 0.0-2.0 South Korea,Victoria,Oficial (torneo)
South Korea,2019-10-10,Sri Lanka,South Korea 8.0-0.0 Sri Lanka,Victoria,Oficial (torneo)
South Korea,2019-10-15,North Korea,North Korea 0.0-0.0 South Korea,Empate,Oficial (torneo)
South Korea,2019-11-14,Lebanon,Lebanon 0.0-0.0 South Korea,Empate,Oficial (torneo)
South Korea,2019-11-19,Brazil,Brazil 3.0-0.0 South Korea,Derrota,Amistoso
South Korea,2019-12-11,Hong Kong,South Korea 2.0-0.0 Hong Kong,Victoria,Otro / revisar
South Korea,2019-12-15,China,South Korea 1.0-0.0 China,Victoria,Otro / revisar
South Korea,2019-12-18,Japan,South Korea 1.0-0.0 Japan,Victoria,Otro / revisar
South Korea,2020-11-14,Mexico,Mexico 3.0-2.0 South Korea,Derrota,Amistoso
South Korea,2020-11-17,Qatar,South Korea 2.0-1.0 Qatar,Victoria,Amistoso
South Korea,2021-03-25,Japan,Japan 3.0-0.0 South Korea,Derrota,Amistoso
South Korea,2021-06-05,Turkmenistan,South Korea 5.0-0.0 Turkmenistan,Victoria,Oficial (torneo)
South Korea,2021-06-09,Sri Lanka,South Korea 5.0-0.0 Sri Lanka,Victoria,Oficial (torneo)
South Korea,2021-06-13,Lebanon,South Korea 2.0-1.0 Lebanon,Victoria,Oficial (torneo)
South Korea,2021-09-02,Iraq,South Korea 0.0-0.0 Iraq,Empate,Oficial (torneo)
South Korea,2021-09-07,Lebanon,South Korea 1.0-0.0 Lebanon,Victoria,Oficial (torneo)
South Korea,2021-10-07,Syria,South Korea 2.0-1.0 Syria,Victoria,Oficial (torneo)
South Korea,2021-10-12,Iran,Iran 1.0-1.0 South Korea,Empate,Oficial (torneo)
South Korea,2021-11-11,United Arab Emirates,South Korea 1.0-0.0 United Arab Emirates,Victoria,Oficial (torneo)
South Korea,2021-11-16,Iraq,Iraq 0.0-3.0 South Korea,Victoria,Oficial (torneo)
South Korea,2022-01-15,Iceland,South Korea 5.0-1.0 Iceland,Victoria,Amistoso
South Korea,2022-01-20,Moldova,South Korea 4.0-0.0 Moldova,Victoria,Amistoso
South Korea,2022-01-27,Lebanon,Lebanon 0.0-1.0 South Korea,Victoria,Oficial (torneo)
South Korea,2022-02-01,Syria,Syria 0.0-2.0 South Korea,Victoria,Oficial (torneo)
South Korea,2022-03-24,Iran,South Korea 2.0-0.0 Iran,Victoria,Oficial (torneo)
South Korea,2022-03-29,United Arab Emirates,United Arab Emirates 1.0-0.0 South Korea,Derrota,Oficial (torneo)
South Korea,2022-06-02,Brazil,South Korea 1.0-5.0 Brazil,Derrota,Amistoso
South Korea,2022-06-06,Chile,South Korea 2.0-0.0 Chile,Victoria,Amistoso
South Korea,2022-06-10,Paraguay,South Korea 2.0-2.0 Paraguay,Empate,Amistoso
South Korea,2022-06-14,Egypt,South Korea 4.0-1.0 Egypt,Victoria,Amistoso
South Korea,2022-07-20,China,China 0.0-3.0 South Korea,Victoria,Otro / revisar
South Korea,2022-07-24,Hong Kong,South Korea 3.0-0.0 Hong Kong,Victoria,Otro / revisar
South Korea,2022-07-27,Japan,Japan 3.0-0.0 South Korea,Derrota,Otro / revisar
South Korea,2022-09-23,Costa Rica,South Korea 2.0-2.0 Costa Rica,Empate,Amistoso
South Korea,2022-09-27,Cameroon,South Korea 1.0-0.0 Cameroon,Victoria,Amistoso
South Korea,2022-11-11,Iceland,South Korea 1.0-0.0 Iceland,Victoria,Amistoso
South Korea,2022-11-24,Uruguay,Uruguay 0.0-0.0 South Korea,Empate,Oficial (torneo)
South Korea,2022-11-28,Ghana,South Korea 2.0-3.0 Ghana,Derrota,Oficial (torneo)
South Korea,2022-12-02,Portugal,South Korea 2.0-1.0 Portugal,Victoria,Oficial (torneo)
South Korea,2022-12-05,Brazil,Brazil 4.0-1.0 South Korea,Derrota,Oficial (torneo)
South Korea,2023-03-24,Colombia,South Korea 2.0-2.0 Colombia,Empate,Amistoso
South Korea,2023-03-28,Uruguay,South Korea 1.0-2.0 Uruguay,Derrota,Amistoso
South Korea,2023-06-16,Peru,South Korea 0.0-1.0 Peru,Derrota,Amistoso
South Korea,2023-06-20,El Salvador,South Korea 1.0-1.0 El Salvador,Empate,Amistoso
South Korea,2023-09-07,Wales,Wales 0.0-0.0 South Korea,Empate,Amistoso
South Korea,2023-09-12,Saudi Arabia,South Korea 1.0-0.0 Saudi Arabia,Victoria,Amistoso
South Korea,2023-10-13,Tunisia,South Korea 4.0-0.0 Tunisia,Victoria,Amistoso
South Korea,2023-10-17,Vietnam,South Korea 6.0-0.0 Vietnam,Victoria,Amistoso
South Korea,2023-11-16,Singapore,South Korea 5.0-0.0 Singapore,Victoria,Oficial (torneo)
South Korea,2023-11-21,China,China 0.0-3.0 South Korea,Victoria,Oficial (torneo)
South Korea,2024-01-06,Iraq,Iraq 0.0-1.0 South Korea,Victoria,Amistoso
South Korea,2024-01-15,Bahrain,South Korea 3.0-1.0 Bahrain,Victoria,Oficial (torneo)
South Korea,2024-01-20,Jordan,Jordan 2.0-2.0 South Korea,Empate,Oficial (torneo)
South Korea,2024-01-25,Malaysia,South Korea 3.0-3.0 Malaysia,Empate,Oficial (torneo)
South Korea,2024-01-30,Saudi Arabia,Saudi Arabia 1.0-1.0 South Korea,Empate,Oficial (torneo)
South Korea,2024-02-02,Australia,Australia 1.0-2.0 South Korea,Victoria,Oficial (torneo)
South Korea,2024-02-06,Jordan,Jordan 2.0-0.0 South Korea,Derrota,Oficial (torneo)
South Korea,2024-03-21,Thailand,South Korea 1.0-1.0 Thailand,Empate,Oficial (torneo)
South Korea,2024-03-26,Thailand,Thailand 0.0-3.0 South Korea,Victoria,Oficial (torneo)
South Korea,2024-06-06,Singapore,Singapore 0.0-7.0 South Korea,Victoria,Oficial (torneo)
South Korea,2024-06-11,China,South Korea 1.0-0.0 China,Victoria,Oficial (torneo)
South Korea,2024-09-05,Palestine,South Korea 0.0-0.0 Palestine,Empate,Oficial (torneo)
South Korea,2024-09-10,Oman,Oman 1.0-3.0 South Korea,Victoria,Oficial (torneo)
South Korea,2024-10-10,Jordan,Jordan 0.0-2.0 South Korea,Victoria,Oficial (torneo)
South Korea,2024-10-15,Iraq,South Korea 3.0-2.0 Iraq,Victoria,Oficial (torneo)
South Korea,2024-11-14,Kuwait,Kuwait 1.0-3.0 South Korea,Victoria,Oficial (torneo)
South Korea,2024-11-19,Palestine,Palestine 1.0-1.0 South Korea,Empate,Oficial (torneo)
South Korea,2025-03-20,Oman,South Korea 1.0-1.0 Oman,Empate,Oficial (torneo)
South Korea,2025-03-25,Jordan,South Korea 1.0-1.0 Jordan,Empate,Oficial (torneo)
South Korea,2025-06-05,Iraq,Iraq 0.0-2.0 South Korea,Victoria,Oficial (torneo)
South Korea,2025-06-10,Kuwait,South Korea 4.0-0.0 Kuwait,Victoria,Oficial (torneo)
South Korea,2025-09-06,United States,United States 0.0-2.0 South Korea,Victoria,Amistoso
South Korea,2025-09-09,Mexico,Mexico 2.0-2.0 South Korea,Empate,Amistoso
South Korea,2025-10-10,Brazil,South Korea 0.0-5.0 Brazil,Derrota,Amistoso
South Korea,2025-10-14,Paraguay,South Korea 2.0-0.0 Paraguay,Victoria,Amistoso
South Korea,2025-11-14,Bolivia,South Korea 2.0-0.0 Bolivia,Victoria,Amistoso
South Korea,2025-11-18,Ghana,South Korea 1.0-0.0 Ghana,Victoria,Amistoso
South Korea,2026-03-28,Ivory Coast,Ivory Coast 4.0-0.0 South Korea,Derrota,Amistoso
South Korea,2026-03-31,Austria,Austria 1.0-0.0 South Korea,Derrota,Amistoso
South Korea,2026-05-30,Trinidad and Tobago,South Korea 5.0-0.0 Trinidad and Tobago,Victoria,Amistoso
South Korea,2026-06-03,El Salvador,South Korea 1.0-0.0 El Salvador,Victoria,Amistoso
Spain,2016-03-24,Italy,Italy 1.0-1.0 Spain,Empate,Amistoso
Spain,2016-03-27,Romania,Romania 0.0-0.0 Spain,Empate,Amistoso
Spain,2016-05-29,Bosnia and Herzegovina,Bosnia and Herzegovina 1.0-3.0 Spain,Victoria,Amistoso
Spain,2016-06-01,South Korea,Spain 6.0-1.0 South Korea,Victoria,Amistoso
Spain,2016-06-07,Georgia,Spain 0.0-1.0 Georgia,Derrota,Amistoso
Spain,2016-06-13,Czech Republic,Spain 1.0-0.0 Czech Republic,Victoria,Oficial (torneo)
Spain,2016-06-17,Turkey,Spain 3.0-0.0 Turkey,Victoria,Oficial (torneo)
Spain,2016-06-21,Croatia,Croatia 2.0-1.0 Spain,Derrota,Oficial (torneo)
Spain,2016-06-27,Italy,Italy 2.0-0.0 Spain,Derrota,Oficial (torneo)
Spain,2016-09-01,Belgium,Belgium 0.0-2.0 Spain,Victoria,Amistoso
Spain,2016-09-05,Liechtenstein,Spain 8.0-0.0 Liechtenstein,Victoria,Oficial (torneo)
Spain,2016-10-06,Italy,Italy 1.0-1.0 Spain,Empate,Oficial (torneo)
Spain,2016-10-09,Albania,Albania 0.0-2.0 Spain,Victoria,Oficial (torneo)
Spain,2016-11-12,North Macedonia,Spain 4.0-0.0 North Macedonia,Victoria,Oficial (torneo)
Spain,2016-11-15,England,England 2.0-2.0 Spain,Empate,Amistoso
Spain,2017-03-24,Israel,Spain 4.0-1.0 Israel,Victoria,Oficial (torneo)
Spain,2017-03-28,France,France 0.0-2.0 Spain,Victoria,Amistoso
Spain,2017-06-07,Colombia,Spain 2.0-2.0 Colombia,Empate,Amistoso
Spain,2017-06-11,North Macedonia,North Macedonia 1.0-2.0 Spain,Victoria,Oficial (torneo)
Spain,2017-09-02,Italy,Spain 3.0-0.0 Italy,Victoria,Oficial (torneo)
Spain,2017-09-05,Liechtenstein,Liechtenstein 0.0-8.0 Spain,Victoria,Oficial (torneo)
Spain,2017-10-06,Albania,Spain 3.0-0.0 Albania,Victoria,Oficial (torneo)
Spain,2017-10-09,Israel,Israel 0.0-1.0 Spain,Victoria,Oficial (torneo)
Spain,2017-11-11,Costa Rica,Spain 5.0-0.0 Costa Rica,Victoria,Amistoso
Spain,2017-11-14,Russia,Russia 3.0-3.0 Spain,Empate,Amistoso
Spain,2018-03-23,Germany,Germany 1.0-1.0 Spain,Empate,Amistoso
Spain,2018-03-27,Argentina,Spain 6.0-1.0 Argentina,Victoria,Amistoso
Spain,2018-06-03,Switzerland,Spain 1.0-1.0 Switzerland,Empate,Amistoso
Spain,2018-06-09,Tunisia,Tunisia 0.0-1.0 Spain,Victoria,Amistoso
Spain,2018-06-15,Portugal,Portugal 3.0-3.0 Spain,Empate,Oficial (torneo)
Spain,2018-06-20,Iran,Iran 0.0-1.0 Spain,Victoria,Oficial (torneo)
Spain,2018-06-25,Morocco,Spain 2.0-2.0 Morocco,Empate,Oficial (torneo)
Spain,2018-07-01,Russia,Russia 1.0-1.0 Spain,Empate,Oficial (torneo)
Spain,2018-09-08,England,England 1.0-2.0 Spain,Victoria,Oficial (torneo)
Spain,2018-09-11,Croatia,Spain 6.0-0.0 Croatia,Victoria,Oficial (torneo)
Spain,2018-10-11,Wales,Wales 1.0-4.0 Spain,Victoria,Amistoso
Spain,2018-10-15,England,Spain 2.0-3.0 England,Derrota,Oficial (torneo)
Spain,2018-11-15,Croatia,Croatia 3.0-2.0 Spain,Derrota,Oficial (torneo)
Spain,2018-11-18,Bosnia and Herzegovina,Spain 1.0-0.0 Bosnia and Herzegovina,Victoria,Amistoso
Spain,2019-03-23,Norway,Spain 2.0-1.0 Norway,Victoria,Oficial (torneo)
Spain,2019-03-26,Malta,Malta 0.0-2.0 Spain,Victoria,Oficial (torneo)
Spain,2019-06-07,Faroe Islands,Faroe Islands 1.0-4.0 Spain,Victoria,Oficial (torneo)
Spain,2019-06-10,Sweden,Spain 3.0-0.0 Sweden,Victoria,Oficial (torneo)
Spain,2019-09-05,Romania,Romania 1.0-2.0 Spain,Victoria,Oficial (torneo)
Spain,2019-09-08,Faroe Islands,Spain 4.0-0.0 Faroe Islands,Victoria,Oficial (torneo)
Spain,2019-10-12,Norway,Norway 1.0-1.0 Spain,Empate,Oficial (torneo)
Spain,2019-10-15,Sweden,Sweden 1.0-1.0 Spain,Empate,Oficial (torneo)
Spain,2019-11-15,Malta,Spain 7.0-0.0 Malta,Victoria,Oficial (torneo)
Spain,2019-11-18,Romania,Spain 5.0-0.0 Romania,Victoria,Oficial (torneo)
Spain,2020-09-03,Germany,Germany 1.0-1.0 Spain,Empate,Oficial (torneo)
Spain,2020-09-06,Ukraine,Spain 4.0-0.0 Ukraine,Victoria,Oficial (torneo)
Spain,2020-10-07,Portugal,Portugal 0.0-0.0 Spain,Empate,Amistoso
Spain,2020-10-10,Switzerland,Spain 1.0-0.0 Switzerland,Victoria,Oficial (torneo)
Spain,2020-10-13,Ukraine,Ukraine 1.0-0.0 Spain,Derrota,Oficial (torneo)
Spain,2020-11-11,Netherlands,Netherlands 1.0-1.0 Spain,Empate,Amistoso
Spain,2020-11-14,Switzerland,Switzerland 1.0-1.0 Spain,Empate,Oficial (torneo)
Spain,2020-11-17,Germany,Spain 6.0-0.0 Germany,Victoria,Oficial (torneo)
Spain,2021-03-25,Greece,Spain 1.0-1.0 Greece,Empate,Oficial (torneo)
Spain,2021-03-28,Georgia,Georgia 1.0-2.0 Spain,Victoria,Oficial (torneo)
Spain,2021-03-31,Kosovo,Spain 3.0-1.0 Kosovo,Victoria,Oficial (torneo)
Spain,2021-06-04,Portugal,Spain 0.0-0.0 Portugal,Empate,Amistoso
Spain,2021-06-08,Lithuania,Spain 4.0-0.0 Lithuania,Victoria,Amistoso
Spain,2021-06-14,Sweden,Spain 0.0-0.0 Sweden,Empate,Oficial (torneo)
Spain,2021-06-19,Poland,Spain 1.0-1.0 Poland,Empate,Oficial (torneo)
Spain,2021-06-23,Slovakia,Spain 5.0-0.0 Slovakia,Victoria,Oficial (torneo)
Spain,2021-06-28,Croatia,Croatia 3.0-5.0 Spain,Victoria,Oficial (torneo)
Spain,2021-07-02,Switzerland,Switzerland 1.0-1.0 Spain,Empate,Oficial (torneo)
Spain,2021-07-06,Italy,Italy 1.0-1.0 Spain,Empate,Oficial (torneo)
Spain,2021-09-02,Sweden,Sweden 2.0-1.0 Spain,Derrota,Oficial (torneo)
Spain,2021-09-05,Georgia,Spain 4.0-0.0 Georgia,Victoria,Oficial (torneo)
Spain,2021-09-08,Kosovo,Kosovo 0.0-2.0 Spain,Victoria,Oficial (torneo)
Spain,2021-10-06,Italy,Italy 1.0-2.0 Spain,Victoria,Oficial (torneo)
Spain,2021-10-10,France,Spain 1.0-2.0 France,Derrota,Oficial (torneo)
Spain,2021-11-11,Greece,Greece 0.0-1.0 Spain,Victoria,Oficial (torneo)
Spain,2021-11-14,Sweden,Spain 1.0-0.0 Sweden,Victoria,Oficial (torneo)
Spain,2022-03-26,Albania,Spain 2.0-1.0 Albania,Victoria,Amistoso
Spain,2022-03-29,Iceland,Spain 5.0-0.0 Iceland,Victoria,Amistoso
Spain,2022-06-02,Portugal,Spain 1.0-1.0 Portugal,Empate,Oficial (torneo)
Spain,2022-06-05,Czech Republic,Czech Republic 2.0-2.0 Spain,Empate,Oficial (torneo)
Spain,2022-06-09,Switzerland,Switzerland 0.0-1.0 Spain,Victoria,Oficial (torneo)
Spain,2022-06-12,Czech Republic,Spain 2.0-0.0 Czech Republic,Victoria,Oficial (torneo)
Spain,2022-09-24,Switzerland,Spain 1.0-2.0 Switzerland,Derrota,Oficial (torneo)
Spain,2022-09-27,Portugal,Portugal 0.0-1.0 Spain,Victoria,Oficial (torneo)
Spain,2022-11-17,Jordan,Jordan 1.0-3.0 Spain,Victoria,Amistoso
Spain,2022-11-23,Costa Rica,Spain 7.0-0.0 Costa Rica,Victoria,Oficial (torneo)
Spain,2022-11-27,Germany,Spain 1.0-1.0 Germany,Empate,Oficial (torneo)
Spain,2022-12-01,Japan,Japan 2.0-1.0 Spain,Derrota,Oficial (torneo)
Spain,2022-12-06,Morocco,Morocco 0.0-0.0 Spain,Empate,Oficial (torneo)
Spain,2023-03-25,Norway,Spain 3.0-0.0 Norway,Victoria,Oficial (torneo)
Spain,2023-03-28,Scotland,Scotland 2.0-0.0 Spain,Derrota,Oficial (torneo)
Spain,2023-06-15,Italy,Spain 2.0-1.0 Italy,Victoria,Oficial (torneo)
Spain,2023-06-18,Croatia,Croatia 0.0-0.0 Spain,Empate,Oficial (torneo)
Spain,2023-09-08,Georgia,Georgia 1.0-7.0 Spain,Victoria,Oficial (torneo)
Spain,2023-09-12,Cyprus,Spain 6.0-0.0 Cyprus,Victoria,Oficial (torneo)
Spain,2023-10-12,Scotland,Spain 2.0-0.0 Scotland,Victoria,Oficial (torneo)
Spain,2023-10-15,Norway,Norway 0.0-1.0 Spain,Victoria,Oficial (torneo)
Spain,2023-11-16,Cyprus,Cyprus 1.0-3.0 Spain,Victoria,Oficial (torneo)
Spain,2023-11-19,Georgia,Spain 3.0-1.0 Georgia,Victoria,Oficial (torneo)
Spain,2024-03-22,Colombia,Spain 0.0-1.0 Colombia,Derrota,Amistoso
Spain,2024-03-26,Brazil,Spain 3.0-3.0 Brazil,Empate,Amistoso
Spain,2024-06-05,Andorra,Spain 5.0-0.0 Andorra,Victoria,Amistoso
Spain,2024-06-08,Northern Ireland,Spain 5.0-1.0 Northern Ireland,Victoria,Amistoso
Spain,2024-06-15,Croatia,Spain 3.0-0.0 Croatia,Victoria,Oficial (torneo)
Spain,2024-06-20,Italy,Spain 1.0-0.0 Italy,Victoria,Oficial (torneo)
Spain,2024-06-24,Albania,Albania 0.0-1.0 Spain,Victoria,Oficial (torneo)
Spain,2024-06-30,Georgia,Spain 4.0-1.0 Georgia,Victoria,Oficial (torneo)
Spain,2024-07-05,Germany,Germany 1.0-2.0 Spain,Victoria,Oficial (torneo)
Spain,2024-07-09,France,Spain 2.0-1.0 France,Victoria,Oficial (torneo)
Spain,2024-07-14,England,Spain 2.0-1.0 England,Victoria,Oficial (torneo)
Spain,2024-09-05,Serbia,Serbia 0.0-0.0 Spain,Empate,Oficial (torneo)
Spain,2024-09-08,Switzerland,Switzerland 1.0-4.0 Spain,Victoria,Oficial (torneo)
Spain,2024-10-12,Denmark,Spain 1.0-0.0 Denmark,Victoria,Oficial (torneo)
Spain,2024-10-15,Serbia,Spain 3.0-0.0 Serbia,Victoria,Oficial (torneo)
Spain,2024-11-15,Denmark,Denmark 1.0-2.0 Spain,Victoria,Oficial (torneo)
Spain,2024-11-18,Switzerland,Spain 3.0-2.0 Switzerland,Victoria,Oficial (torneo)
Spain,2025-03-20,Netherlands,Netherlands 2.0-2.0 Spain,Empate,Oficial (torneo)
Spain,2025-03-23,Netherlands,Spain 3.0-3.0 Netherlands,Empate,Oficial (torneo)
Spain,2025-06-05,France,Spain 5.0-4.0 France,Victoria,Oficial (torneo)
Spain,2025-06-08,Portugal,Portugal 2.0-2.0 Spain,Empate,Oficial (torneo)
Spain,2025-09-04,Bulgaria,Bulgaria 0.0-3.0 Spain,Victoria,Oficial (torneo)
Spain,2025-09-07,Turkey,Turkey 0.0-6.0 Spain,Victoria,Oficial (torneo)
Spain,2025-10-11,Georgia,Spain 2.0-0.0 Georgia,Victoria,Oficial (torneo)
Spain,2025-10-14,Bulgaria,Spain 4.0-0.0 Bulgaria,Victoria,Oficial (torneo)
Spain,2025-11-15,Georgia,Georgia 0.0-4.0 Spain,Victoria,Oficial (torneo)
Spain,2025-11-18,Turkey,Spain 2.0-2.0 Turkey,Empate,Oficial (torneo)
Spain,2026-03-27,Serbia,Spain 3.0-0.0 Serbia,Victoria,Amistoso
Spain,2026-03-31,Egypt,Spain 0.0-0.0 Egypt,Empate,Amistoso
Spain,2026-06-04,Iraq,Spain 1.0-1.0 Iraq,Empate,Amistoso
Spain,2026-06-08,Peru,Peru 1.0-3.0 Spain,Victoria,Amistoso
Sweden,2016-01-06,Estonia,Sweden 1.0-1.0 Estonia,Empate,Amistoso
Sweden,2016-01-10,Finland,Sweden 3.0-0.0 Finland,Victoria,Amistoso
Sweden,2016-03-24,Turkey,Turkey 2.0-1.0 Sweden,Derrota,Amistoso
Sweden,2016-03-29,Czech Republic,Sweden 1.0-1.0 Czech Republic,Empate,Amistoso
Sweden,2016-05-30,Slovenia,Sweden 0.0-0.0 Slovenia,Empate,Amistoso
Sweden,2016-06-05,Wales,Sweden 3.0-0.0 Wales,Victoria,Amistoso
Sweden,2016-06-13,Republic of Ireland,Republic of Ireland 1.0-1.0 Sweden,Empate,Oficial (torneo)
Sweden,2016-06-17,Italy,Italy 1.0-0.0 Sweden,Derrota,Oficial (torneo)
Sweden,2016-06-22,Belgium,Sweden 0.0-1.0 Belgium,Derrota,Oficial (torneo)
Sweden,2016-09-06,Netherlands,Sweden 1.0-1.0 Netherlands,Empate,Oficial (torneo)
Sweden,2016-10-07,Luxembourg,Luxembourg 0.0-1.0 Sweden,Victoria,Oficial (torneo)
Sweden,2016-10-10,Bulgaria,Sweden 3.0-0.0 Bulgaria,Victoria,Oficial (torneo)
Sweden,2016-11-11,France,France 2.0-1.0 Sweden,Derrota,Oficial (torneo)
Sweden,2017-01-08,Ivory Coast,Ivory Coast 2.0-1.0 Sweden,Derrota,Amistoso
Sweden,2017-03-25,Belarus,Sweden 4.0-0.0 Belarus,Victoria,Oficial (torneo)
Sweden,2017-03-28,Portugal,Portugal 2.0-3.0 Sweden,Victoria,Amistoso
Sweden,2017-06-09,France,Sweden 2.0-1.0 France,Victoria,Oficial (torneo)
Sweden,2017-06-13,Norway,Norway 1.0-1.0 Sweden,Empate,Amistoso
Sweden,2017-08-31,Bulgaria,Bulgaria 3.0-2.0 Sweden,Derrota,Oficial (torneo)
Sweden,2017-09-03,Belarus,Belarus 0.0-4.0 Sweden,Victoria,Oficial (torneo)
Sweden,2017-10-07,Luxembourg,Sweden 8.0-0.0 Luxembourg,Victoria,Oficial (torneo)
Sweden,2017-10-10,Netherlands,Netherlands 2.0-0.0 Sweden,Derrota,Oficial (torneo)
Sweden,2017-11-10,Italy,Sweden 1.0-0.0 Italy,Victoria,Oficial (torneo)
Sweden,2017-11-13,Italy,Italy 0.0-0.0 Sweden,Empate,Oficial (torneo)
Sweden,2018-01-07,Estonia,Estonia 1.0-1.0 Sweden,Empate,Amistoso
Sweden,2018-01-11,Denmark,Denmark 0.0-1.0 Sweden,Victoria,Amistoso
Sweden,2018-03-24,Chile,Sweden 1.0-2.0 Chile,Derrota,Amistoso
Sweden,2018-03-27,Romania,Romania 1.0-0.0 Sweden,Derrota,Amistoso
Sweden,2018-06-02,Denmark,Sweden 0.0-0.0 Denmark,Empate,Amistoso
Sweden,2018-06-09,Peru,Sweden 0.0-0.0 Peru,Empate,Amistoso
Sweden,2018-06-18,South Korea,Sweden 1.0-0.0 South Korea,Victoria,Oficial (torneo)
Sweden,2018-06-23,Germany,Germany 2.0-1.0 Sweden,Derrota,Oficial (torneo)
Sweden,2018-06-27,Mexico,Mexico 0.0-3.0 Sweden,Victoria,Oficial (torneo)
Sweden,2018-07-03,Switzerland,Sweden 1.0-0.0 Switzerland,Victoria,Oficial (torneo)
Sweden,2018-07-07,England,Sweden 0.0-2.0 England,Derrota,Oficial (torneo)
Sweden,2018-09-06,Austria,Austria 2.0-0.0 Sweden,Derrota,Amistoso
Sweden,2018-09-10,Turkey,Sweden 2.0-3.0 Turkey,Derrota,Oficial (torneo)
Sweden,2018-10-11,Russia,Russia 0.0-0.0 Sweden,Empate,Oficial (torneo)
Sweden,2018-10-16,Slovakia,Sweden 1.0-1.0 Slovakia,Empate,Amistoso
Sweden,2018-11-17,Turkey,Turkey 0.0-1.0 Sweden,Victoria,Oficial (torneo)
Sweden,2018-11-20,Russia,Sweden 2.0-0.0 Russia,Victoria,Oficial (torneo)
Sweden,2019-01-08,Finland,Finland 1.0-0.0 Sweden,Derrota,Amistoso
Sweden,2019-01-11,Iceland,Iceland 2.0-2.0 Sweden,Empate,Amistoso
Sweden,2019-03-23,Romania,Sweden 2.0-1.0 Romania,Victoria,Oficial (torneo)
Sweden,2019-03-26,Norway,Norway 3.0-3.0 Sweden,Empate,Oficial (torneo)
Sweden,2019-06-07,Malta,Sweden 3.0-0.0 Malta,Victoria,Oficial (torneo)
Sweden,2019-06-10,Spain,Spain 3.0-0.0 Sweden,Derrota,Oficial (torneo)
Sweden,2019-09-05,Faroe Islands,Faroe Islands 0.0-4.0 Sweden,Victoria,Oficial (torneo)
Sweden,2019-09-08,Norway,Sweden 1.0-1.0 Norway,Empate,Oficial (torneo)
Sweden,2019-10-12,Malta,Malta 0.0-4.0 Sweden,Victoria,Oficial (torneo)
Sweden,2019-10-15,Spain,Sweden 1.0-1.0 Spain,Empate,Oficial (torneo)
Sweden,2019-11-15,Romania,Romania 0.0-2.0 Sweden,Victoria,Oficial (torneo)
Sweden,2019-11-18,Faroe Islands,Sweden 3.0-0.0 Faroe Islands,Victoria,Oficial (torneo)
Sweden,2020-01-09,Moldova,Moldova 0.0-1.0 Sweden,Victoria,Amistoso
Sweden,2020-01-12,Kosovo,Kosovo 0.0-1.0 Sweden,Victoria,Amistoso
Sweden,2020-09-05,France,Sweden 0.0-1.0 France,Derrota,Oficial (torneo)
Sweden,2020-09-08,Portugal,Sweden 0.0-2.0 Portugal,Derrota,Oficial (torneo)
Sweden,2020-10-08,Russia,Russia 1.0-2.0 Sweden,Victoria,Amistoso
Sweden,2020-10-11,Croatia,Croatia 2.0-1.0 Sweden,Derrota,Oficial (torneo)
Sweden,2020-10-14,Portugal,Portugal 3.0-0.0 Sweden,Derrota,Oficial (torneo)
Sweden,2020-11-11,Denmark,Denmark 2.0-0.0 Sweden,Derrota,Amistoso
Sweden,2020-11-14,Croatia,Sweden 2.0-1.0 Croatia,Victoria,Oficial (torneo)
Sweden,2020-11-17,France,France 4.0-2.0 Sweden,Derrota,Oficial (torneo)
Sweden,2021-03-25,Georgia,Sweden 1.0-0.0 Georgia,Victoria,Oficial (torneo)
Sweden,2021-03-28,Kosovo,Kosovo 0.0-3.0 Sweden,Victoria,Oficial (torneo)
Sweden,2021-03-31,Estonia,Sweden 1.0-0.0 Estonia,Victoria,Amistoso
Sweden,2021-05-29,Finland,Sweden 2.0-0.0 Finland,Victoria,Amistoso
Sweden,2021-06-05,Armenia,Sweden 3.0-1.0 Armenia,Victoria,Amistoso
Sweden,2021-06-14,Spain,Spain 0.0-0.0 Sweden,Empate,Oficial (torneo)
Sweden,2021-06-18,Slovakia,Sweden 1.0-0.0 Slovakia,Victoria,Oficial (torneo)
Sweden,2021-06-23,Poland,Sweden 3.0-2.0 Poland,Victoria,Oficial (torneo)
Sweden,2021-06-29,Ukraine,Sweden 1.0-2.0 Ukraine,Derrota,Oficial (torneo)
Sweden,2021-09-02,Spain,Sweden 2.0-1.0 Spain,Victoria,Oficial (torneo)
Sweden,2021-09-05,Uzbekistan,Sweden 2.0-1.0 Uzbekistan,Victoria,Amistoso
Sweden,2021-09-08,Greece,Greece 2.0-1.0 Sweden,Derrota,Oficial (torneo)
Sweden,2021-10-09,Kosovo,Sweden 3.0-0.0 Kosovo,Victoria,Oficial (torneo)
Sweden,2021-10-12,Greece,Sweden 2.0-0.0 Greece,Victoria,Oficial (torneo)
Sweden,2021-11-11,Georgia,Georgia 2.0-0.0 Sweden,Derrota,Oficial (torneo)
Sweden,2021-11-14,Spain,Spain 1.0-0.0 Sweden,Derrota,Oficial (torneo)
Sweden,2022-03-24,Czech Republic,Sweden 1.0-0.0 Czech Republic,Victoria,Oficial (torneo)
Sweden,2022-03-29,Poland,Poland 2.0-0.0 Sweden,Derrota,Oficial (torneo)
Sweden,2022-06-02,Slovenia,Slovenia 0.0-2.0 Sweden,Victoria,Oficial (torneo)
Sweden,2022-06-05,Norway,Sweden 1.0-2.0 Norway,Derrota,Oficial (torneo)
Sweden,2022-06-09,Serbia,Sweden 0.0-1.0 Serbia,Derrota,Oficial (torneo)
Sweden,2022-06-12,Norway,Norway 3.0-2.0 Sweden,Derrota,Oficial (torneo)
Sweden,2022-09-24,Serbia,Serbia 4.0-1.0 Sweden,Derrota,Oficial (torneo)
Sweden,2022-09-27,Slovenia,Sweden 1.0-1.0 Slovenia,Empate,Oficial (torneo)
Sweden,2022-11-16,Mexico,Mexico 1.0-2.0 Sweden,Victoria,Amistoso
Sweden,2022-11-19,Algeria,Sweden 2.0-0.0 Algeria,Victoria,Amistoso
Sweden,2023-01-09,Finland,Sweden 2.0-0.0 Finland,Victoria,Amistoso
Sweden,2023-01-12,Iceland,Sweden 2.0-1.0 Iceland,Victoria,Amistoso
Sweden,2023-03-24,Belgium,Sweden 0.0-3.0 Belgium,Derrota,Oficial (torneo)
Sweden,2023-03-27,Azerbaijan,Sweden 5.0-0.0 Azerbaijan,Victoria,Oficial (torneo)
Sweden,2023-06-16,New Zealand,Sweden 4.0-1.0 New Zealand,Victoria,Amistoso
Sweden,2023-06-20,Austria,Austria 2.0-0.0 Sweden,Derrota,Oficial (torneo)
Sweden,2023-09-09,Estonia,Estonia 0.0-5.0 Sweden,Victoria,Oficial (torneo)
Sweden,2023-09-12,Austria,Sweden 1.0-3.0 Austria,Derrota,Oficial (torneo)
Sweden,2023-10-12,Moldova,Sweden 3.0-1.0 Moldova,Victoria,Amistoso
Sweden,2023-10-16,Belgium,Belgium 1.0-1.0 Sweden,Empate,Oficial (torneo)
Sweden,2023-11-16,Azerbaijan,Azerbaijan 3.0-0.0 Sweden,Derrota,Oficial (torneo)
Sweden,2023-11-19,Estonia,Sweden 2.0-0.0 Estonia,Victoria,Oficial (torneo)
Sweden,2024-01-12,Estonia,Sweden 2.0-1.0 Estonia,Victoria,Amistoso
Sweden,2024-03-21,Portugal,Portugal 5.0-2.0 Sweden,Derrota,Amistoso
Sweden,2024-03-25,Albania,Sweden 1.0-0.0 Albania,Victoria,Amistoso
Sweden,2024-06-05,Denmark,Denmark 2.0-1.0 Sweden,Derrota,Amistoso
Sweden,2024-06-08,Serbia,Sweden 0.0-3.0 Serbia,Derrota,Amistoso
Sweden,2024-09-05,Azerbaijan,Azerbaijan 1.0-3.0 Sweden,Victoria,Oficial (torneo)
Sweden,2024-09-08,Estonia,Sweden 3.0-0.0 Estonia,Victoria,Oficial (torneo)
Sweden,2024-10-11,Slovakia,Slovakia 2.0-2.0 Sweden,Empate,Oficial (torneo)
Sweden,2024-10-14,Estonia,Estonia 0.0-3.0 Sweden,Victoria,Oficial (torneo)
Sweden,2024-11-16,Slovakia,Sweden 2.0-1.0 Slovakia,Victoria,Oficial (torneo)
Sweden,2024-11-19,Azerbaijan,Sweden 6.0-0.0 Azerbaijan,Victoria,Oficial (torneo)
Sweden,2025-03-22,Luxembourg,Luxembourg 1.0-0.0 Sweden,Derrota,Amistoso
Sweden,2025-03-25,Northern Ireland,Sweden 5.0-1.0 Northern Ireland,Victoria,Amistoso
Sweden,2025-06-06,Hungary,Hungary 0.0-2.0 Sweden,Victoria,Amistoso
Sweden,2025-06-10,Algeria,Sweden 4.0-3.0 Algeria,Victoria,Amistoso
Sweden,2025-09-05,Slovenia,Slovenia 2.0-2.0 Sweden,Empate,Oficial (torneo)
Sweden,2025-09-08,Kosovo,Kosovo 2.0-0.0 Sweden,Derrota,Oficial (torneo)
Sweden,2025-10-10,Switzerland,Sweden 0.0-2.0 Switzerland,Derrota,Oficial (torneo)
Sweden,2025-10-13,Kosovo,Sweden 0.0-1.0 Kosovo,Derrota,Oficial (torneo)
Sweden,2025-11-15,Switzerland,Switzerland 4.0-1.0 Sweden,Derrota,Oficial (torneo)
Sweden,2025-11-18,Slovenia,Sweden 1.0-1.0 Slovenia,Empate,Oficial (torneo)
Sweden,2026-03-26,Ukraine,Ukraine 1.0-3.0 Sweden,Victoria,Oficial (torneo)
Sweden,2026-03-31,Poland,Sweden 3.0-2.0 Poland,Victoria,Oficial (torneo)
Sweden,2026-06-01,Norway,Norway 3.0-1.0 Sweden,Derrota,Amistoso
Sweden,2026-06-04,Greece,Sweden 2.0-2.0 Greece,Empate,Amistoso
Switzerland,2016-03-25,Republic of Ireland,Republic of Ireland 1.0-0.0 Switzerland,Derrota,Amistoso
Switzerland,2016-03-29,Bosnia and Herzegovina,Switzerland 0.0-2.0 Bosnia and Herzegovina,Derrota,Amistoso
Switzerland,2016-05-28,Belgium,Switzerland 1.0-2.0 Belgium,Derrota,Amistoso
Switzerland,2016-06-03,Moldova,Switzerland 2.0-1.0 Moldova,Victoria,Amistoso
Switzerland,2016-06-11,Albania,Albania 0.0-1.0 Switzerland,Victoria,Oficial (torneo)
Switzerland,2016-06-15,Romania,Romania 1.0-1.0 Switzerland,Empate,Oficial (torneo)
Switzerland,2016-06-19,France,France 0.0-0.0 Switzerland,Empate,Oficial (torneo)
Switzerland,2016-06-25,Poland,Switzerland 1.0-1.0 Poland,Empate,Oficial (torneo)
Switzerland,2016-09-06,Portugal,Switzerland 2.0-0.0 Portugal,Victoria,Oficial (torneo)
Switzerland,2016-10-07,Hungary,Hungary 2.0-3.0 Switzerland,Victoria,Oficial (torneo)
Switzerland,2016-10-10,Andorra,Andorra 1.0-2.0 Switzerland,Victoria,Oficial (torneo)
Switzerland,2016-11-13,Faroe Islands,Switzerland 2.0-0.0 Faroe Islands,Victoria,Oficial (torneo)
Switzerland,2017-03-25,Latvia,Switzerland 1.0-0.0 Latvia,Victoria,Oficial (torneo)
Switzerland,2017-06-01,Belarus,Switzerland 1.0-0.0 Belarus,Victoria,Amistoso
Switzerland,2017-06-09,Faroe Islands,Faroe Islands 0.0-2.0 Switzerland,Victoria,Oficial (torneo)
Switzerland,2017-08-31,Andorra,Switzerland 3.0-0.0 Andorra,Victoria,Oficial (torneo)
Switzerland,2017-09-03,Latvia,Latvia 0.0-3.0 Switzerland,Victoria,Oficial (torneo)
Switzerland,2017-10-07,Hungary,Switzerland 5.0-2.0 Hungary,Victoria,Oficial (torneo)
Switzerland,2017-10-10,Portugal,Portugal 2.0-0.0 Switzerland,Derrota,Oficial (torneo)
Switzerland,2017-11-09,Northern Ireland,Northern Ireland 0.0-1.0 Switzerland,Victoria,Oficial (torneo)
Switzerland,2017-11-12,Northern Ireland,Switzerland 0.0-0.0 Northern Ireland,Empate,Oficial (torneo)
Switzerland,2018-03-23,Greece,Greece 0.0-1.0 Switzerland,Victoria,Amistoso
Switzerland,2018-03-27,Panama,Switzerland 6.0-0.0 Panama,Victoria,Amistoso
Switzerland,2018-06-03,Spain,Spain 1.0-1.0 Switzerland,Empate,Amistoso
Switzerland,2018-06-08,Japan,Switzerland 2.0-0.0 Japan,Victoria,Amistoso
Switzerland,2018-06-17,Brazil,Brazil 1.0-1.0 Switzerland,Empate,Oficial (torneo)
Switzerland,2018-06-22,Serbia,Serbia 1.0-2.0 Switzerland,Victoria,Oficial (torneo)
Switzerland,2018-06-27,Costa Rica,Switzerland 2.0-2.0 Costa Rica,Empate,Oficial (torneo)
Switzerland,2018-07-03,Sweden,Sweden 1.0-0.0 Switzerland,Derrota,Oficial (torneo)
Switzerland,2018-09-08,Iceland,Switzerland 6.0-0.0 Iceland,Victoria,Oficial (torneo)
Switzerland,2018-09-11,England,England 1.0-0.0 Switzerland,Derrota,Amistoso
Switzerland,2018-10-12,Belgium,Belgium 2.0-1.0 Switzerland,Derrota,Oficial (torneo)
Switzerland,2018-10-15,Iceland,Iceland 1.0-2.0 Switzerland,Victoria,Oficial (torneo)
Switzerland,2018-11-14,Qatar,Switzerland 0.0-1.0 Qatar,Derrota,Amistoso
Switzerland,2018-11-18,Belgium,Switzerland 5.0-2.0 Belgium,Victoria,Oficial (torneo)
Switzerland,2019-03-23,Georgia,Georgia 0.0-2.0 Switzerland,Victoria,Oficial (torneo)
Switzerland,2019-03-26,Denmark,Switzerland 3.0-3.0 Denmark,Empate,Oficial (torneo)
Switzerland,2019-06-05,Portugal,Portugal 3.0-1.0 Switzerland,Derrota,Oficial (torneo)
Switzerland,2019-06-09,England,Switzerland 0.0-0.0 England,Empate,Oficial (torneo)
Switzerland,2019-09-05,Republic of Ireland,Republic of Ireland 1.0-1.0 Switzerland,Empate,Oficial (torneo)
Switzerland,2019-09-08,Gibraltar,Switzerland 4.0-0.0 Gibraltar,Victoria,Oficial (torneo)
Switzerland,2019-10-12,Denmark,Denmark 1.0-0.0 Switzerland,Derrota,Oficial (torneo)
Switzerland,2019-10-15,Republic of Ireland,Switzerland 2.0-0.0 Republic of Ireland,Victoria,Oficial (torneo)
Switzerland,2019-11-15,Georgia,Switzerland 1.0-0.0 Georgia,Victoria,Oficial (torneo)
Switzerland,2019-11-18,Gibraltar,Gibraltar 1.0-6.0 Switzerland,Victoria,Oficial (torneo)
Switzerland,2020-09-03,Ukraine,Ukraine 2.0-1.0 Switzerland,Derrota,Oficial (torneo)
Switzerland,2020-09-06,Germany,Switzerland 1.0-1.0 Germany,Empate,Oficial (torneo)
Switzerland,2020-10-07,Croatia,Switzerland 1.0-2.0 Croatia,Derrota,Amistoso
Switzerland,2020-10-10,Spain,Spain 1.0-0.0 Switzerland,Derrota,Oficial (torneo)
Switzerland,2020-10-13,Germany,Germany 3.0-3.0 Switzerland,Empate,Oficial (torneo)
Switzerland,2020-11-11,Belgium,Belgium 2.0-1.0 Switzerland,Derrota,Amistoso
Switzerland,2020-11-14,Spain,Switzerland 1.0-1.0 Spain,Empate,Oficial (torneo)
Switzerland,2020-11-17,Ukraine,Switzerland 3.0-0.0 Ukraine,Victoria,Oficial (torneo)
Switzerland,2021-03-25,Bulgaria,Bulgaria 1.0-3.0 Switzerland,Victoria,Oficial (torneo)
Switzerland,2021-03-28,Lithuania,Switzerland 1.0-0.0 Lithuania,Victoria,Oficial (torneo)
Switzerland,2021-03-31,Finland,Switzerland 3.0-2.0 Finland,Victoria,Amistoso
Switzerland,2021-05-30,United States,Switzerland 2.0-1.0 United States,Victoria,Amistoso
Switzerland,2021-06-03,Liechtenstein,Switzerland 7.0-0.0 Liechtenstein,Victoria,Amistoso
Switzerland,2021-06-12,Wales,Wales 1.0-1.0 Switzerland,Empate,Oficial (torneo)
Switzerland,2021-06-16,Italy,Italy 3.0-0.0 Switzerland,Derrota,Oficial (torneo)
Switzerland,2021-06-20,Turkey,Switzerland 3.0-1.0 Turkey,Victoria,Oficial (torneo)
Switzerland,2021-06-28,France,France 3.0-3.0 Switzerland,Empate,Oficial (torneo)
Switzerland,2021-07-02,Spain,Switzerland 1.0-1.0 Spain,Empate,Oficial (torneo)
Switzerland,2021-09-01,Greece,Switzerland 2.0-1.0 Greece,Victoria,Amistoso
Switzerland,2021-09-05,Italy,Switzerland 0.0-0.0 Italy,Empate,Oficial (torneo)
Switzerland,2021-09-08,Northern Ireland,Northern Ireland 0.0-0.0 Switzerland,Empate,Oficial (torneo)
Switzerland,2021-10-09,Northern Ireland,Switzerland 2.0-0.0 Northern Ireland,Victoria,Oficial (torneo)
Switzerland,2021-10-12,Lithuania,Lithuania 0.0-4.0 Switzerland,Victoria,Oficial (torneo)
Switzerland,2021-11-12,Italy,Italy 1.0-1.0 Switzerland,Empate,Oficial (torneo)
Switzerland,2021-11-15,Bulgaria,Switzerland 4.0-0.0 Bulgaria,Victoria,Oficial (torneo)
Switzerland,2022-03-26,England,England 2.0-1.0 Switzerland,Derrota,Amistoso
Switzerland,2022-03-29,Kosovo,Switzerland 1.0-1.0 Kosovo,Empate,Amistoso
Switzerland,2022-06-02,Czech Republic,Czech Republic 2.0-1.0 Switzerland,Derrota,Oficial (torneo)
Switzerland,2022-06-05,Portugal,Portugal 4.0-0.0 Switzerland,Derrota,Oficial (torneo)
Switzerland,2022-06-09,Spain,Switzerland 0.0-1.0 Spain,Derrota,Oficial (torneo)
Switzerland,2022-06-12,Portugal,Switzerland 1.0-0.0 Portugal,Victoria,Oficial (torneo)
Switzerland,2022-09-24,Spain,Spain 1.0-2.0 Switzerland,Victoria,Oficial (torneo)
Switzerland,2022-09-27,Czech Republic,Switzerland 2.0-1.0 Czech Republic,Victoria,Oficial (torneo)
Switzerland,2022-11-17,Ghana,Switzerland 0.0-2.0 Ghana,Derrota,Amistoso
Switzerland,2022-11-24,Cameroon,Switzerland 1.0-0.0 Cameroon,Victoria,Oficial (torneo)
Switzerland,2022-11-28,Brazil,Brazil 1.0-0.0 Switzerland,Derrota,Oficial (torneo)
Switzerland,2022-12-02,Serbia,Serbia 2.0-3.0 Switzerland,Victoria,Oficial (torneo)
Switzerland,2022-12-06,Portugal,Portugal 6.0-1.0 Switzerland,Derrota,Oficial (torneo)
Switzerland,2023-03-25,Belarus,Belarus 0.0-5.0 Switzerland,Victoria,Oficial (torneo)
Switzerland,2023-03-28,Israel,Switzerland 3.0-0.0 Israel,Victoria,Oficial (torneo)
Switzerland,2023-06-16,Andorra,Andorra 1.0-2.0 Switzerland,Victoria,Oficial (torneo)
Switzerland,2023-06-19,Romania,Switzerland 2.0-2.0 Romania,Empate,Oficial (torneo)
Switzerland,2023-09-09,Kosovo,Kosovo 2.0-2.0 Switzerland,Empate,Oficial (torneo)
Switzerland,2023-09-12,Andorra,Switzerland 3.0-0.0 Andorra,Victoria,Oficial (torneo)
Switzerland,2023-10-15,Belarus,Switzerland 3.0-3.0 Belarus,Empate,Oficial (torneo)
Switzerland,2023-11-15,Israel,Israel 1.0-1.0 Switzerland,Empate,Oficial (torneo)
Switzerland,2023-11-18,Kosovo,Switzerland 1.0-1.0 Kosovo,Empate,Oficial (torneo)
Switzerland,2023-11-21,Romania,Romania 1.0-0.0 Switzerland,Derrota,Oficial (torneo)
Switzerland,2024-03-23,Denmark,Denmark 0.0-0.0 Switzerland,Empate,Amistoso
Switzerland,2024-03-26,Republic of Ireland,Republic of Ireland 0.0-1.0 Switzerland,Victoria,Amistoso
Switzerland,2024-06-04,Estonia,Switzerland 4.0-0.0 Estonia,Victoria,Amistoso
Switzerland,2024-06-08,Austria,Switzerland 1.0-1.0 Austria,Empate,Amistoso
Switzerland,2024-06-15,Hungary,Hungary 1.0-3.0 Switzerland,Victoria,Oficial (torneo)
Switzerland,2024-06-19,Scotland,Scotland 1.0-1.0 Switzerland,Empate,Oficial (torneo)
Switzerland,2024-06-23,Germany,Germany 1.0-1.0 Switzerland,Empate,Oficial (torneo)
Switzerland,2024-06-29,Italy,Switzerland 2.0-0.0 Italy,Victoria,Oficial (torneo)
Switzerland,2024-07-06,England,England 1.0-1.0 Switzerland,Empate,Oficial (torneo)
Switzerland,2024-09-05,Denmark,Denmark 2.0-0.0 Switzerland,Derrota,Oficial (torneo)
Switzerland,2024-09-08,Spain,Switzerland 1.0-4.0 Spain,Derrota,Oficial (torneo)
Switzerland,2024-10-12,Serbia,Serbia 2.0-0.0 Switzerland,Derrota,Oficial (torneo)
Switzerland,2024-10-15,Denmark,Switzerland 2.0-2.0 Denmark,Empate,Oficial (torneo)
Switzerland,2024-11-15,Serbia,Switzerland 1.0-1.0 Serbia,Empate,Oficial (torneo)
Switzerland,2024-11-18,Spain,Spain 3.0-2.0 Switzerland,Derrota,Oficial (torneo)
Switzerland,2025-03-21,Northern Ireland,Northern Ireland 1.0-1.0 Switzerland,Empate,Amistoso
Switzerland,2025-03-25,Luxembourg,Switzerland 3.0-1.0 Luxembourg,Victoria,Amistoso
Switzerland,2025-06-07,Mexico,Mexico 2.0-4.0 Switzerland,Victoria,Amistoso
Switzerland,2025-06-10,United States,United States 0.0-4.0 Switzerland,Victoria,Amistoso
Switzerland,2025-09-05,Kosovo,Switzerland 4.0-0.0 Kosovo,Victoria,Oficial (torneo)
Switzerland,2025-09-08,Slovenia,Switzerland 3.0-0.0 Slovenia,Victoria,Oficial (torneo)
Switzerland,2025-10-10,Sweden,Sweden 0.0-2.0 Switzerland,Victoria,Oficial (torneo)
Switzerland,2025-10-13,Slovenia,Slovenia 0.0-0.0 Switzerland,Empate,Oficial (torneo)
Switzerland,2025-11-15,Sweden,Switzerland 4.0-1.0 Sweden,Victoria,Oficial (torneo)
Switzerland,2025-11-18,Kosovo,Kosovo 1.0-1.0 Switzerland,Empate,Oficial (torneo)
Switzerland,2026-03-27,Germany,Switzerland 3.0-4.0 Germany,Derrota,Amistoso
Switzerland,2026-03-31,Norway,Norway 0.0-0.0 Switzerland,Empate,Amistoso
Switzerland,2026-05-31,Jordan,Switzerland 4.0-1.0 Jordan,Victoria,Amistoso
Switzerland,2026-06-06,Australia,Australia 1.0-1.0 Switzerland,Empate,Amistoso
Tunisia,2016-03-25,Togo,Tunisia 1.0-0.0 Togo,Victoria,Eliminatoria
Tunisia,2016-03-29,Togo,Togo 0.0-0.0 Tunisia,Empate,Eliminatoria
Tunisia,2016-06-03,Djibouti,Djibouti 0.0-3.0 Tunisia,Victoria,Eliminatoria
Tunisia,2016-09-04,Liberia,Tunisia 4.0-1.0 Liberia,Victoria,Eliminatoria
Tunisia,2016-10-09,Guinea,Tunisia 2.0-0.0 Guinea,Victoria,Oficial (torneo)
Tunisia,2016-11-11,Libya,Libya 0.0-1.0 Tunisia,Victoria,Oficial (torneo)
Tunisia,2016-11-15,Mauritania,Tunisia 0.0-0.0 Mauritania,Empate,Amistoso
Tunisia,2016-12-28,Catalonia,Catalonia 3.0-3.0 Tunisia,Empate,Amistoso
Tunisia,2016-12-30,Basque Country,Basque Country 3.0-1.0 Tunisia,Derrota,Amistoso
Tunisia,2017-01-04,Uganda,Tunisia 2.0-0.0 Uganda,Victoria,Amistoso
Tunisia,2017-01-08,Egypt,Egypt 1.0-0.0 Tunisia,Derrota,Amistoso
Tunisia,2017-01-15,Senegal,Tunisia 0.0-2.0 Senegal,Derrota,Otro / revisar
Tunisia,2017-01-19,Algeria,Algeria 1.0-2.0 Tunisia,Victoria,Otro / revisar
Tunisia,2017-01-23,Zimbabwe,Zimbabwe 2.0-4.0 Tunisia,Victoria,Otro / revisar
Tunisia,2017-01-28,Burkina Faso,Burkina Faso 2.0-0.0 Tunisia,Derrota,Otro / revisar
Tunisia,2017-03-24,Cameroon,Tunisia 0.0-1.0 Cameroon,Derrota,Amistoso
Tunisia,2017-03-28,Morocco,Morocco 1.0-0.0 Tunisia,Derrota,Amistoso
Tunisia,2017-06-11,Egypt,Tunisia 1.0-0.0 Egypt,Victoria,Eliminatoria
Tunisia,2017-09-01,DR Congo,Tunisia 2.0-1.0 DR Congo,Victoria,Oficial (torneo)
Tunisia,2017-09-05,DR Congo,DR Congo 2.0-2.0 Tunisia,Empate,Oficial (torneo)
Tunisia,2017-10-07,Guinea,Guinea 1.0-4.0 Tunisia,Victoria,Oficial (torneo)
Tunisia,2017-11-11,Libya,Tunisia 0.0-0.0 Libya,Empate,Oficial (torneo)
Tunisia,2018-03-23,Iran,Tunisia 1.0-0.0 Iran,Victoria,Amistoso
Tunisia,2018-03-27,Costa Rica,Tunisia 1.0-0.0 Costa Rica,Victoria,Amistoso
Tunisia,2018-05-28,Portugal,Portugal 2.0-2.0 Tunisia,Empate,Amistoso
Tunisia,2018-06-01,Turkey,Turkey 2.0-2.0 Tunisia,Empate,Amistoso
Tunisia,2018-06-09,Spain,Tunisia 0.0-1.0 Spain,Derrota,Amistoso
Tunisia,2018-06-18,England,Tunisia 1.0-2.0 England,Derrota,Oficial (torneo)
Tunisia,2018-06-23,Belgium,Belgium 5.0-2.0 Tunisia,Derrota,Oficial (torneo)
Tunisia,2018-06-28,Panama,Panama 1.0-2.0 Tunisia,Victoria,Oficial (torneo)
Tunisia,2018-09-09,Eswatini,Eswatini 0.0-2.0 Tunisia,Victoria,Eliminatoria
Tunisia,2018-10-13,Niger,Tunisia 1.0-0.0 Niger,Victoria,Eliminatoria
Tunisia,2018-10-16,Niger,Niger 1.0-2.0 Tunisia,Victoria,Eliminatoria
Tunisia,2018-11-16,Egypt,Egypt 3.0-2.0 Tunisia,Derrota,Eliminatoria
Tunisia,2018-11-20,Morocco,Tunisia 0.0-1.0 Morocco,Derrota,Amistoso
Tunisia,2019-03-22,Eswatini,Tunisia 4.0-0.0 Eswatini,Victoria,Eliminatoria
Tunisia,2019-03-26,Algeria,Algeria 1.0-0.0 Tunisia,Derrota,Amistoso
Tunisia,2019-06-07,Iraq,Tunisia 2.0-0.0 Iraq,Victoria,Amistoso
Tunisia,2019-06-11,Croatia,Croatia 1.0-2.0 Tunisia,Victoria,Amistoso
Tunisia,2019-06-17,Burundi,Tunisia 2.0-1.0 Burundi,Victoria,Amistoso
Tunisia,2019-06-24,Angola,Tunisia 1.0-1.0 Angola,Empate,Otro / revisar
Tunisia,2019-06-28,Mali,Tunisia 1.0-1.0 Mali,Empate,Otro / revisar
Tunisia,2019-07-02,Mauritania,Mauritania 0.0-0.0 Tunisia,Empate,Otro / revisar
Tunisia,2019-07-08,Ghana,Ghana 1.0-1.0 Tunisia,Empate,Otro / revisar
Tunisia,2019-07-11,Madagascar,Madagascar 0.0-3.0 Tunisia,Victoria,Otro / revisar
Tunisia,2019-07-14,Senegal,Senegal 1.0-0.0 Tunisia,Derrota,Otro / revisar
Tunisia,2019-07-17,Nigeria,Tunisia 0.0-1.0 Nigeria,Derrota,Otro / revisar
Tunisia,2019-09-06,Mauritania,Tunisia 1.0-0.0 Mauritania,Victoria,Amistoso
Tunisia,2019-09-10,Ivory Coast,Ivory Coast 2.0-1.0 Tunisia,Derrota,Amistoso
Tunisia,2019-10-12,Cameroon,Tunisia 0.0-0.0 Cameroon,Empate,Amistoso
Tunisia,2019-11-15,Libya,Tunisia 4.0-1.0 Libya,Victoria,Eliminatoria
Tunisia,2019-11-19,Equatorial Guinea,Equatorial Guinea 0.0-1.0 Tunisia,Victoria,Eliminatoria
Tunisia,2020-10-09,Sudan,Tunisia 3.0-0.0 Sudan,Victoria,Amistoso
Tunisia,2020-10-13,Nigeria,Nigeria 1.0-1.0 Tunisia,Empate,Amistoso
Tunisia,2020-11-13,Tanzania,Tunisia 1.0-0.0 Tanzania,Victoria,Eliminatoria
Tunisia,2020-11-17,Tanzania,Tanzania 1.0-1.0 Tunisia,Empate,Eliminatoria
Tunisia,2021-03-25,Libya,Libya 2.0-5.0 Tunisia,Victoria,Eliminatoria
Tunisia,2021-03-28,Equatorial Guinea,Tunisia 2.0-1.0 Equatorial Guinea,Victoria,Eliminatoria
Tunisia,2021-06-05,DR Congo,Tunisia 1.0-0.0 DR Congo,Victoria,Amistoso
Tunisia,2021-06-11,Algeria,Tunisia 0.0-2.0 Algeria,Derrota,Amistoso
Tunisia,2021-06-15,Mali,Tunisia 1.0-0.0 Mali,Victoria,Amistoso
Tunisia,2021-09-03,Equatorial Guinea,Tunisia 3.0-0.0 Equatorial Guinea,Victoria,Oficial (torneo)
Tunisia,2021-09-07,Zambia,Zambia 0.0-2.0 Tunisia,Victoria,Oficial (torneo)
Tunisia,2021-10-07,Mauritania,Tunisia 3.0-0.0 Mauritania,Victoria,Oficial (torneo)
Tunisia,2021-10-10,Mauritania,Mauritania 0.0-0.0 Tunisia,Empate,Oficial (torneo)
Tunisia,2021-11-13,Equatorial Guinea,Equatorial Guinea 1.0-0.0 Tunisia,Derrota,Oficial (torneo)
Tunisia,2021-11-16,Zambia,Tunisia 3.0-1.0 Zambia,Victoria,Oficial (torneo)
Tunisia,2021-11-30,Mauritania,Tunisia 5.0-1.0 Mauritania,Victoria,Otro / revisar
Tunisia,2021-12-03,Syria,Syria 2.0-0.0 Tunisia,Derrota,Otro / revisar
Tunisia,2021-12-06,United Arab Emirates,Tunisia 1.0-0.0 United Arab Emirates,Victoria,Otro / revisar
Tunisia,2021-12-10,Oman,Tunisia 2.0-1.0 Oman,Victoria,Otro / revisar
Tunisia,2021-12-15,Egypt,Tunisia 1.0-0.0 Egypt,Victoria,Otro / revisar
Tunisia,2021-12-18,Algeria,Tunisia 0.0-2.0 Algeria,Derrota,Otro / revisar
Tunisia,2022-01-12,Mali,Tunisia 0.0-1.0 Mali,Derrota,Otro / revisar
Tunisia,2022-01-16,Mauritania,Tunisia 4.0-0.0 Mauritania,Victoria,Otro / revisar
Tunisia,2022-01-20,Gambia,Gambia 1.0-0.0 Tunisia,Derrota,Otro / revisar
Tunisia,2022-01-23,Nigeria,Nigeria 0.0-1.0 Tunisia,Victoria,Otro / revisar
Tunisia,2022-01-29,Burkina Faso,Burkina Faso 1.0-0.0 Tunisia,Derrota,Otro / revisar
Tunisia,2022-03-25,Mali,Mali 0.0-1.0 Tunisia,Victoria,Oficial (torneo)
Tunisia,2022-03-29,Mali,Tunisia 0.0-0.0 Mali,Empate,Oficial (torneo)
Tunisia,2022-06-02,Equatorial Guinea,Tunisia 4.0-0.0 Equatorial Guinea,Victoria,Eliminatoria
Tunisia,2022-06-05,Botswana,Botswana 0.0-0.0 Tunisia,Empate,Eliminatoria
Tunisia,2022-06-10,Chile,Chile 0.0-2.0 Tunisia,Victoria,Otro / revisar
Tunisia,2022-06-14,Japan,Japan 0.0-3.0 Tunisia,Victoria,Otro / revisar
Tunisia,2022-09-22,Comoros,Comoros 0.0-1.0 Tunisia,Victoria,Amistoso
Tunisia,2022-09-27,Brazil,Brazil 5.0-1.0 Tunisia,Derrota,Amistoso
Tunisia,2022-11-16,Iran,Iran 0.0-2.0 Tunisia,Victoria,Amistoso
Tunisia,2022-11-22,Denmark,Denmark 0.0-0.0 Tunisia,Empate,Oficial (torneo)
Tunisia,2022-11-26,Australia,Tunisia 0.0-1.0 Australia,Derrota,Oficial (torneo)
Tunisia,2022-11-30,France,Tunisia 1.0-0.0 France,Victoria,Oficial (torneo)
Tunisia,2023-03-24,Libya,Tunisia 3.0-0.0 Libya,Victoria,Eliminatoria
Tunisia,2023-03-28,Libya,Libya 0.0-1.0 Tunisia,Victoria,Eliminatoria
Tunisia,2023-06-17,Equatorial Guinea,Equatorial Guinea 1.0-0.0 Tunisia,Derrota,Eliminatoria
Tunisia,2023-06-20,Algeria,Algeria 1.0-1.0 Tunisia,Empate,Amistoso
Tunisia,2023-09-07,Botswana,Tunisia 3.0-0.0 Botswana,Victoria,Eliminatoria
Tunisia,2023-09-12,Egypt,Egypt 1.0-3.0 Tunisia,Victoria,Amistoso
Tunisia,2023-10-13,South Korea,South Korea 4.0-0.0 Tunisia,Derrota,Amistoso
Tunisia,2023-11-17,São Tomé and Príncipe,Tunisia 4.0-0.0 São Tomé and Príncipe,Victoria,Oficial (torneo)
Tunisia,2023-11-21,Malawi,Malawi 0.0-1.0 Tunisia,Victoria,Oficial (torneo)
Tunisia,2024-01-06,Mauritania,Tunisia 0.0-0.0 Mauritania,Empate,Amistoso
Tunisia,2024-01-10,Cape Verde,Tunisia 2.0-0.0 Cape Verde,Victoria,Amistoso
Tunisia,2024-01-16,Namibia,Tunisia 0.0-1.0 Namibia,Derrota,Otro / revisar
Tunisia,2024-01-20,Mali,Tunisia 1.0-1.0 Mali,Empate,Otro / revisar
Tunisia,2024-01-24,South Africa,South Africa 0.0-0.0 Tunisia,Empate,Otro / revisar
Tunisia,2024-03-23,Croatia,Tunisia 0.0-0.0 Croatia,Empate,Otro / revisar
Tunisia,2024-03-26,New Zealand,New Zealand 0.0-0.0 Tunisia,Empate,Otro / revisar
Tunisia,2024-06-05,Equatorial Guinea,Tunisia 1.0-0.0 Equatorial Guinea,Victoria,Oficial (torneo)
Tunisia,2024-06-09,Namibia,Namibia 0.0-0.0 Tunisia,Empate,Oficial (torneo)
Tunisia,2024-09-05,Madagascar,Tunisia 1.0-0.0 Madagascar,Victoria,Eliminatoria
Tunisia,2024-09-08,Gambia,Gambia 1.0-2.0 Tunisia,Victoria,Eliminatoria
Tunisia,2024-10-11,Comoros,Tunisia 0.0-1.0 Comoros,Derrota,Eliminatoria
Tunisia,2024-10-15,Comoros,Comoros 1.0-1.0 Tunisia,Empate,Eliminatoria
Tunisia,2024-11-14,Madagascar,Madagascar 2.0-3.0 Tunisia,Victoria,Eliminatoria
Tunisia,2024-11-18,Gambia,Tunisia 0.0-1.0 Gambia,Derrota,Eliminatoria
Tunisia,2025-03-19,Liberia,Liberia 0.0-1.0 Tunisia,Victoria,Oficial (torneo)
Tunisia,2025-03-24,Malawi,Tunisia 2.0-0.0 Malawi,Victoria,Oficial (torneo)
Tunisia,2025-06-02,Burkina Faso,Tunisia 2.0-0.0 Burkina Faso,Victoria,Amistoso
Tunisia,2025-06-06,Morocco,Morocco 2.0-0.0 Tunisia,Derrota,Amistoso
Tunisia,2025-09-04,Liberia,Tunisia 3.0-0.0 Liberia,Victoria,Oficial (torneo)
Tunisia,2025-09-08,Equatorial Guinea,Equatorial Guinea 0.0-1.0 Tunisia,Victoria,Oficial (torneo)
Tunisia,2025-10-10,São Tomé and Príncipe,Tunisia 6.0-0.0 São Tomé and Príncipe,Victoria,Oficial (torneo)
Tunisia,2025-10-13,Namibia,Tunisia 3.0-0.0 Namibia,Victoria,Oficial (torneo)
Tunisia,2025-11-12,Mauritania,Tunisia 1.0-1.0 Mauritania,Empate,Amistoso
Tunisia,2025-11-14,Jordan,Tunisia 3.0-2.0 Jordan,Victoria,Amistoso
Tunisia,2025-11-18,Brazil,Brazil 1.0-1.0 Tunisia,Empate,Amistoso
Tunisia,2025-12-01,Syria,Tunisia 0.0-1.0 Syria,Derrota,Otro / revisar
Tunisia,2025-12-04,Palestine,Palestine 2.0-2.0 Tunisia,Empate,Otro / revisar
Tunisia,2025-12-07,Qatar,Qatar 0.0-3.0 Tunisia,Victoria,Otro / revisar
Tunisia,2025-12-23,Uganda,Tunisia 3.0-1.0 Uganda,Victoria,Otro / revisar
Tunisia,2025-12-27,Nigeria,Nigeria 3.0-2.0 Tunisia,Derrota,Otro / revisar
Tunisia,2025-12-30,Tanzania,Tanzania 1.0-1.0 Tunisia,Empate,Otro / revisar
Tunisia,2026-01-03,Mali,Mali 1.0-1.0 Tunisia,Empate,Otro / revisar
Tunisia,2026-03-28,Haiti,Haiti 0.0-1.0 Tunisia,Victoria,Amistoso
Tunisia,2026-03-31,Canada,Canada 0.0-0.0 Tunisia,Empate,Amistoso
Tunisia,2026-06-01,Austria,Austria 1.0-0.0 Tunisia,Derrota,Amistoso
Tunisia,2026-06-06,Belgium,Belgium 5.0-0.0 Tunisia,Derrota,Amistoso
United States,2016-01-31,Iceland,United States 3.0-2.0 Iceland,Victoria,Amistoso
United States,2016-03-25,Guatemala,Guatemala 2.0-0.0 United States,Derrota,Oficial (torneo)
United States,2016-03-29,Guatemala,United States 4.0-0.0 Guatemala,Victoria,Oficial (torneo)
United States,2016-05-22,Puerto Rico,Puerto Rico 1.0-3.0 United States,Victoria,Amistoso
United States,2016-06-03,Colombia,United States 0.0-2.0 Colombia,Derrota,Otro / revisar
United States,2016-06-07,Costa Rica,United States 4.0-0.0 Costa Rica,Victoria,Otro / revisar
United States,2016-06-11,Paraguay,United States 1.0-0.0 Paraguay,Victoria,Otro / revisar
United States,2016-06-16,Ecuador,United States 2.0-1.0 Ecuador,Victoria,Otro / revisar
United States,2016-06-21,Argentina,United States 0.0-4.0 Argentina,Derrota,Otro / revisar
United States,2016-06-25,Colombia,United States 0.0-1.0 Colombia,Derrota,Otro / revisar
United States,2016-09-02,Saint Vincent and the Grenadines,Saint Vincent and the Grenadines 0.0-6.0 United States,Victoria,Oficial (torneo)
United States,2016-09-06,Trinidad and Tobago,United States 4.0-0.0 Trinidad and Tobago,Victoria,Oficial (torneo)
United States,2016-10-07,Cuba,Cuba 0.0-2.0 United States,Victoria,Amistoso
United States,2016-11-11,Mexico,United States 1.0-2.0 Mexico,Derrota,Oficial (torneo)
United States,2016-11-15,Costa Rica,Costa Rica 4.0-0.0 United States,Derrota,Oficial (torneo)
United States,2017-01-29,Serbia,United States 0.0-0.0 Serbia,Empate,Amistoso
United States,2017-03-24,Honduras,United States 6.0-0.0 Honduras,Victoria,Oficial (torneo)
United States,2017-03-28,Panama,Panama 1.0-1.0 United States,Empate,Oficial (torneo)
United States,2017-06-03,Venezuela,United States 1.0-1.0 Venezuela,Empate,Amistoso
United States,2017-06-08,Trinidad and Tobago,United States 2.0-0.0 Trinidad and Tobago,Victoria,Oficial (torneo)
United States,2017-06-11,Mexico,Mexico 1.0-1.0 United States,Empate,Oficial (torneo)
United States,2017-07-01,Ghana,United States 2.0-1.0 Ghana,Victoria,Amistoso
United States,2017-07-08,Panama,United States 1.0-1.0 Panama,Empate,Oficial (torneo)
United States,2017-07-12,Martinique,United States 3.0-2.0 Martinique,Victoria,Oficial (torneo)
United States,2017-07-15,Nicaragua,United States 3.0-0.0 Nicaragua,Victoria,Oficial (torneo)
United States,2017-07-19,El Salvador,United States 2.0-0.0 El Salvador,Victoria,Oficial (torneo)
United States,2017-07-22,Costa Rica,United States 2.0-0.0 Costa Rica,Victoria,Oficial (torneo)
United States,2017-07-26,Jamaica,United States 2.0-1.0 Jamaica,Victoria,Oficial (torneo)
United States,2017-09-01,Costa Rica,United States 0.0-2.0 Costa Rica,Derrota,Oficial (torneo)
United States,2017-09-05,Honduras,Honduras 1.0-1.0 United States,Empate,Oficial (torneo)
United States,2017-10-06,Panama,United States 4.0-0.0 Panama,Victoria,Oficial (torneo)
United States,2017-10-10,Trinidad and Tobago,Trinidad and Tobago 2.0-1.0 United States,Derrota,Oficial (torneo)
United States,2017-11-14,Portugal,Portugal 1.0-1.0 United States,Empate,Amistoso
United States,2018-01-28,Bosnia and Herzegovina,United States 0.0-0.0 Bosnia and Herzegovina,Empate,Amistoso
United States,2018-03-27,Paraguay,United States 1.0-0.0 Paraguay,Victoria,Amistoso
United States,2018-05-28,Bolivia,United States 3.0-0.0 Bolivia,Victoria,Amistoso
United States,2018-06-02,Republic of Ireland,Republic of Ireland 2.0-1.0 United States,Derrota,Amistoso
United States,2018-06-09,France,France 1.0-1.0 United States,Empate,Amistoso
United States,2018-09-07,Brazil,United States 0.0-2.0 Brazil,Derrota,Amistoso
United States,2018-09-11,Mexico,United States 1.0-0.0 Mexico,Victoria,Amistoso
United States,2018-10-11,Colombia,United States 2.0-4.0 Colombia,Derrota,Amistoso
United States,2018-10-16,Peru,United States 1.0-1.0 Peru,Empate,Amistoso
United States,2018-11-15,England,England 3.0-0.0 United States,Derrota,Amistoso
United States,2018-11-20,Italy,Italy 1.0-0.0 United States,Derrota,Amistoso
United States,2019-01-27,Panama,United States 3.0-0.0 Panama,Victoria,Amistoso
United States,2019-02-02,Costa Rica,United States 2.0-0.0 Costa Rica,Victoria,Amistoso
United States,2019-03-21,Ecuador,United States 1.0-0.0 Ecuador,Victoria,Amistoso
United States,2019-03-26,Chile,United States 1.0-1.0 Chile,Empate,Amistoso
United States,2019-06-05,Jamaica,United States 0.0-1.0 Jamaica,Derrota,Amistoso
United States,2019-06-09,Venezuela,United States 0.0-3.0 Venezuela,Derrota,Amistoso
United States,2019-06-18,Guyana,United States 4.0-0.0 Guyana,Victoria,Oficial (torneo)
United States,2019-06-22,Trinidad and Tobago,United States 6.0-0.0 Trinidad and Tobago,Victoria,Oficial (torneo)
United States,2019-06-26,Panama,United States 1.0-0.0 Panama,Victoria,Oficial (torneo)
United States,2019-06-30,Curaçao,United States 1.0-0.0 Curaçao,Victoria,Oficial (torneo)
United States,2019-07-03,Jamaica,United States 3.0-1.0 Jamaica,Victoria,Oficial (torneo)
United States,2019-07-07,Mexico,United States 0.0-1.0 Mexico,Derrota,Oficial (torneo)
United States,2019-09-06,Mexico,United States 0.0-3.0 Mexico,Derrota,Amistoso
United States,2019-09-10,Uruguay,United States 1.0-1.0 Uruguay,Empate,Amistoso
United States,2019-10-11,Cuba,United States 7.0-0.0 Cuba,Victoria,Oficial (torneo)
United States,2019-10-15,Canada,Canada 2.0-0.0 United States,Derrota,Oficial (torneo)
United States,2019-11-15,Canada,United States 4.0-1.0 Canada,Victoria,Oficial (torneo)
United States,2019-11-19,Cuba,Cuba 0.0-4.0 United States,Victoria,Oficial (torneo)
United States,2020-02-01,Costa Rica,United States 1.0-0.0 Costa Rica,Victoria,Amistoso
United States,2020-11-12,Wales,Wales 0.0-0.0 United States,Empate,Amistoso
United States,2020-11-16,Panama,United States 6.0-2.0 Panama,Victoria,Amistoso
United States,2020-12-09,El Salvador,United States 6.0-0.0 El Salvador,Victoria,Amistoso
United States,2021-01-31,Trinidad and Tobago,United States 7.0-0.0 Trinidad and Tobago,Victoria,Amistoso
United States,2021-03-25,Jamaica,United States 4.0-1.0 Jamaica,Victoria,Amistoso
United States,2021-03-28,Northern Ireland,Northern Ireland 1.0-2.0 United States,Victoria,Amistoso
United States,2021-05-30,Switzerland,Switzerland 2.0-1.0 United States,Derrota,Amistoso
United States,2021-06-03,Honduras,United States 1.0-0.0 Honduras,Victoria,Oficial (torneo)
United States,2021-06-06,Mexico,United States 3.0-2.0 Mexico,Victoria,Oficial (torneo)
United States,2021-06-09,Costa Rica,United States 4.0-0.0 Costa Rica,Victoria,Amistoso
United States,2021-07-11,Haiti,United States 1.0-0.0 Haiti,Victoria,Oficial (torneo)
United States,2021-07-15,Martinique,United States 6.0-1.0 Martinique,Victoria,Oficial (torneo)
United States,2021-07-18,Canada,United States 1.0-0.0 Canada,Victoria,Oficial (torneo)
United States,2021-07-25,Jamaica,United States 1.0-0.0 Jamaica,Victoria,Oficial (torneo)
United States,2021-07-29,Qatar,United States 1.0-0.0 Qatar,Victoria,Oficial (torneo)
United States,2021-08-01,Mexico,United States 1.0-0.0 Mexico,Victoria,Oficial (torneo)
United States,2021-09-02,El Salvador,El Salvador 0.0-0.0 United States,Empate,Oficial (torneo)
United States,2021-09-05,Canada,United States 1.0-1.0 Canada,Empate,Oficial (torneo)
United States,2021-09-08,Honduras,Honduras 1.0-4.0 United States,Victoria,Oficial (torneo)
United States,2021-10-07,Jamaica,United States 2.0-0.0 Jamaica,Victoria,Oficial (torneo)
United States,2021-10-10,Panama,Panama 1.0-0.0 United States,Derrota,Oficial (torneo)
United States,2021-10-13,Costa Rica,United States 2.0-1.0 Costa Rica,Victoria,Oficial (torneo)
United States,2021-11-12,Mexico,United States 2.0-0.0 Mexico,Victoria,Oficial (torneo)
United States,2021-11-16,Jamaica,Jamaica 1.0-1.0 United States,Empate,Oficial (torneo)
United States,2021-12-18,Bosnia and Herzegovina,United States 1.0-0.0 Bosnia and Herzegovina,Victoria,Amistoso
United States,2022-01-27,El Salvador,United States 1.0-0.0 El Salvador,Victoria,Oficial (torneo)
United States,2022-01-30,Canada,Canada 2.0-0.0 United States,Derrota,Oficial (torneo)
United States,2022-02-02,Honduras,United States 3.0-0.0 Honduras,Victoria,Oficial (torneo)
United States,2022-03-24,Mexico,Mexico 0.0-0.0 United States,Empate,Oficial (torneo)
United States,2022-03-27,Panama,United States 5.0-1.0 Panama,Victoria,Oficial (torneo)
United States,2022-03-30,Costa Rica,Costa Rica 2.0-0.0 United States,Derrota,Oficial (torneo)
United States,2022-06-01,Morocco,United States 3.0-0.0 Morocco,Victoria,Amistoso
United States,2022-06-05,Uruguay,United States 0.0-0.0 Uruguay,Empate,Amistoso
United States,2022-06-10,Grenada,United States 5.0-0.0 Grenada,Victoria,Oficial (torneo)
United States,2022-06-14,El Salvador,El Salvador 1.0-1.0 United States,Empate,Oficial (torneo)
United States,2022-09-23,Japan,Japan 2.0-0.0 United States,Derrota,Otro / revisar
United States,2022-09-27,Saudi Arabia,Saudi Arabia 0.0-0.0 United States,Empate,Amistoso
United States,2022-11-21,Wales,United States 1.0-1.0 Wales,Empate,Oficial (torneo)
United States,2022-11-25,England,England 0.0-0.0 United States,Empate,Oficial (torneo)
United States,2022-11-29,Iran,Iran 0.0-1.0 United States,Victoria,Oficial (torneo)
United States,2022-12-03,Netherlands,Netherlands 3.0-1.0 United States,Derrota,Oficial (torneo)
United States,2023-01-25,Serbia,United States 1.0-2.0 Serbia,Derrota,Amistoso
United States,2023-01-28,Colombia,United States 0.0-0.0 Colombia,Empate,Amistoso
United States,2023-03-24,Grenada,Grenada 1.0-7.0 United States,Victoria,Oficial (torneo)
United States,2023-03-27,El Salvador,United States 1.0-0.0 El Salvador,Victoria,Oficial (torneo)
United States,2023-04-19,Mexico,United States 1.0-1.0 Mexico,Empate,Amistoso
United States,2023-06-15,Mexico,United States 3.0-0.0 Mexico,Victoria,Oficial (torneo)
United States,2023-06-18,Canada,United States 2.0-0.0 Canada,Victoria,Oficial (torneo)
United States,2023-06-24,Jamaica,United States 1.0-1.0 Jamaica,Empate,Oficial (torneo)
United States,2023-06-28,Saint Kitts and Nevis,United States 6.0-0.0 Saint Kitts and Nevis,Victoria,Oficial (torneo)
United States,2023-07-02,Trinidad and Tobago,United States 6.0-0.0 Trinidad and Tobago,Victoria,Oficial (torneo)
United States,2023-07-09,Canada,United States 2.0-2.0 Canada,Empate,Oficial (torneo)
United States,2023-07-12,Panama,United States 1.0-1.0 Panama,Empate,Oficial (torneo)
United States,2023-09-09,Uzbekistan,United States 3.0-0.0 Uzbekistan,Victoria,Amistoso
United States,2023-09-12,Oman,United States 4.0-0.0 Oman,Victoria,Amistoso
United States,2023-10-14,Germany,United States 1.0-3.0 Germany,Derrota,Amistoso
United States,2023-10-17,Ghana,United States 4.0-0.0 Ghana,Victoria,Amistoso
United States,2023-11-16,Trinidad and Tobago,United States 3.0-0.0 Trinidad and Tobago,Victoria,Oficial (torneo)
United States,2023-11-20,Trinidad and Tobago,Trinidad and Tobago 2.0-1.0 United States,Derrota,Oficial (torneo)
United States,2024-01-20,Slovenia,United States 0.0-1.0 Slovenia,Derrota,Amistoso
United States,2024-03-21,Jamaica,United States 3.0-1.0 Jamaica,Victoria,Oficial (torneo)
United States,2024-03-24,Mexico,United States 2.0-0.0 Mexico,Victoria,Oficial (torneo)
United States,2024-06-08,Colombia,United States 1.0-5.0 Colombia,Derrota,Amistoso
United States,2024-06-12,Brazil,United States 1.0-1.0 Brazil,Empate,Amistoso
United States,2024-06-23,Bolivia,United States 2.0-0.0 Bolivia,Victoria,Otro / revisar
United States,2024-06-27,Panama,United States 1.0-2.0 Panama,Derrota,Otro / revisar
United States,2024-07-01,Uruguay,United States 0.0-1.0 Uruguay,Derrota,Otro / revisar
United States,2024-09-07,Canada,United States 1.0-2.0 Canada,Derrota,Amistoso
United States,2024-09-10,New Zealand,United States 1.0-1.0 New Zealand,Empate,Amistoso
United States,2024-10-12,Panama,United States 2.0-0.0 Panama,Victoria,Amistoso
United States,2024-10-15,Mexico,Mexico 2.0-0.0 United States,Derrota,Amistoso
United States,2024-11-14,Jamaica,Jamaica 0.0-1.0 United States,Victoria,Oficial (torneo)
United States,2024-11-18,Jamaica,United States 4.0-2.0 Jamaica,Victoria,Oficial (torneo)
United States,2025-01-18,Venezuela,United States 3.0-1.0 Venezuela,Victoria,Amistoso
United States,2025-01-22,Costa Rica,United States 3.0-0.0 Costa Rica,Victoria,Amistoso
United States,2025-03-20,Panama,United States 0.0-1.0 Panama,Derrota,Oficial (torneo)
United States,2025-03-23,Canada,United States 1.0-2.0 Canada,Derrota,Oficial (torneo)
United States,2025-06-07,Turkey,United States 1.0-2.0 Turkey,Derrota,Amistoso
United States,2025-06-10,Switzerland,United States 0.0-4.0 Switzerland,Derrota,Amistoso
United States,2025-06-15,Trinidad and Tobago,United States 5.0-0.0 Trinidad and Tobago,Victoria,Oficial (torneo)
United States,2025-06-19,Saudi Arabia,United States 1.0-0.0 Saudi Arabia,Victoria,Oficial (torneo)
United States,2025-06-22,Haiti,United States 2.0-1.0 Haiti,Victoria,Oficial (torneo)
United States,2025-06-29,Costa Rica,United States 2.0-2.0 Costa Rica,Empate,Oficial (torneo)
United States,2025-07-02,Guatemala,United States 2.0-1.0 Guatemala,Victoria,Oficial (torneo)
United States,2025-07-06,Mexico,United States 1.0-2.0 Mexico,Derrota,Oficial (torneo)
United States,2025-09-06,South Korea,United States 0.0-2.0 South Korea,Derrota,Amistoso
United States,2025-09-09,Japan,United States 2.0-0.0 Japan,Victoria,Amistoso
United States,2025-10-10,Ecuador,United States 1.0-1.0 Ecuador,Empate,Amistoso
United States,2025-10-14,Australia,United States 2.0-1.0 Australia,Victoria,Amistoso
United States,2025-11-15,Paraguay,United States 2.0-1.0 Paraguay,Victoria,Amistoso
United States,2025-11-18,Uruguay,United States 5.0-1.0 Uruguay,Victoria,Amistoso
United States,2026-03-28,Belgium,United States 2.0-5.0 Belgium,Derrota,Amistoso
United States,2026-03-31,Portugal,United States 0.0-2.0 Portugal,Derrota,Amistoso
United States,2026-05-31,Senegal,United States 3.0-2.0 Senegal,Victoria,Amistoso
United States,2026-06-06,Germany,United States 1.0-2.0 Germany,Derrota,Amistoso
Uruguay,2016-03-25,Brazil,Brazil 2.0-2.0 Uruguay,Empate,Oficial (torneo)
Uruguay,2016-03-29,Peru,Uruguay 1.0-0.0 Peru,Victoria,Oficial (torneo)
Uruguay,2016-05-27,Trinidad and Tobago,Uruguay 3.0-1.0 Trinidad and Tobago,Victoria,Amistoso
Uruguay,2016-06-05,Mexico,Mexico 3.0-1.0 Uruguay,Derrota,Otro / revisar
Uruguay,2016-06-09,Venezuela,Uruguay 0.0-1.0 Venezuela,Derrota,Otro / revisar
Uruguay,2016-06-13,Jamaica,Uruguay 3.0-0.0 Jamaica,Victoria,Otro / revisar
Uruguay,2016-09-01,Argentina,Argentina 1.0-0.0 Uruguay,Derrota,Oficial (torneo)
Uruguay,2016-09-06,Paraguay,Uruguay 4.0-0.0 Paraguay,Victoria,Oficial (torneo)
Uruguay,2016-10-06,Venezuela,Uruguay 3.0-0.0 Venezuela,Victoria,Oficial (torneo)
Uruguay,2016-10-11,Colombia,Colombia 2.0-2.0 Uruguay,Empate,Oficial (torneo)
Uruguay,2016-11-10,Ecuador,Uruguay 2.0-1.0 Ecuador,Victoria,Oficial (torneo)
Uruguay,2016-11-15,Chile,Chile 3.0-1.0 Uruguay,Derrota,Oficial (torneo)
Uruguay,2017-03-23,Brazil,Uruguay 1.0-4.0 Brazil,Derrota,Oficial (torneo)
Uruguay,2017-03-28,Peru,Peru 2.0-1.0 Uruguay,Derrota,Oficial (torneo)
Uruguay,2017-06-04,Republic of Ireland,Republic of Ireland 3.0-1.0 Uruguay,Derrota,Amistoso
Uruguay,2017-06-07,Italy,Italy 3.0-0.0 Uruguay,Derrota,Amistoso
Uruguay,2017-08-31,Argentina,Uruguay 0.0-0.0 Argentina,Empate,Oficial (torneo)
Uruguay,2017-09-05,Paraguay,Paraguay 1.0-2.0 Uruguay,Victoria,Oficial (torneo)
Uruguay,2017-10-05,Venezuela,Venezuela 0.0-0.0 Uruguay,Empate,Oficial (torneo)
Uruguay,2017-10-10,Bolivia,Uruguay 4.0-2.0 Bolivia,Victoria,Oficial (torneo)
Uruguay,2017-11-10,Poland,Poland 0.0-0.0 Uruguay,Empate,Amistoso
Uruguay,2017-11-14,Austria,Austria 2.0-1.0 Uruguay,Derrota,Amistoso
Uruguay,2018-03-23,Czech Republic,Uruguay 2.0-0.0 Czech Republic,Victoria,Amistoso
Uruguay,2018-03-26,Wales,Wales 0.0-1.0 Uruguay,Victoria,Amistoso
Uruguay,2018-06-07,Uzbekistan,Uruguay 3.0-0.0 Uzbekistan,Victoria,Amistoso
Uruguay,2018-06-15,Egypt,Egypt 0.0-1.0 Uruguay,Victoria,Oficial (torneo)
Uruguay,2018-06-20,Saudi Arabia,Uruguay 1.0-0.0 Saudi Arabia,Victoria,Oficial (torneo)
Uruguay,2018-06-25,Russia,Russia 0.0-3.0 Uruguay,Victoria,Oficial (torneo)
Uruguay,2018-06-30,Portugal,Uruguay 2.0-1.0 Portugal,Victoria,Oficial (torneo)
Uruguay,2018-07-06,France,Uruguay 0.0-2.0 France,Derrota,Oficial (torneo)
Uruguay,2018-09-07,Mexico,Mexico 1.0-4.0 Uruguay,Victoria,Amistoso
Uruguay,2018-10-12,South Korea,South Korea 2.0-1.0 Uruguay,Derrota,Amistoso
Uruguay,2018-10-16,Japan,Japan 4.0-3.0 Uruguay,Derrota,Otro / revisar
Uruguay,2018-11-16,Brazil,Brazil 1.0-0.0 Uruguay,Derrota,Amistoso
Uruguay,2018-11-20,France,France 1.0-0.0 Uruguay,Derrota,Amistoso
Uruguay,2019-06-07,Panama,Uruguay 3.0-0.0 Panama,Victoria,Amistoso
Uruguay,2019-06-16,Ecuador,Uruguay 4.0-0.0 Ecuador,Victoria,Otro / revisar
Uruguay,2019-06-20,Japan,Uruguay 2.0-2.0 Japan,Empate,Otro / revisar
Uruguay,2019-06-24,Chile,Chile 0.0-1.0 Uruguay,Victoria,Otro / revisar
Uruguay,2019-06-29,Peru,Uruguay 0.0-0.0 Peru,Empate,Otro / revisar
Uruguay,2019-09-06,Costa Rica,Costa Rica 1.0-2.0 Uruguay,Victoria,Amistoso
Uruguay,2019-09-10,United States,United States 1.0-1.0 Uruguay,Empate,Amistoso
Uruguay,2019-10-11,Peru,Uruguay 1.0-0.0 Peru,Victoria,Amistoso
Uruguay,2019-10-15,Peru,Peru 1.0-1.0 Uruguay,Empate,Amistoso
Uruguay,2019-11-15,Hungary,Hungary 1.0-2.0 Uruguay,Victoria,Amistoso
Uruguay,2019-11-18,Argentina,Argentina 2.0-2.0 Uruguay,Empate,Amistoso
Uruguay,2020-10-08,Chile,Uruguay 2.0-1.0 Chile,Victoria,Oficial (torneo)
Uruguay,2020-10-13,Ecuador,Ecuador 4.0-2.0 Uruguay,Derrota,Oficial (torneo)
Uruguay,2020-11-13,Colombia,Colombia 0.0-3.0 Uruguay,Victoria,Oficial (torneo)
Uruguay,2020-11-17,Brazil,Uruguay 0.0-2.0 Brazil,Derrota,Oficial (torneo)
Uruguay,2021-06-03,Paraguay,Uruguay 0.0-0.0 Paraguay,Empate,Oficial (torneo)
Uruguay,2021-06-08,Venezuela,Venezuela 0.0-0.0 Uruguay,Empate,Oficial (torneo)
Uruguay,2021-06-18,Argentina,Argentina 1.0-0.0 Uruguay,Derrota,Otro / revisar
Uruguay,2021-06-21,Chile,Uruguay 1.0-1.0 Chile,Empate,Otro / revisar
Uruguay,2021-06-24,Bolivia,Bolivia 0.0-2.0 Uruguay,Victoria,Otro / revisar
Uruguay,2021-06-28,Paraguay,Uruguay 1.0-0.0 Paraguay,Victoria,Otro / revisar
Uruguay,2021-07-03,Colombia,Uruguay 0.0-0.0 Colombia,Empate,Otro / revisar
Uruguay,2021-09-02,Peru,Peru 1.0-1.0 Uruguay,Empate,Oficial (torneo)
Uruguay,2021-09-05,Bolivia,Uruguay 4.0-2.0 Bolivia,Victoria,Oficial (torneo)
Uruguay,2021-09-09,Ecuador,Uruguay 1.0-0.0 Ecuador,Victoria,Oficial (torneo)
Uruguay,2021-10-07,Colombia,Uruguay 0.0-0.0 Colombia,Empate,Oficial (torneo)
Uruguay,2021-10-10,Argentina,Argentina 3.0-0.0 Uruguay,Derrota,Oficial (torneo)
Uruguay,2021-10-14,Brazil,Brazil 4.0-1.0 Uruguay,Derrota,Oficial (torneo)
Uruguay,2021-11-12,Argentina,Uruguay 0.0-1.0 Argentina,Derrota,Oficial (torneo)
Uruguay,2021-11-16,Bolivia,Bolivia 3.0-0.0 Uruguay,Derrota,Oficial (torneo)
Uruguay,2022-01-27,Paraguay,Paraguay 0.0-1.0 Uruguay,Victoria,Oficial (torneo)
Uruguay,2022-02-01,Venezuela,Uruguay 4.0-1.0 Venezuela,Victoria,Oficial (torneo)
Uruguay,2022-03-24,Peru,Uruguay 1.0-0.0 Peru,Victoria,Oficial (torneo)
Uruguay,2022-03-29,Chile,Chile 0.0-2.0 Uruguay,Victoria,Oficial (torneo)
Uruguay,2022-06-02,Mexico,Mexico 0.0-3.0 Uruguay,Victoria,Amistoso
Uruguay,2022-06-05,United States,United States 0.0-0.0 Uruguay,Empate,Amistoso
Uruguay,2022-06-11,Panama,Uruguay 5.0-0.0 Panama,Victoria,Amistoso
Uruguay,2022-09-23,Iran,Iran 1.0-0.0 Uruguay,Derrota,Amistoso
Uruguay,2022-09-27,Canada,Canada 0.0-2.0 Uruguay,Victoria,Amistoso
Uruguay,2022-11-24,South Korea,Uruguay 0.0-0.0 South Korea,Empate,Oficial (torneo)
Uruguay,2022-11-28,Portugal,Portugal 2.0-0.0 Uruguay,Derrota,Oficial (torneo)
Uruguay,2022-12-02,Ghana,Ghana 0.0-2.0 Uruguay,Victoria,Oficial (torneo)
Uruguay,2023-03-24,Japan,Japan 1.0-1.0 Uruguay,Empate,Amistoso
Uruguay,2023-03-28,South Korea,South Korea 1.0-2.0 Uruguay,Victoria,Amistoso
Uruguay,2023-06-14,Nicaragua,Uruguay 4.0-1.0 Nicaragua,Victoria,Amistoso
Uruguay,2023-06-20,Cuba,Uruguay 2.0-0.0 Cuba,Victoria,Amistoso
Uruguay,2023-09-08,Chile,Uruguay 3.0-1.0 Chile,Victoria,Oficial (torneo)
Uruguay,2023-09-12,Ecuador,Ecuador 2.0-1.0 Uruguay,Derrota,Oficial (torneo)
Uruguay,2023-10-12,Colombia,Colombia 2.0-2.0 Uruguay,Empate,Oficial (torneo)
Uruguay,2023-10-17,Brazil,Uruguay 2.0-0.0 Brazil,Victoria,Oficial (torneo)
Uruguay,2023-11-16,Argentina,Argentina 0.0-2.0 Uruguay,Victoria,Oficial (torneo)
Uruguay,2023-11-21,Bolivia,Uruguay 3.0-0.0 Bolivia,Victoria,Oficial (torneo)
Uruguay,2024-03-26,Ivory Coast,Ivory Coast 2.0-1.0 Uruguay,Derrota,Amistoso
Uruguay,2024-05-21,Basque Country,Basque Country 1.0-1.0 Uruguay,Empate,Amistoso
Uruguay,2024-05-31,Costa Rica,Costa Rica 0.0-0.0 Uruguay,Empate,Amistoso
Uruguay,2024-06-05,Mexico,Mexico 0.0-4.0 Uruguay,Victoria,Amistoso
Uruguay,2024-06-23,Panama,Uruguay 3.0-1.0 Panama,Victoria,Otro / revisar
Uruguay,2024-06-27,Bolivia,Uruguay 5.0-0.0 Bolivia,Victoria,Otro / revisar
Uruguay,2024-07-01,United States,United States 0.0-1.0 Uruguay,Victoria,Otro / revisar
Uruguay,2024-07-06,Brazil,Uruguay 0.0-0.0 Brazil,Empate,Otro / revisar
Uruguay,2024-07-10,Colombia,Uruguay 0.0-1.0 Colombia,Derrota,Otro / revisar
Uruguay,2024-07-13,Canada,Canada 2.0-2.0 Uruguay,Empate,Otro / revisar
Uruguay,2024-09-01,Guatemala,Guatemala 1.0-1.0 Uruguay,Empate,Amistoso
Uruguay,2024-09-06,Paraguay,Uruguay 0.0-0.0 Paraguay,Empate,Oficial (torneo)
Uruguay,2024-09-10,Venezuela,Venezuela 0.0-0.0 Uruguay,Empate,Oficial (torneo)
Uruguay,2024-10-11,Peru,Peru 1.0-0.0 Uruguay,Derrota,Oficial (torneo)
Uruguay,2024-10-15,Ecuador,Uruguay 0.0-0.0 Ecuador,Empate,Oficial (torneo)
Uruguay,2024-11-15,Colombia,Uruguay 3.0-2.0 Colombia,Victoria,Oficial (torneo)
Uruguay,2024-11-19,Brazil,Brazil 1.0-1.0 Uruguay,Empate,Oficial (torneo)
Uruguay,2025-03-21,Argentina,Uruguay 0.0-1.0 Argentina,Derrota,Oficial (torneo)
Uruguay,2025-03-25,Bolivia,Bolivia 0.0-0.0 Uruguay,Empate,Oficial (torneo)
Uruguay,2025-06-05,Paraguay,Paraguay 2.0-0.0 Uruguay,Derrota,Oficial (torneo)
Uruguay,2025-06-10,Venezuela,Uruguay 2.0-0.0 Venezuela,Victoria,Oficial (torneo)
Uruguay,2025-09-04,Peru,Uruguay 3.0-0.0 Peru,Victoria,Oficial (torneo)
Uruguay,2025-09-09,Chile,Chile 0.0-0.0 Uruguay,Empate,Oficial (torneo)
Uruguay,2025-10-10,Dominican Republic,Uruguay 1.0-0.0 Dominican Republic,Victoria,Amistoso
Uruguay,2025-10-13,Uzbekistan,Uzbekistan 1.0-2.0 Uruguay,Victoria,Amistoso
Uruguay,2025-11-15,Mexico,Mexico 0.0-0.0 Uruguay,Empate,Amistoso
Uruguay,2025-11-18,United States,United States 5.0-1.0 Uruguay,Derrota,Amistoso
Uruguay,2026-03-27,England,England 1.0-1.0 Uruguay,Empate,Amistoso
Uruguay,2026-03-31,Algeria,Algeria 0.0-0.0 Uruguay,Empate,Amistoso
Uzbekistan,2016-02-14,Lebanon,Uzbekistan 2.0-0.0 Lebanon,Victoria,Amistoso
Uzbekistan,2016-03-24,Philippines,Uzbekistan 1.0-0.0 Philippines,Victoria,Oficial (torneo)
Uzbekistan,2016-03-29,Bahrain,Uzbekistan 1.0-0.0 Bahrain,Victoria,Oficial (torneo)
Uzbekistan,2016-06-07,Canada,Canada 2.0-1.0 Uzbekistan,Derrota,Amistoso
Uzbekistan,2016-07-24,Iraq,Uzbekistan 2.0-1.0 Iraq,Victoria,Amistoso
Uzbekistan,2016-08-24,Burkina Faso,Uzbekistan 1.0-0.0 Burkina Faso,Victoria,Amistoso
Uzbekistan,2016-09-01,Syria,Uzbekistan 1.0-0.0 Syria,Victoria,Oficial (torneo)
Uzbekistan,2016-09-06,Qatar,Qatar 0.0-1.0 Uzbekistan,Victoria,Oficial (torneo)
Uzbekistan,2016-10-06,Iran,Uzbekistan 0.0-1.0 Iran,Derrota,Oficial (torneo)
Uzbekistan,2016-10-11,China,Uzbekistan 2.0-0.0 China,Victoria,Oficial (torneo)
Uzbekistan,2016-11-10,Jordan,Uzbekistan 1.0-0.0 Jordan,Victoria,Amistoso
Uzbekistan,2016-11-15,South Korea,South Korea 2.0-1.0 Uzbekistan,Derrota,Oficial (torneo)
Uzbekistan,2017-01-23,Georgia,Uzbekistan 2.0-2.0 Georgia,Empate,Amistoso
Uzbekistan,2017-03-23,Syria,Syria 1.0-0.0 Uzbekistan,Derrota,Oficial (torneo)
Uzbekistan,2017-03-28,Qatar,Uzbekistan 1.0-0.0 Qatar,Victoria,Oficial (torneo)
Uzbekistan,2017-06-06,Thailand,Uzbekistan 2.0-0.0 Thailand,Victoria,Amistoso
Uzbekistan,2017-06-12,Iran,Iran 2.0-0.0 Uzbekistan,Derrota,Oficial (torneo)
Uzbekistan,2017-08-31,China,China 1.0-0.0 Uzbekistan,Derrota,Oficial (torneo)
Uzbekistan,2017-09-05,South Korea,Uzbekistan 0.0-0.0 South Korea,Empate,Oficial (torneo)
Uzbekistan,2017-11-14,United Arab Emirates,United Arab Emirates 1.0-0.0 Uzbekistan,Derrota,Amistoso
Uzbekistan,2018-03-23,Senegal,Senegal 1.0-1.0 Uzbekistan,Empate,Amistoso
Uzbekistan,2018-03-27,Morocco,Morocco 2.0-0.0 Uzbekistan,Derrota,Amistoso
Uzbekistan,2018-05-19,Iran,Iran 1.0-0.0 Uzbekistan,Derrota,Amistoso
Uzbekistan,2018-06-07,Uruguay,Uruguay 3.0-0.0 Uzbekistan,Derrota,Amistoso
Uzbekistan,2018-09-06,Syria,Uzbekistan 1.0-1.0 Syria,Empate,Amistoso
Uzbekistan,2018-09-11,Iran,Uzbekistan 0.0-1.0 Iran,Derrota,Amistoso
Uzbekistan,2018-10-13,North Korea,Uzbekistan 2.0-0.0 North Korea,Victoria,Amistoso
Uzbekistan,2018-10-16,Qatar,Uzbekistan 2.0-0.0 Qatar,Victoria,Amistoso
Uzbekistan,2018-11-15,Lebanon,Uzbekistan 0.0-0.0 Lebanon,Empate,Amistoso
Uzbekistan,2018-11-20,South Korea,South Korea 4.0-0.0 Uzbekistan,Derrota,Amistoso
Uzbekistan,2019-01-09,Oman,Uzbekistan 2.0-1.0 Oman,Victoria,Oficial (torneo)
Uzbekistan,2019-01-13,Turkmenistan,Turkmenistan 0.0-4.0 Uzbekistan,Victoria,Oficial (torneo)
Uzbekistan,2019-01-17,Japan,Japan 2.0-1.0 Uzbekistan,Derrota,Oficial (torneo)
Uzbekistan,2019-01-21,Australia,Australia 0.0-0.0 Uzbekistan,Empate,Oficial (torneo)
Uzbekistan,2019-06-02,Turkey,Turkey 2.0-0.0 Uzbekistan,Derrota,Amistoso
Uzbekistan,2019-06-07,North Korea,Uzbekistan 4.0-0.0 North Korea,Victoria,Amistoso
Uzbekistan,2019-06-11,Syria,Uzbekistan 2.0-0.0 Syria,Victoria,Amistoso
Uzbekistan,2019-09-05,Palestine,Palestine 2.0-0.0 Uzbekistan,Derrota,Oficial (torneo)
Uzbekistan,2019-09-09,Iraq,Iraq 0.0-0.0 Uzbekistan,Empate,Amistoso
Uzbekistan,2019-10-10,Yemen,Uzbekistan 5.0-0.0 Yemen,Victoria,Oficial (torneo)
Uzbekistan,2019-10-15,Singapore,Singapore 1.0-3.0 Uzbekistan,Victoria,Oficial (torneo)
Uzbekistan,2019-11-09,Kyrgyzstan,Uzbekistan 3.0-1.0 Kyrgyzstan,Victoria,Amistoso
Uzbekistan,2019-11-14,Saudi Arabia,Uzbekistan 2.0-3.0 Saudi Arabia,Derrota,Oficial (torneo)
Uzbekistan,2019-11-19,Palestine,Uzbekistan 2.0-0.0 Palestine,Victoria,Oficial (torneo)
Uzbekistan,2020-10-08,Iran,Uzbekistan 1.0-2.0 Iran,Derrota,Amistoso
Uzbekistan,2020-10-12,United Arab Emirates,United Arab Emirates 1.0-2.0 Uzbekistan,Victoria,Amistoso
Uzbekistan,2020-11-12,Syria,Uzbekistan 0.0-1.0 Syria,Derrota,Amistoso
Uzbekistan,2020-11-17,Iraq,Uzbekistan 1.0-2.0 Iraq,Derrota,Amistoso
Uzbekistan,2021-02-15,Jordan,Jordan 0.0-2.0 Uzbekistan,Victoria,Amistoso
Uzbekistan,2021-03-29,Iraq,Uzbekistan 0.0-1.0 Iraq,Derrota,Amistoso
Uzbekistan,2021-06-07,Singapore,Uzbekistan 5.0-0.0 Singapore,Victoria,Oficial (torneo)
Uzbekistan,2021-06-11,Yemen,Yemen 0.0-1.0 Uzbekistan,Victoria,Oficial (torneo)
Uzbekistan,2021-06-15,Saudi Arabia,Saudi Arabia 3.0-0.0 Uzbekistan,Derrota,Oficial (torneo)
Uzbekistan,2021-09-05,Sweden,Sweden 2.0-1.0 Uzbekistan,Derrota,Amistoso
Uzbekistan,2021-10-09,Malaysia,Uzbekistan 5.0-1.0 Malaysia,Victoria,Amistoso
Uzbekistan,2021-10-12,Jordan,Jordan 3.0-0.0 Uzbekistan,Derrota,Amistoso
Uzbekistan,2021-11-15,Georgia,Georgia 1.0-0.0 Uzbekistan,Derrota,Amistoso
Uzbekistan,2022-01-27,South Sudan,Uzbekistan 3.0-0.0 South Sudan,Victoria,Amistoso
Uzbekistan,2022-03-25,Kyrgyzstan,Uzbekistan 3.0-1.0 Kyrgyzstan,Victoria,Otro / revisar
Uzbekistan,2022-03-29,Uganda,Uzbekistan 4.0-2.0 Uganda,Victoria,Otro / revisar
Uzbekistan,2022-06-08,Sri Lanka,Uzbekistan 3.0-0.0 Sri Lanka,Victoria,Oficial (torneo)
Uzbekistan,2022-06-11,Maldives,Uzbekistan 4.0-0.0 Maldives,Victoria,Oficial (torneo)
Uzbekistan,2022-06-14,Thailand,Uzbekistan 2.0-0.0 Thailand,Victoria,Oficial (torneo)
Uzbekistan,2022-09-23,Cameroon,Cameroon 0.0-2.0 Uzbekistan,Victoria,Amistoso
Uzbekistan,2022-09-27,Costa Rica,Costa Rica 2.0-1.0 Uzbekistan,Derrota,Amistoso
Uzbekistan,2022-11-16,Kazakhstan,Uzbekistan 2.0-0.0 Kazakhstan,Victoria,Amistoso
Uzbekistan,2022-11-20,Russia,Uzbekistan 0.0-0.0 Russia,Empate,Amistoso
Uzbekistan,2023-03-24,Bolivia,Uzbekistan 1.0-0.0 Bolivia,Victoria,Amistoso
Uzbekistan,2023-03-28,Venezuela,Uzbekistan 1.0-1.0 Venezuela,Empate,Amistoso
Uzbekistan,2023-06-11,Oman,Uzbekistan 3.0-0.0 Oman,Victoria,Otro / revisar
Uzbekistan,2023-06-14,Turkmenistan,Uzbekistan 2.0-0.0 Turkmenistan,Victoria,Otro / revisar
Uzbekistan,2023-06-17,Tajikistan,Uzbekistan 5.0-1.0 Tajikistan,Victoria,Otro / revisar
Uzbekistan,2023-06-20,Iran,Uzbekistan 0.0-1.0 Iran,Derrota,Otro / revisar
Uzbekistan,2023-09-09,United States,United States 3.0-0.0 Uzbekistan,Derrota,Amistoso
Uzbekistan,2023-09-12,Mexico,Mexico 3.0-3.0 Uzbekistan,Empate,Amistoso
Uzbekistan,2023-10-13,Vietnam,Vietnam 0.0-2.0 Uzbekistan,Victoria,Amistoso
Uzbekistan,2023-10-16,China,China 1.0-2.0 Uzbekistan,Victoria,Amistoso
Uzbekistan,2023-11-16,Turkmenistan,Turkmenistan 1.0-3.0 Uzbekistan,Victoria,Oficial (torneo)
Uzbekistan,2023-11-21,Iran,Uzbekistan 2.0-2.0 Iran,Empate,Oficial (torneo)
Uzbekistan,2024-01-07,Palestine,Uzbekistan 1.0-0.0 Palestine,Victoria,Amistoso
Uzbekistan,2024-01-13,Syria,Uzbekistan 0.0-0.0 Syria,Empate,Oficial (torneo)
Uzbekistan,2024-01-18,India,India 0.0-3.0 Uzbekistan,Victoria,Oficial (torneo)
Uzbekistan,2024-01-23,Australia,Australia 1.0-1.0 Uzbekistan,Empate,Oficial (torneo)
Uzbekistan,2024-01-30,Thailand,Uzbekistan 2.0-1.0 Thailand,Victoria,Oficial (torneo)
Uzbekistan,2024-02-03,Qatar,Qatar 1.0-1.0 Uzbekistan,Empate,Oficial (torneo)
Uzbekistan,2024-03-21,Hong Kong,Hong Kong 0.0-2.0 Uzbekistan,Victoria,Oficial (torneo)
Uzbekistan,2024-03-26,Hong Kong,Uzbekistan 3.0-0.0 Hong Kong,Victoria,Oficial (torneo)
Uzbekistan,2024-06-06,Turkmenistan,Uzbekistan 3.0-1.0 Turkmenistan,Victoria,Oficial (torneo)
Uzbekistan,2024-06-11,Iran,Iran 0.0-0.0 Uzbekistan,Empate,Oficial (torneo)
Uzbekistan,2024-09-05,North Korea,Uzbekistan 1.0-0.0 North Korea,Victoria,Oficial (torneo)
Uzbekistan,2024-09-10,Kyrgyzstan,Kyrgyzstan 2.0-3.0 Uzbekistan,Victoria,Oficial (torneo)
Uzbekistan,2024-10-10,Iran,Uzbekistan 0.0-0.0 Iran,Empate,Oficial (torneo)
Uzbekistan,2024-10-15,United Arab Emirates,Uzbekistan 1.0-0.0 United Arab Emirates,Victoria,Oficial (torneo)
Uzbekistan,2024-11-14,Qatar,Qatar 3.0-2.0 Uzbekistan,Derrota,Oficial (torneo)
Uzbekistan,2024-11-19,North Korea,North Korea 0.0-1.0 Uzbekistan,Victoria,Oficial (torneo)
Uzbekistan,2025-01-22,Jordan,Uzbekistan 0.0-0.0 Jordan,Empate,Amistoso
Uzbekistan,2025-03-20,Kyrgyzstan,Uzbekistan 1.0-0.0 Kyrgyzstan,Victoria,Oficial (torneo)
Uzbekistan,2025-03-25,Iran,Iran 2.0-2.0 Uzbekistan,Empate,Oficial (torneo)
Uzbekistan,2025-06-05,United Arab Emirates,United Arab Emirates 0.0-0.0 Uzbekistan,Empate,Oficial (torneo)
Uzbekistan,2025-06-10,Qatar,Uzbekistan 3.0-0.0 Qatar,Victoria,Oficial (torneo)
Uzbekistan,2025-10-10,Kuwait,Uzbekistan 2.0-0.0 Kuwait,Victoria,Amistoso
Uzbekistan,2025-10-13,Uruguay,Uzbekistan 1.0-2.0 Uruguay,Derrota,Amistoso
Uzbekistan,2025-11-14,Egypt,Uzbekistan 2.0-0.0 Egypt,Victoria,Otro / revisar
Uzbekistan,2025-11-18,Iran,Iran 0.0-0.0 Uzbekistan,Empate,Otro / revisar
Uzbekistan,2026-01-26,China,Uzbekistan 2.0-2.0 China,Empate,Amistoso
Uzbekistan,2026-03-27,Gabon,Uzbekistan 3.0-1.0 Gabon,Victoria,Otro / revisar
Uzbekistan,2026-03-30,Venezuela,Uzbekistan 0.0-0.0 Venezuela,Empate,Otro / revisar
Uzbekistan,2026-06-01,Canada,Canada 2.0-0.0 Uzbekistan,Derrota,Amistoso
Uzbekistan,2026-06-08,Netherlands,Netherlands 2.0-1.0 Uzbekistan,Derrota,Amistoso
